eNodeB Name,4G Payload (GB) [sum],DL PRB Usage(%) [mean],Average Users [sum],eNodeB Name [list],eNodeB Name [count],eNodeB Name [nunique],Cell Name [list],Cell Name [count],Cell Name [nunique]
0_0LT001,471.78516,54.17537,1195.9495,['0_0LT001'],48,1,['VAQPOB1' 'VAQPOB2'],48,2
0_1LT001,1452.793,52.0344,3429.4375,['0_1LT001'],144,1,['OLP3QA1' 'OLP3QB1' 'OLP3QA2' 'OLP3QB2' 'OLP3QA3' 'OLP3QB3'],144,6
0_2LT001,1413.6929,48.605556,4086.415,['0_2LT001'],144,1,['L9OQAA1' 'L9OQAB1' 'L9OQAA2' 'L9OQAB2' 'L9OQAA3' 'L9OQAB3'],144,6
1_0LT001,2299.948,48.30704,5025.7275,['1_0LT001'],216,1,"['9AG1QA1' '9AG1QB1' '9AG1QD1' '9AG1QA2' '9AG1QB2' '9AG1QD2' '9AG1QA3'
 '9AG1QB3' '9AG1QD3']",216,9
1_1LT001,2221.86,47.050438,5466.855,['1_1LT001'],216,1,"['PO19VA1' 'PO19VB1' 'PO19VD1' 'PO19VA2' 'PO19VB2' 'PO19VD2' 'PO19VA3'
 'PO19VB3' 'PO19VD3']",216,9
1_2LT001,1473.8347,45.26336,3707.3003,['1_2LT001'],144,1,['POV39A1' 'POV39B1' 'POV39A2' 'POV39B2' 'POV39A3' 'POV39B3'],144,6
2_0LT001,2213.7546,50.61142,5560.955,['2_0LT001'],216,1,"['L9AVGA1' 'L9AVGB1' 'L9AVGD1' 'L9AVGA2' 'L9AVGB2' 'L9AVGD2' 'L9AVGA3'
 'L9AVGB3' 'L9AVGD3']",216,9
2_1LT001,992.6666,52.31341,2645.7634,['2_1LT001'],96,1,['VOQG3B1' 'VOQG3D1' 'VOQG3B2' 'VOQG3D2'],96,4
2_2LT001,546.71014,58.809353,1344.9252,['2_2LT001'],48,1,['O3GPLB1' 'O3GPLB2'],48,2
2_3LT001,2118.4731,51.697536,5487.503,['2_3LT001'],216,1,"['AG31VA1' 'AG31VB1' 'AG31VD1' 'AG31VA2' 'AG31VB2' 'AG31VD2' 'AG31VA3'
 'AG31VB3' 'AG31VD3']",216,9
3_0LT001,1320.2125,52.742332,3351.4346,['3_0LT001'],144,1,['13AVPA1' '13AVPB1' '13AVPA2' '13AVPB2' '13AVPA3' '13AVPB3'],144,6
3_1LT001,2182.1042,49.49798,5448.1646,['3_1LT001'],216,1,"['P19VOA1' 'P19VOB1' 'P19VOC1' 'P19VOA2' 'P19VOB2' 'P19VOC2' 'P19VOA3'
 'P19VOB3' 'P19VOC3']",216,9
4_0LT001,2153.1772,48.408443,5394.4956,['4_0LT001'],216,1,"['3GLPQA1' '3GLPQB1' '3GLPQD1' '3GLPQA2' '3GLPQB2' '3GLPQD2' '3GLPQA3'
 '3GLPQB3' '3GLPQD3']",216,9
4_1LT001,525.8524,40.55255,1205.3542,['4_1LT001'],48,1,['QA9O3B1' 'QA9O3B2'],48,2
5_0LT001,1425.7043,50.608505,3371.6392,['5_0LT001'],144,1,['VQA1PA1' 'VQA1PB1' 'VQA1PA2' 'VQA1PB2' 'VQA1PA3' 'VQA1PB3'],144,6
5_1LT001,2149.801,47.94272,5174.361,['5_1LT001'],216,1,"['3O9PVA1' '3O9PVB1' '3O9PVD1' '3O9PVA2' '3O9PVB2' '3O9PVD2' '3O9PVA3'
 '3O9PVB3' '3O9PVD3']",216,9
5_2LT001,2196.3408,47.056244,5529.6006,['5_2LT001'],216,1,"['Q1VO3A1' 'Q1VO3B1' 'Q1VO3D1' 'Q1VO3A2' 'Q1VO3B2' 'Q1VO3D2' 'Q1VO3A3'
 'Q1VO3B3' 'Q1VO3D3']",216,9
6_0LT001,2276.0415,49.62702,5589.3677,['6_0LT001'],216,1,"['19OPLA1' '19OPLB1' '19OPLD1' '19OPLA2' '19OPLB2' '19OPLD2' '19OPLA3'
 '19OPLB3' '19OPLD3']",216,9
6_1LT001,1349.2474,47.158875,3356.9111,['6_1LT001'],144,1,['Q193AA1' 'Q193AB1' 'Q193AA2' 'Q193AB2' 'Q193AA3' 'Q193AB3'],144,6
6_2LT001,2519.576,50.76701,5683.1655,['6_2LT001'],240,1,"['AL1P3B1' 'AL1P3C1' 'AL1P3B2' 'AL1P3C2' 'AL1P3B3' 'AL1P3C3' 'AL1P3B4'
 'AL1P3C4' 'AL1P3B5' 'AL1P3C5']",240,10
7_0LT001,463.22763,53.42847,1333.5566,['7_0LT001'],48,1,['VG3POB1' 'VG3POB2'],48,2
7_1LT001,2086.669,51.2607,4964.9097,['7_1LT001'],216,1,"['9OA1GA1' '9OA1GB1' '9OA1GD1' '9OA1GA2' '9OA1GB2' '9OA1GD2' '9OA1GA3'
 '9OA1GB3' '9OA1GD3']",216,9
7_2LT001,2172.6345,47.881184,5298.2217,['7_2LT001'],216,1,"['1Q9P3A1' '1Q9P3B1' '1Q9P3D1' '1Q9P3A2' '1Q9P3B2' '1Q9P3D2' '1Q9P3A3'
 '1Q9P3B3' '1Q9P3D3']",216,9
7_3LT001,1401.7004,52.714535,3614.96,['7_3LT001'],144,1,['Q3GA1A1' 'Q3GA1B1' 'Q3GA1A2' 'Q3GA1B2' 'Q3GA1A3' 'Q3GA1B3'],144,6
8_0LT001,456.4636,49.15241,1168.9625,['8_0LT001'],48,1,['OPL3GB1' 'OPL3GB2'],48,2
8_1LT001,2270.1519,50.471115,5624.6274,['8_1LT001'],216,1,"['QVL39A1' 'QVL39B1' 'QVL39C1' 'QVL39A2' 'QVL39B2' 'QVL39C2' 'QVL39A3'
 'QVL39B3' 'QVL39C3']",216,9
9_0LT001,2155.4072,48.207993,5329.2793,['9_0LT001'],216,1,"['QV91AA1' 'QV91AB1' 'QV91AC1' 'QV91AA2' 'QV91AB2' 'QV91AC2' 'QV91AA3'
 'QV91AB3' 'QV91AC3']",216,9
9_1LT001,2162.9463,48.98277,5843.9956,['9_1LT001'],216,1,"['OGV9QA1' 'OGV9QB1' 'OGV9QC1' 'OGV9QA2' 'OGV9QB2' 'OGV9QC2' 'OGV9QA3'
 'OGV9QB3' 'OGV9QC3']",216,9
10_0LT001,1125.8273,50.345303,2345.596,['10_0LT001'],96,1,['AGVQ3B1' 'AGVQ3D1' 'AGVQ3B2' 'AGVQ3D2'],96,4
10_1LT001,2101.8367,50.79378,5294.1553,['10_1LT001'],216,1,"['QGP3OA1' 'QGP3OB1' 'QGP3OC1' 'QGP3OA2' 'QGP3OB2' 'QGP3OC2' 'QGP3OA3'
 'QGP3OB3' 'QGP3OC3']",216,9
10_2LT001,2088.3665,52.148323,5158.5957,['10_2LT001'],216,1,"['O1VP9A1' 'O1VP9B1' 'O1VP9C1' 'O1VP9A2' 'O1VP9B2' 'O1VP9C2' 'O1VP9A3'
 'O1VP9B3' 'O1VP9C3']",216,9
11_0LT001,2276.996,49.638092,5052.145,['11_0LT001'],216,1,"['91OA3A1' '91OA3B1' '91OA3C1' '91OA3A2' '91OA3B2' '91OA3C2' '91OA3A3'
 '91OA3B3' '91OA3C3']",216,9
11_1LT001,2270.6143,50.173958,5212.6714,['11_1LT001'],216,1,"['LA9P1A1' 'LA9P1B1' 'LA9P1C1' 'LA9P1A2' 'LA9P1B2' 'LA9P1C2' 'LA9P1A3'
 'LA9P1B3' 'LA9P1C3']",216,9
11_2LT001,2179.2622,49.518818,5480.224,['11_2LT001'],216,1,"['O3G1QA1' 'O3G1QB1' 'O3G1QC1' 'O3G1QA2' 'O3G1QB2' 'O3G1QC2' 'O3G1QA3'
 'O3G1QB3' 'O3G1QC3']",216,9
12_0LT001,999.9916,54.073013,2462.2327,['12_0LT001'],96,1,['PL93OB1' 'PL93OD1' 'PL93OB2' 'PL93OD2'],96,4
12_1LT001,2415.734,50.60247,5860.256,['12_1LT001'],240,1,"['O1PA9B1' 'O1PA9D1' 'O1PA9B2' 'O1PA9D2' 'O1PA9B3' 'O1PA9D3' 'O1PA9B4'
 'O1PA9D4' 'O1PA9B5' 'O1PA9D5']",240,10
13_0LT001,2091.066,46.8408,4968.1714,['13_0LT001'],216,1,"['GAP9QA1' 'GAP9QB1' 'GAP9QD1' 'GAP9QA2' 'GAP9QB2' 'GAP9QD2' 'GAP9QA3'
 'GAP9QB3' 'GAP9QD3']",216,9
13_1LT001,941.5744,54.53862,2320.249,['13_1LT001'],96,1,['9V3OAB1' '9V3OAD1' '9V3OAB2' '9V3OAD2'],96,4
14_0LT001,880.2696,47.447033,2387.8604,['14_0LT001'],96,1,['GOV3LB1' 'GOV3LD1' 'GOV3LB2' 'GOV3LD2'],96,4
14_1LT001,1390.6592,47.424747,3587.4185,['14_1LT001'],144,1,['QAGP3A1' 'QAGP3B1' 'QAGP3A2' 'QAGP3B2' 'QAGP3A3' 'QAGP3B3'],144,6
14_2LT001,2323.4912,51.011536,6007.6323,['14_2LT001'],240,1,"['O1AQLB1' 'O1AQLC1' 'O1AQLB2' 'O1AQLC2' 'O1AQLB3' 'O1AQLC3' 'O1AQLB4'
 'O1AQLC4' 'O1AQLB5' 'O1AQLC5']",240,10
14_3LT001,1207.0466,52.755066,2949.3252,['14_3LT001'],120,1,['1L3O9B1' '1L3O9B2' '1L3O9B3' '1L3O9B4' '1L3O9B5'],120,5
15_0LT001,2192.79,51.5148,5265.8687,['15_0LT001'],216,1,"['GAQOPA1' 'GAQOPB1' 'GAQOPD1' 'GAQOPA2' 'GAQOPB2' 'GAQOPD2' 'GAQOPA3'
 'GAQOPB3' 'GAQOPD3']",216,9
15_1LT001,897.7009,50.12679,2497.888,['15_1LT001'],96,1,['GLPV1B1' 'GLPV1D1' 'GLPV1B2' 'GLPV1D2'],96,4
15_2LT001,857.56256,51.805008,2387.4958,['15_2LT001'],96,1,['9O1P3B1' '9O1P3D1' '9O1P3B2' '9O1P3D2'],96,4
16_0LT001,2160.6365,53.890118,5330.494,['16_0LT001'],216,1,"['1LAG9A1' '1LAG9B1' '1LAG9C1' '1LAG9A2' '1LAG9B2' '1LAG9C2' '1LAG9A3'
 '1LAG9B3' '1LAG9C3']",216,9
16_1LT001,2248.3792,50.515873,5236.1724,['16_1LT001'],216,1,"['GP3AVA1' 'GP3AVB1' 'GP3AVD1' 'GP3AVA2' 'GP3AVB2' 'GP3AVD2' 'GP3AVA3'
 'GP3AVB3' 'GP3AVD3']",216,9
16_2LT001,1049.8241,48.02438,2166.1523,['16_2LT001'],96,1,['QV9GLB1' 'QV9GLD1' 'QV9GLB2' 'QV9GLD2'],96,4
16_3LT001,2038.1357,51.97878,5553.24,['16_3LT001'],216,1,"['PO1L9A1' 'PO1L9B1' 'PO1L9C1' 'PO1L9A2' 'PO1L9B2' 'PO1L9C2' 'PO1L9A3'
 'PO1L9B3' 'PO1L9C3']",216,9
17_0LT001,885.6682,50.752396,2276.2485,['17_0LT001'],96,1,['P3AGVB1' 'P3AGVD1' 'P3AGVB2' 'P3AGVD2'],96,4
17_1LT001,2145.2905,52.417545,5689.7256,['17_1LT001'],216,1,"['O3PAGA1' 'O3PAGB1' 'O3PAGD1' 'O3PAGA2' 'O3PAGB2' 'O3PAGD2' 'O3PAGA3'
 'O3PAGB3' 'O3PAGD3']",216,9
17_2LT001,2202.282,47.171165,5565.336,['17_2LT001'],216,1,"['19AVLA1' '19AVLB1' '19AVLC1' '19AVLA2' '19AVLB2' '19AVLC2' '19AVLA3'
 '19AVLB3' '19AVLC3']",216,9
17_3LT001,1490.8529,47.43879,3704.2937,['17_3LT001'],144,1,['1VP9AA1' '1VP9AB1' '1VP9AA2' '1VP9AB2' '1VP9AA3' '1VP9AB3'],144,6
18_0LT001,2129.6484,49.09492,5481.7266,['18_0LT001'],216,1,"['LOVAGA1' 'LOVAGB1' 'LOVAGD1' 'LOVAGA2' 'LOVAGB2' 'LOVAGD2' 'LOVAGA3'
 'LOVAGB3' 'LOVAGD3']",216,9
18_1LT001,2228.617,50.5987,5188.1704,['18_1LT001'],216,1,"['LV9Q3A1' 'LV9Q3B1' 'LV9Q3D1' 'LV9Q3A2' 'LV9Q3B2' 'LV9Q3D2' 'LV9Q3A3'
 'LV9Q3B3' 'LV9Q3D3']",216,9
18_2LT001,504.9553,49.5268,1266.2485,['18_2LT001'],48,1,['9OVQAB1' '9OVQAB2'],48,2
18_3LT001,2197.5535,48.324123,5370.9478,['18_3LT001'],216,1,"['AV3QPA1' 'AV3QPB1' 'AV3QPD1' 'AV3QPA2' 'AV3QPB2' 'AV3QPD2' 'AV3QPA3'
 'AV3QPB3' 'AV3QPD3']",216,9
19_0LT001,931.23865,49.719467,2488.077,['19_0LT001'],96,1,['1A93QB1' '1A93QD1' '1A93QB2' '1A93QD2'],96,4
19_1LT001,462.12915,51.679897,1070.5114,['19_1LT001'],48,1,['1GOAVB1' '1GOAVB2'],48,2
20_0LT001,2144.626,48.4455,5506.4814,['20_0LT001'],216,1,"['P1QOGA1' 'P1QOGB1' 'P1QOGD1' 'P1QOGA2' 'P1QOGB2' 'P1QOGD2' 'P1QOGA3'
 'P1QOGB3' 'P1QOGD3']",216,9
20_1LT001,961.09784,49.918865,2503.9624,['20_1LT001'],96,1,['G1QVLB1' 'G1QVLD1' 'G1QVLB2' 'G1QVLD2'],96,4
20_2LT001,2134.822,51.342983,5648.839,['20_2LT001'],216,1,"['9VLAOA1' '9VLAOB1' '9VLAOC1' '9VLAOA2' '9VLAOB2' '9VLAOC2' '9VLAOA3'
 '9VLAOB3' '9VLAOC3']",216,9
20_3LT001,1356.5519,51.079266,3814.7256,['20_3LT001'],144,1,['9APOQA1' '9APOQB1' '9APOQA2' '9APOQB2' '9APOQA3' '9APOQB3'],144,6
21_0LT001,1972.2816,47.779697,5216.9624,['21_0LT001'],216,1,"['V1G9AA1' 'V1G9AB1' 'V1G9AD1' 'V1G9AA2' 'V1G9AB2' 'V1G9AD2' 'V1G9AA3'
 'V1G9AB3' 'V1G9AD3']",216,9
21_1LT001,1989.946,51.22143,4965.248,['21_1LT001'],216,1,"['3GLPOA1' '3GLPOB1' '3GLPOD1' '3GLPOA2' '3GLPOB2' '3GLPOD2' '3GLPOA3'
 '3GLPOB3' '3GLPOD3']",216,9
22_0LT001,2166.185,51.38454,5338.554,['22_0LT001'],216,1,"['1G3QOA1' '1G3QOB1' '1G3QOC1' '1G3QOA2' '1G3QOB2' '1G3QOC2' '1G3QOA3'
 '1G3QOB3' '1G3QOC3']",216,9
22_1LT001,1527.2328,51.673,3725.9006,['22_1LT001'],144,1,['QOAVPA1' 'QOAVPB1' 'QOAVPA2' 'QOAVPB2' 'QOAVPA3' 'QOAVPB3'],144,6
22_2LT001,962.85864,46.263245,2412.8118,['22_2LT001'],96,1,['P3QOGB1' 'P3QOGD1' 'P3QOGB2' 'P3QOGD2'],96,4
22_3LT001,2364.7534,47.745308,6056.325,['22_3LT001'],240,1,"['9L3PAB1' '9L3PAC1' '9L3PAB2' '9L3PAC2' '9L3PAB3' '9L3PAC3' '9L3PAB4'
 '9L3PAC4' '9L3PAB5' '9L3PAC5']",240,10
23_0LT001,509.26184,51.13588,1240.7073,['23_0LT001'],48,1,['G9QO1B1' 'G9QO1B2'],48,2
23_1LT001,2472.6035,49.742245,5721.4097,['23_1LT001'],240,1,"['1OVGAB1' '1OVGAC1' '1OVGAB2' '1OVGAC2' '1OVGAB3' '1OVGAC3' '1OVGAB4'
 '1OVGAC4' '1OVGAB5' '1OVGAC5']",240,10
24_0LT001,482.49988,55.2001,1204.815,['24_0LT001'],48,1,['3QOAPB1' '3QOAPB2'],48,2
24_1LT001,2197.3462,52.82022,4976.0884,['24_1LT001'],216,1,"['3L9OQA1' '3L9OQB1' '3L9OQD1' '3L9OQA2' '3L9OQB2' '3L9OQD2' '3L9OQA3'
 '3L9OQB3' '3L9OQD3']",216,9
25_0LT001,2037.684,50.50225,5432.2354,['25_0LT001'],216,1,"['QVGAPA1' 'QVGAPB1' 'QVGAPC1' 'QVGAPA2' 'QVGAPB2' 'QVGAPC2' 'QVGAPA3'
 'QVGAPB3' 'QVGAPC3']",216,9
25_1LT001,1300.5264,53.777786,3580.3733,['25_1LT001'],144,1,['1L3OAA1' '1L3OAB1' '1L3OAA2' '1L3OAB2' '1L3OAA3' '1L3OAB3'],144,6
25_2LT001,2272.2664,51.187725,5264.5938,['25_2LT001'],216,1,"['1GQLOA1' '1GQLOB1' '1GQLOD1' '1GQLOA2' '1GQLOB2' '1GQLOD2' '1GQLOA3'
 '1GQLOB3' '1GQLOD3']",216,9
25_3LT001,1537.5708,48.29237,3250.4849,['25_3LT001'],144,1,['9G3VQA1' '9G3VQB1' '9G3VQA2' '9G3VQB2' '9G3VQA3' '9G3VQB3'],144,6
26_0LT001,2224.7651,54.12658,5211.8184,['26_0LT001'],216,1,"['P9QA1A1' 'P9QA1B1' 'P9QA1D1' 'P9QA1A2' 'P9QA1B2' 'P9QA1D2' 'P9QA1A3'
 'P9QA1B3' 'P9QA1D3']",216,9
26_1LT001,451.15323,53.245396,1198.0668,['26_1LT001'],48,1,['VOLPQB1' 'VOLPQB2'],48,2
27_0LT001,2013.9719,51.740337,5479.6147,['27_0LT001'],216,1,"['1VPG9A1' '1VPG9B1' '1VPG9C1' '1VPG9A2' '1VPG9B2' '1VPG9C2' '1VPG9A3'
 '1VPG9B3' '1VPG9C3']",216,9
27_1LT001,2198.3645,49.475418,5538.909,['27_1LT001'],216,1,"['GALPVA1' 'GALPVB1' 'GALPVC1' 'GALPVA2' 'GALPVB2' 'GALPVC2' 'GALPVA3'
 'GALPVB3' 'GALPVC3']",216,9
27_2LT001,2223.7104,53.052742,5693.9062,['27_2LT001'],216,1,"['LQPG9A1' 'LQPG9B1' 'LQPG9D1' 'LQPG9A2' 'LQPG9B2' 'LQPG9D2' 'LQPG9A3'
 'LQPG9B3' 'LQPG9D3']",216,9
27_3LT001,2192.2427,51.006523,5168.597,['27_3LT001'],216,1,"['OLQPAA1' 'OLQPAB1' 'OLQPAD1' 'OLQPAA2' 'OLQPAB2' 'OLQPAD2' 'OLQPAA3'
 'OLQPAB3' 'OLQPAD3']",216,9
28_0LT001,2402.187,49.68625,5571.033,['28_0LT001'],216,1,"['OAVLPA1' 'OAVLPB1' 'OAVLPD1' 'OAVLPA2' 'OAVLPB2' 'OAVLPD2' 'OAVLPA3'
 'OAVLPB3' 'OAVLPD3']",216,9
28_1LT001,1439.756,52.40297,3668.9365,['28_1LT001'],144,1,['3P19VA1' '3P19VB1' '3P19VA2' '3P19VB2' '3P19VA3' '3P19VB3'],144,6
29_0LT001,1010.8132,46.304306,2517.988,['29_0LT001'],96,1,['91GVQB1' '91GVQD1' '91GVQB2' '91GVQD2'],96,4
29_1LT001,1407.3198,48.110672,3580.318,['29_1LT001'],144,1,['LPGAOA1' 'LPGAOB1' 'LPGAOA2' 'LPGAOB2' 'LPGAOA3' 'LPGAOB3'],144,6
29_2LT001,2147.9417,51.217655,5125.962,['29_2LT001'],216,1,"['13PLQA1' '13PLQB1' '13PLQC1' '13PLQA2' '13PLQB2' '13PLQC2' '13PLQA3'
 '13PLQB3' '13PLQC3']",216,9
29_3LT001,1980.7583,49.6337,5240.998,['29_3LT001'],216,1,"['LP3GOA1' 'LP3GOB1' 'LP3GOD1' 'LP3GOA2' 'LP3GOB2' 'LP3GOD2' 'LP3GOA3'
 'LP3GOB3' 'LP3GOD3']",216,9
30_0LT001,2266.5132,52.33515,5360.274,['30_0LT001'],216,1,"['V3GOLA1' 'V3GOLB1' 'V3GOLD1' 'V3GOLA2' 'V3GOLB2' 'V3GOLD2' 'V3GOLA3'
 'V3GOLB3' 'V3GOLD3']",216,9
30_1LT001,1442.8976,51.774937,3631.8635,['30_1LT001'],144,1,['OP1VAA1' 'OP1VAB1' 'OP1VAA2' 'OP1VAB2' 'OP1VAA3' 'OP1VAB3'],144,6
31_0LT001,2443.407,49.413006,6084.4873,['31_0LT001'],240,1,"['Q39LOB1' 'Q39LOC1' 'Q39LOB2' 'Q39LOC2' 'Q39LOB3' 'Q39LOC3' 'Q39LOB4'
 'Q39LOC4' 'Q39LOB5' 'Q39LOC5']",240,10
31_1LT001,2190.0413,50.72015,5373.206,['31_1LT001'],216,1,"['9AL31A1' '9AL31B1' '9AL31C1' '9AL31A2' '9AL31B2' '9AL31C2' '9AL31A3'
 '9AL31B3' '9AL31C3']",216,9
32_0LT001,435.80823,49.840897,1365.9109,['32_0LT001'],48,1,['OLP3GB1' 'OLP3GB2'],48,2
32_1LT001,2230.5159,50.234375,5526.1245,['32_1LT001'],216,1,"['Q9GV3A1' 'Q9GV3B1' 'Q9GV3C1' 'Q9GV3A2' 'Q9GV3B2' 'Q9GV3C2' 'Q9GV3A3'
 'Q9GV3B3' 'Q9GV3C3']",216,9
33_0LT001,2127.4775,53.83184,4962.662,['33_0LT001'],216,1,"['AO9QLA1' 'AO9QLB1' 'AO9QLC1' 'AO9QLA2' 'AO9QLB2' 'AO9QLC2' 'AO9QLA3'
 'AO9QLB3' 'AO9QLC3']",216,9
33_1LT001,2193.925,51.7627,5462.4507,['33_1LT001'],216,1,"['VAG3OA1' 'VAG3OB1' 'VAG3OC1' 'VAG3OA2' 'VAG3OB2' 'VAG3OC2' 'VAG3OA3'
 'VAG3OB3' 'VAG3OC3']",216,9
33_2LT001,2128.837,51.96374,5426.302,['33_2LT001'],216,1,"['AG391A1' 'AG391B1' 'AG391D1' 'AG391A2' 'AG391B2' 'AG391D2' 'AG391A3'
 'AG391B3' 'AG391D3']",216,9
33_3LT001,2088.738,47.901127,5460.922,['33_3LT001'],216,1,"['OQ1PGA1' 'OQ1PGB1' 'OQ1PGD1' 'OQ1PGA2' 'OQ1PGB2' 'OQ1PGD2' 'OQ1PGA3'
 'OQ1PGB3' 'OQ1PGD3']",216,9
34_0LT001,2024.47,50.867504,5366.399,['34_0LT001'],216,1,"['V3A1LA1' 'V3A1LB1' 'V3A1LC1' 'V3A1LA2' 'V3A1LB2' 'V3A1LC2' 'V3A1LA3'
 'V3A1LB3' 'V3A1LC3']",216,9
34_1LT001,1507.4377,52.173706,3320.8044,['34_1LT001'],144,1,['LAQO3A1' 'LAQO3B1' 'LAQO3A2' 'LAQO3B2' 'LAQO3A3' 'LAQO3B3'],144,6
34_2LT001,1555.6155,52.589256,3590.4258,['34_2LT001'],144,1,['O3VAGA1' 'O3VAGB1' 'O3VAGA2' 'O3VAGB2' 'O3VAGA3' 'O3VAGB3'],144,6
34_3LT001,506.1462,50.371616,1121.4131,['34_3LT001'],48,1,['3PV1LB1' '3PV1LB2'],48,2
35_0LT001,2158.1028,49.025127,5565.9697,['35_0LT001'],216,1,"['GO9PLA1' 'GO9PLB1' 'GO9PLC1' 'GO9PLA2' 'GO9PLB2' 'GO9PLC2' 'GO9PLA3'
 'GO9PLB3' 'GO9PLC3']",216,9
35_1LT001,1426.4114,49.287956,3396.0435,['35_1LT001'],144,1,['GOAP3A1' 'GOAP3B1' 'GOAP3A2' 'GOAP3B2' 'GOAP3A3' 'GOAP3B3'],144,6
36_0LT001,2079.014,49.657475,5316.614,['36_0LT001'],216,1,"['QOL3VA1' 'QOL3VB1' 'QOL3VC1' 'QOL3VA2' 'QOL3VB2' 'QOL3VC2' 'QOL3VA3'
 'QOL3VB3' 'QOL3VC3']",216,9
36_1LT001,2100.9956,49.115032,5242.964,['36_1LT001'],216,1,"['APV39A1' 'APV39B1' 'APV39C1' 'APV39A2' 'APV39B2' 'APV39C2' 'APV39A3'
 'APV39B3' 'APV39C3']",216,9
37_0LT001,2135.0806,53.195995,5386.5127,['37_0LT001'],216,1,"['GV3AQA1' 'GV3AQB1' 'GV3AQD1' 'GV3AQA2' 'GV3AQB2' 'GV3AQD2' 'GV3AQA3'
 'GV3AQB3' 'GV3AQD3']",216,9
37_1LT001,1434.3925,46.715218,3441.127,['37_1LT001'],144,1,['GOQ39A1' 'GOQ39B1' 'GOQ39A2' 'GOQ39B2' 'GOQ39A3' 'GOQ39B3'],144,6
37_2LT001,1031.861,49.710953,2278.3289,['37_2LT001'],96,1,['1AP3LB1' '1AP3LD1' '1AP3LB2' '1AP3LD2'],96,4
38_0LT001,537.56323,49.14948,1112.509,['38_0LT001'],48,1,['3VAP9B1' '3VAP9B2'],48,2
38_1LT001,1410.8077,54.201984,3734.4238,['38_1LT001'],144,1,['LO3V1A1' 'LO3V1B1' 'LO3V1A2' 'LO3V1B2' 'LO3V1A3' 'LO3V1B3'],144,6
38_2LT001,2030.5541,49.458,5558.8594,['38_2LT001'],216,1,"['9LG31A1' '9LG31B1' '9LG31C1' '9LG31A2' '9LG31B2' '9LG31C2' '9LG31A3'
 '9LG31B3' '9LG31C3']",216,9
38_3LT001,1424.0698,45.025166,3692.998,['38_3LT001'],144,1,['PQOVLA1' 'PQOVLB1' 'PQOVLA2' 'PQOVLB2' 'PQOVLA3' 'PQOVLB3'],144,6
39_0LT001,2203.6912,46.637478,5346.606,['39_0LT001'],216,1,"['3G9P1A1' '3G9P1B1' '3G9P1C1' '3G9P1A2' '3G9P1B2' '3G9P1C2' '3G9P1A3'
 '3G9P1B3' '3G9P1C3']",216,9
39_1LT001,494.23938,47.53424,1333.2672,['39_1LT001'],48,1,['1GLQPB1' '1GLQPB2'],48,2
40_0LT001,2086.9675,53.271217,5580.6255,['40_0LT001'],216,1,"['13ALVA1' '13ALVB1' '13ALVC1' '13ALVA2' '13ALVB2' '13ALVC2' '13ALVA3'
 '13ALVB3' '13ALVC3']",216,9
40_1LT001,2368.8638,52.52122,5802.518,['40_1LT001'],240,1,"['31V9OB1' '31V9OC1' '31V9OB2' '31V9OC2' '31V9OB3' '31V9OC3' '31V9OB4'
 '31V9OC4' '31V9OB5' '31V9OC5']",240,10
41_0LT001,2425.4863,49.34478,6180.4746,['41_0LT001'],240,1,"['OLAPQB1' 'OLAPQD1' 'OLAPQB2' 'OLAPQD2' 'OLAPQB3' 'OLAPQD3' 'OLAPQB4'
 'OLAPQD4' 'OLAPQB5' 'OLAPQD5']",240,10
41_1LT001,2040.1199,46.835445,5222.95,['41_1LT001'],216,1,"['POA19A1' 'POA19B1' 'POA19D1' 'POA19A2' 'POA19B2' 'POA19D2' 'POA19A3'
 'POA19B3' 'POA19D3']",216,9
41_2LT001,2108.6414,46.73466,5545.7197,['41_2LT001'],216,1,"['3AO1LA1' '3AO1LB1' '3AO1LD1' '3AO1LA2' '3AO1LB2' '3AO1LD2' '3AO1LA3'
 '3AO1LB3' '3AO1LD3']",216,9
42_0LT001,462.254,46.85812,1132.4587,['42_0LT001'],48,1,['9LA3OB1' '9LA3OB2'],48,2
42_1LT001,1379.418,50.367764,3543.139,['42_1LT001'],144,1,['V93OPA1' 'V93OPB1' 'V93OPA2' 'V93OPB2' 'V93OPA3' 'V93OPB3'],144,6
43_0LT001,1414.8921,54.865837,3537.7366,['43_0LT001'],144,1,['POLVAA1' 'POLVAB1' 'POLVAA2' 'POLVAB2' 'POLVAA3' 'POLVAB3'],144,6
43_1LT001,2260.1028,51.540707,5079.24,['43_1LT001'],216,1,"['O3GLAA1' 'O3GLAB1' 'O3GLAD1' 'O3GLAA2' 'O3GLAB2' 'O3GLAD2' 'O3GLAA3'
 'O3GLAB3' 'O3GLAD3']",216,9
43_2LT001,2134.429,51.47817,5572.7593,['43_2LT001'],216,1,"['LGVPQA1' 'LGVPQB1' 'LGVPQD1' 'LGVPQA2' 'LGVPQB2' 'LGVPQD2' 'LGVPQA3'
 'LGVPQB3' 'LGVPQD3']",216,9
44_0LT001,1398.4906,48.77263,3544.8835,['44_0LT001'],144,1,['A3GQPA1' 'A3GQPB1' 'A3GQPA2' 'A3GQPB2' 'A3GQPA3' 'A3GQPB3'],144,6
44_1LT001,2187.927,48.051857,5576.086,['44_1LT001'],216,1,"['3VAPQA1' '3VAPQB1' '3VAPQC1' '3VAPQA2' '3VAPQB2' '3VAPQC2' '3VAPQA3'
 '3VAPQB3' '3VAPQC3']",216,9
44_2LT001,2036.559,50.930546,5407.463,['44_2LT001'],216,1,"['O9LGVA1' 'O9LGVB1' 'O9LGVC1' 'O9LGVA2' 'O9LGVB2' 'O9LGVC2' 'O9LGVA3'
 'O9LGVB3' 'O9LGVC3']",216,9
44_3LT001,909.96606,46.677715,2493.4248,['44_3LT001'],96,1,['91QA3B1' '91QA3D1' '91QA3B2' '91QA3D2'],96,4
45_0LT001,2156.9414,49.496727,5094.477,['45_0LT001'],216,1,"['PVAOLA1' 'PVAOLB1' 'PVAOLD1' 'PVAOLA2' 'PVAOLB2' 'PVAOLD2' 'PVAOLA3'
 'PVAOLB3' 'PVAOLD3']",216,9
45_1LT001,1018.4808,47.52626,2380.0586,['45_1LT001'],96,1,['LOQ91B1' 'LOQ91D1' 'LOQ91B2' 'LOQ91D2'],96,4
45_2LT001,989.95264,46.896427,2455.6267,['45_2LT001'],96,1,['L1VQAB1' 'L1VQAD1' 'L1VQAB2' 'L1VQAD2'],96,4
45_3LT001,1402.465,54.405468,3757.0938,['45_3LT001'],144,1,['V3QG9A1' 'V3QG9B1' 'V3QG9A2' 'V3QG9B2' 'V3QG9A3' 'V3QG9B3'],144,6
46_0LT001,916.7708,42.68707,2299.425,['46_0LT001'],96,1,['91LQAB1' '91LQAD1' '91LQAB2' '91LQAD2'],96,4
46_1LT001,2171.318,49.36302,5434.7646,['46_1LT001'],216,1,"['V3OLPA1' 'V3OLPB1' 'V3OLPC1' 'V3OLPA2' 'V3OLPB2' 'V3OLPC2' 'V3OLPA3'
 'V3OLPB3' 'V3OLPC3']",216,9
47_0LT001,518.3986,48.337433,1019.4122,['47_0LT001'],48,1,['OG13PB1' 'OG13PB2'],48,2
47_1LT001,994.025,45.802464,2351.916,['47_1LT001'],96,1,['V3PQLB1' 'V3PQLD1' 'V3PQLB2' 'V3PQLD2'],96,4
47_2LT001,2195.234,52.00186,5228.11,['47_2LT001'],216,1,"['O9G31A1' 'O9G31B1' 'O9G31C1' 'O9G31A2' 'O9G31B2' 'O9G31C2' 'O9G31A3'
 'O9G31B3' 'O9G31C3']",216,9
48_0LT001,2174.1306,49.528873,5265.7637,['48_0LT001'],216,1,"['3GOLAA1' '3GOLAB1' '3GOLAD1' '3GOLAA2' '3GOLAB2' '3GOLAD2' '3GOLAA3'
 '3GOLAB3' '3GOLAD3']",216,9
48_1LT001,1556.4359,47.83498,3588.9792,['48_1LT001'],144,1,['VOG1AA1' 'VOG1AB1' 'VOG1AA2' 'VOG1AB2' 'VOG1AA3' 'VOG1AB3'],144,6
48_2LT001,463.98083,51.96481,1245.5128,['48_2LT001'],48,1,['9QVPGB1' '9QVPGB2'],48,2
49_0LT001,2247.5762,48.330784,5038.667,['49_0LT001'],216,1,"['G1L9QA1' 'G1L9QB1' 'G1L9QD1' 'G1L9QA2' 'G1L9QB2' 'G1L9QD2' 'G1L9QA3'
 'G1L9QB3' 'G1L9QD3']",216,9
49_1LT001,461.95502,50.898884,1031.1366,['49_1LT001'],48,1,['L1P9QB1' 'L1P9QB2'],48,2
50_0LT001,2085.0881,45.86509,5360.3374,['50_0LT001'],216,1,"['QPVLAA1' 'QPVLAB1' 'QPVLAD1' 'QPVLAA2' 'QPVLAB2' 'QPVLAD2' 'QPVLAA3'
 'QPVLAB3' 'QPVLAD3']",216,9
50_1LT001,2222.983,49.38379,5247.1616,['50_1LT001'],216,1,"['9LV3PA1' '9LV3PB1' '9LV3PD1' '9LV3PA2' '9LV3PB2' '9LV3PD2' '9LV3PA3'
 '9LV3PB3' '9LV3PD3']",216,9
50_2LT001,442.1584,54.440067,1300.7632,['50_2LT001'],48,1,['PAO39B1' 'PAO39B2'],48,2
50_3LT001,2264.4126,50.532314,5536.4634,['50_3LT001'],216,1,"['3AQG1A1' '3AQG1B1' '3AQG1D1' '3AQG1A2' '3AQG1B2' '3AQG1D2' '3AQG1A3'
 '3AQG1B3' '3AQG1D3']",216,9
51_0LT001,2227.363,50.557228,5247.193,['51_0LT001'],216,1,"['9LVOGA1' '9LVOGB1' '9LVOGC1' '9LVOGA2' '9LVOGB2' '9LVOGC2' '9LVOGA3'
 '9LVOGB3' '9LVOGC3']",216,9
51_1LT001,2225.6084,51.245174,5486.3247,['51_1LT001'],216,1,"['VA913A1' 'VA913B1' 'VA913D1' 'VA913A2' 'VA913B2' 'VA913D2' 'VA913A3'
 'VA913B3' 'VA913D3']",216,9
52_0LT001,2137.4993,47.622055,5492.424,['52_0LT001'],216,1,"['39P1VA1' '39P1VB1' '39P1VD1' '39P1VA2' '39P1VB2' '39P1VD2' '39P1VA3'
 '39P1VB3' '39P1VD3']",216,9
52_1LT001,2207.4685,51.322605,5564.5137,['52_1LT001'],216,1,"['OQ1GPA1' 'OQ1GPB1' 'OQ1GPD1' 'OQ1GPA2' 'OQ1GPB2' 'OQ1GPD2' 'OQ1GPA3'
 'OQ1GPB3' 'OQ1GPD3']",216,9
52_2LT001,872.84125,51.630352,2510.774,['52_2LT001'],96,1,['QP91VB1' 'QP91VD1' 'QP91VB2' 'QP91VD2'],96,4
52_3LT001,2351.9856,51.19283,5417.7944,['52_3LT001'],216,1,"['AQL3OA1' 'AQL3OB1' 'AQL3OC1' 'AQL3OA2' 'AQL3OB2' 'AQL3OC2' 'AQL3OA3'
 'AQL3OB3' 'AQL3OC3']",216,9
53_0LT001,2218.2124,52.143627,4933.8433,['53_0LT001'],216,1,"['L3AQGA1' 'L3AQGB1' 'L3AQGC1' 'L3AQGA2' 'L3AQGB2' 'L3AQGC2' 'L3AQGA3'
 'L3AQGB3' 'L3AQGC3']",216,9
53_1LT001,2173.079,48.673725,5195.91,['53_1LT001'],216,1,"['PVAQOA1' 'PVAQOB1' 'PVAQOD1' 'PVAQOA2' 'PVAQOB2' 'PVAQOD2' 'PVAQOA3'
 'PVAQOB3' 'PVAQOD3']",216,9
54_0LT001,575.91064,53.721737,1292.9545,['54_0LT001'],48,1,['P93GAB1' 'P93GAB2'],48,2
54_1LT001,875.92267,42.134666,2417.904,['54_1LT001'],96,1,['POLA1B1' 'POLA1D1' 'POLA1B2' 'POLA1D2'],96,4
54_2LT001,2330.3733,51.37254,6143.028,['54_2LT001'],240,1,"['GQO1LB1' 'GQO1LD1' 'GQO1LB2' 'GQO1LD2' 'GQO1LB3' 'GQO1LD3' 'GQO1LB4'
 'GQO1LD4' 'GQO1LB5' 'GQO1LD5']",240,10
54_3LT001,926.3572,54.085358,1976.4305,['54_3LT001'],96,1,['PV3L1B1' 'PV3L1D1' 'PV3L1B2' 'PV3L1D2'],96,4
55_0LT001,2274.3416,48.25835,5145.179,['55_0LT001'],216,1,"['AGLO1A1' 'AGLO1B1' 'AGLO1D1' 'AGLO1A2' 'AGLO1B2' 'AGLO1D2' 'AGLO1A3'
 'AGLO1B3' 'AGLO1D3']",216,9
55_1LT001,2197.399,50.251534,5354.868,['55_1LT001'],216,1,"['9VQGAA1' '9VQGAB1' '9VQGAC1' '9VQGAA2' '9VQGAB2' '9VQGAC2' '9VQGAA3'
 '9VQGAB3' '9VQGAC3']",216,9
56_0LT001,2096.2803,46.689487,5429.969,['56_0LT001'],216,1,"['VGLO9A1' 'VGLO9B1' 'VGLO9D1' 'VGLO9A2' 'VGLO9B2' 'VGLO9D2' 'VGLO9A3'
 'VGLO9B3' 'VGLO9D3']",216,9
56_1LT001,2144.041,48.944107,5212.6426,['56_1LT001'],216,1,"['APLVGA1' 'APLVGB1' 'APLVGC1' 'APLVGA2' 'APLVGB2' 'APLVGC2' 'APLVGA3'
 'APLVGB3' 'APLVGC3']",216,9
57_0LT001,1538.1677,48.626606,3738.5913,['57_0LT001'],144,1,['QAV31A1' 'QAV31B1' 'QAV31A2' 'QAV31B2' 'QAV31A3' 'QAV31B3'],144,6
57_1LT001,2293.207,46.875557,5031.8804,['57_1LT001'],216,1,"['OG9P1A1' 'OG9P1B1' 'OG9P1D1' 'OG9P1A2' 'OG9P1B2' 'OG9P1D2' 'OG9P1A3'
 'OG9P1B3' 'OG9P1D3']",216,9
57_2LT001,1525.7091,48.72918,3448.8452,['57_2LT001'],144,1,['9QGPVA1' '9QGPVB1' '9QGPVA2' '9QGPVB2' '9QGPVA3' '9QGPVB3'],144,6
57_3LT001,2234.4065,49.5627,5680.2974,['57_3LT001'],216,1,"['VQ39AA1' 'VQ39AB1' 'VQ39AC1' 'VQ39AA2' 'VQ39AB2' 'VQ39AC2' 'VQ39AA3'
 'VQ39AB3' 'VQ39AC3']",216,9
58_0LT001,2325.3179,51.919018,5995.3203,['58_0LT001'],240,1,"['LQAPVB1' 'LQAPVD1' 'LQAPVB2' 'LQAPVD2' 'LQAPVB3' 'LQAPVD3' 'LQAPVB4'
 'LQAPVD4' 'LQAPVB5' 'LQAPVD5']",240,10
58_1LT001,2100.7212,50.680817,5694.686,['58_1LT001'],216,1,"['GPVL1A1' 'GPVL1B1' 'GPVL1C1' 'GPVL1A2' 'GPVL1B2' 'GPVL1C2' 'GPVL1A3'
 'GPVL1B3' 'GPVL1C3']",216,9
58_2LT001,2107.4985,54.213142,5603.1357,['58_2LT001'],216,1,"['G9QPVA1' 'G9QPVB1' 'G9QPVC1' 'G9QPVA2' 'G9QPVB2' 'G9QPVC2' 'G9QPVA3'
 'G9QPVB3' 'G9QPVC3']",216,9
58_3LT001,2065.5574,50.112526,5661.505,['58_3LT001'],216,1,"['AL19GA1' 'AL19GB1' 'AL19GD1' 'AL19GA2' 'AL19GB2' 'AL19GD2' 'AL19GA3'
 'AL19GB3' 'AL19GD3']",216,9
59_0LT001,2069.759,49.120754,5175.336,['59_0LT001'],216,1,"['P13OQA1' 'P13OQB1' 'P13OQC1' 'P13OQA2' 'P13OQB2' 'P13OQC2' 'P13OQA3'
 'P13OQB3' 'P13OQC3']",216,9
59_1LT001,2125.432,52.147793,5186.832,['59_1LT001'],216,1,"['G9QVLA1' 'G9QVLB1' 'G9QVLD1' 'G9QVLA2' 'G9QVLB2' 'G9QVLD2' 'G9QVLA3'
 'G9QVLB3' 'G9QVLD3']",216,9
59_2LT001,1357.7651,47.915646,3397.9683,['59_2LT001'],144,1,['A93G1A1' 'A93G1B1' 'A93G1A2' 'A93G1B2' 'A93G1A3' 'A93G1B3'],144,6
60_0LT001,2151.3262,49.16805,5833.836,['60_0LT001'],216,1,"['LQOV3A1' 'LQOV3B1' 'LQOV3D1' 'LQOV3A2' 'LQOV3B2' 'LQOV3D2' 'LQOV3A3'
 'LQOV3B3' 'LQOV3D3']",216,9
60_1LT001,2182.1313,51.69248,5610.856,['60_1LT001'],216,1,"['V9G1LA1' 'V9G1LB1' 'V9G1LD1' 'V9G1LA2' 'V9G1LB2' 'V9G1LD2' 'V9G1LA3'
 'V9G1LB3' 'V9G1LD3']",216,9
61_0LT001,481.6305,51.673878,1171.0756,['61_0LT001'],48,1,['O9PQLB1' 'O9PQLB2'],48,2
61_1LT001,971.781,46.538258,2159.4922,['61_1LT001'],96,1,['A1VL9B1' 'A1VL9D1' 'A1VL9B2' 'A1VL9D2'],96,4
61_2LT001,922.74255,49.693207,2553.4307,['61_2LT001'],96,1,['3APVGB1' '3APVGD1' '3APVGB2' '3APVGD2'],96,4
62_0LT001,2155.1855,49.40705,5182.5967,['62_0LT001'],216,1,"['L9A3PA1' 'L9A3PB1' 'L9A3PC1' 'L9A3PA2' 'L9A3PB2' 'L9A3PC2' 'L9A3PA3'
 'L9A3PB3' 'L9A3PC3']",216,9
62_1LT001,2426.2168,49.69827,6167.337,['62_1LT001'],240,1,"['POVAGB1' 'POVAGD1' 'POVAGB2' 'POVAGD2' 'POVAGB3' 'POVAGD3' 'POVAGB4'
 'POVAGD4' 'POVAGB5' 'POVAGD5']",240,10
63_0LT001,2074.2798,49.202637,5478.6787,['63_0LT001'],216,1,"['LGVAPA1' 'LGVAPB1' 'LGVAPD1' 'LGVAPA2' 'LGVAPB2' 'LGVAPD2' 'LGVAPA3'
 'LGVAPB3' 'LGVAPD3']",216,9
63_1LT001,942.0077,46.56369,2471.1062,['63_1LT001'],96,1,['L13VPB1' 'L13VPD1' 'L13VPB2' 'L13VPD2'],96,4
63_2LT001,2198.0227,50.432846,5100.4194,['63_2LT001'],216,1,"['LQAPOA1' 'LQAPOB1' 'LQAPOD1' 'LQAPOA2' 'LQAPOB2' 'LQAPOD2' 'LQAPOA3'
 'LQAPOB3' 'LQAPOD3']",216,9
64_0LT001,2019.3259,47.448776,5532.292,['64_0LT001'],216,1,"['1PQO3A1' '1PQO3B1' '1PQO3D1' '1PQO3A2' '1PQO3B2' '1PQO3D2' '1PQO3A3'
 '1PQO3B3' '1PQO3D3']",216,9
64_1LT001,1417.2172,47.213352,3397.3909,['64_1LT001'],144,1,['39VQ1A1' '39VQ1B1' '39VQ1A2' '39VQ1B2' '39VQ1A3' '39VQ1B3'],144,6
64_2LT001,2294.6882,47.969036,5521.748,['64_2LT001'],216,1,"['G1LOQA1' 'G1LOQB1' 'G1LOQD1' 'G1LOQA2' 'G1LOQB2' 'G1LOQD2' 'G1LOQA3'
 'G1LOQB3' 'G1LOQD3']",216,9
64_3LT001,2237.5496,50.660164,5304.4355,['64_3LT001'],216,1,"['V3P9OA1' 'V3P9OB1' 'V3P9OD1' 'V3P9OA2' 'V3P9OB2' 'V3P9OD2' 'V3P9OA3'
 'V3P9OB3' 'V3P9OD3']",216,9
65_0LT001,493.07776,47.772892,1228.0828,['65_0LT001'],48,1,['AP3O9B1' 'AP3O9B2'],48,2
65_1LT001,1476.2422,51.195427,4021.3015,['65_1LT001'],144,1,['3VPGAA1' '3VPGAB1' '3VPGAA2' '3VPGAB2' '3VPGAA3' '3VPGAB3'],144,6
65_2LT001,1347.8641,50.0242,3699.53,['65_2LT001'],144,1,['PO3Q9A1' 'PO3Q9B1' 'PO3Q9A2' 'PO3Q9B2' 'PO3Q9A3' 'PO3Q9B3'],144,6
65_3LT001,1985.8885,45.989048,5400.0347,['65_3LT001'],216,1,"['VGLQ1A1' 'VGLQ1B1' 'VGLQ1D1' 'VGLQ1A2' 'VGLQ1B2' 'VGLQ1D2' 'VGLQ1A3'
 'VGLQ1B3' 'VGLQ1D3']",216,9
66_0LT001,1300.9004,43.845078,3544.1833,['66_0LT001'],144,1,['1LAQVA1' '1LAQVB1' '1LAQVA2' '1LAQVB2' '1LAQVA3' '1LAQVB3'],144,6
66_1LT001,2140.0637,49.004204,5401.619,['66_1LT001'],216,1,"['19GP3A1' '19GP3B1' '19GP3D1' '19GP3A2' '19GP3B2' '19GP3D2' '19GP3A3'
 '19GP3B3' '19GP3D3']",216,9
67_0LT001,2106.7927,49.158966,5118.863,['67_0LT001'],216,1,"['Q1G9LA1' 'Q1G9LB1' 'Q1G9LD1' 'Q1G9LA2' 'Q1G9LB2' 'Q1G9LD2' 'Q1G9LA3'
 'Q1G9LB3' 'Q1G9LD3']",216,9
67_1LT001,957.75323,45.427296,2521.6763,['67_1LT001'],96,1,['1L3GVB1' '1L3GVD1' '1L3GVB2' '1L3GVD2'],96,4
67_2LT001,2299.2654,50.72898,5494.8877,['67_2LT001'],216,1,"['OGA39A1' 'OGA39B1' 'OGA39C1' 'OGA39A2' 'OGA39B2' 'OGA39C2' 'OGA39A3'
 'OGA39B3' 'OGA39C3']",216,9
67_3LT001,2173.847,53.39005,5497.3257,['67_3LT001'],216,1,"['VQPAOA1' 'VQPAOB1' 'VQPAOC1' 'VQPAOA2' 'VQPAOB2' 'VQPAOC2' 'VQPAOA3'
 'VQPAOB3' 'VQPAOC3']",216,9
68_0LT001,2143.3948,48.47204,5684.7114,['68_0LT001'],216,1,"['VLQA1A1' 'VLQA1B1' 'VLQA1C1' 'VLQA1A2' 'VLQA1B2' 'VLQA1C2' 'VLQA1A3'
 'VLQA1B3' 'VLQA1C3']",216,9
68_1LT001,506.62985,49.49507,1104.2783,['68_1LT001'],48,1,['LV9AQB1' 'LV9AQB2'],48,2
68_2LT001,489.1306,55.586033,1340.702,['68_2LT001'],48,1,['3A9OPB1' '3A9OPB2'],48,2
69_0LT001,2084.2974,52.204327,5545.933,['69_0LT001'],216,1,"['L91AVA1' 'L91AVB1' 'L91AVD1' 'L91AVA2' 'L91AVB2' 'L91AVD2' 'L91AVA3'
 'L91AVB3' 'L91AVD3']",216,9
69_1LT001,1571.8932,51.178444,3751.8428,['69_1LT001'],144,1,['Q3G1VA1' 'Q3G1VB1' 'Q3G1VA2' 'Q3G1VB2' 'Q3G1VA3' 'Q3G1VB3'],144,6
69_2LT001,2222.23,53.17497,5227.408,['69_2LT001'],216,1,"['9V3APA1' '9V3APB1' '9V3APD1' '9V3APA2' '9V3APB2' '9V3APD2' '9V3APA3'
 '9V3APB3' '9V3APD3']",216,9
70_0LT001,2155.0635,46.519794,5020.988,['70_0LT001'],216,1,"['193AGA1' '193AGB1' '193AGC1' '193AGA2' '193AGB2' '193AGC2' '193AGA3'
 '193AGB3' '193AGC3']",216,9
70_1LT001,2029.9275,48.926514,5267.018,['70_1LT001'],216,1,"['LOQP9A1' 'LOQP9B1' 'LOQP9C1' 'LOQP9A2' 'LOQP9B2' 'LOQP9C2' 'LOQP9A3'
 'LOQP9B3' 'LOQP9C3']",216,9
70_2LT001,2180.4546,49.12366,5200.217,['70_2LT001'],216,1,"['GV3LAA1' 'GV3LAB1' 'GV3LAD1' 'GV3LAA2' 'GV3LAB2' 'GV3LAD2' 'GV3LAA3'
 'GV3LAB3' 'GV3LAD3']",216,9
70_3LT001,2140.672,51.095547,5170.914,['70_3LT001'],216,1,"['PL1A3A1' 'PL1A3B1' 'PL1A3D1' 'PL1A3A2' 'PL1A3B2' 'PL1A3D2' 'PL1A3A3'
 'PL1A3B3' 'PL1A3D3']",216,9
71_0LT001,2376.271,49.958153,6120.03,['71_0LT001'],240,1,"['QOAGVB1' 'QOAGVD1' 'QOAGVB2' 'QOAGVD2' 'QOAGVB3' 'QOAGVD3' 'QOAGVB4'
 'QOAGVD4' 'QOAGVB5' 'QOAGVD5']",240,10
71_1LT001,2149.6526,50.595284,5040.9697,['71_1LT001'],216,1,"['Q1AP9A1' 'Q1AP9B1' 'Q1AP9D1' 'Q1AP9A2' 'Q1AP9B2' 'Q1AP9D2' 'Q1AP9A3'
 'Q1AP9B3' 'Q1AP9D3']",216,9
71_2LT001,573.86487,48.60333,1286.444,['71_2LT001'],48,1,['OAG1PB1' 'OAG1PB2'],48,2
72_0LT001,2058.2744,53.130295,5482.233,['72_0LT001'],216,1,"['A3GPQA1' 'A3GPQB1' 'A3GPQC1' 'A3GPQA2' 'A3GPQB2' 'A3GPQC2' 'A3GPQA3'
 'A3GPQB3' 'A3GPQC3']",216,9
72_1LT001,2123.9358,48.40047,5274.6533,['72_1LT001'],216,1,"['V31LGA1' 'V31LGB1' 'V31LGD1' 'V31LGA2' 'V31LGB2' 'V31LGD2' 'V31LGA3'
 'V31LGB3' 'V31LGD3']",216,9
73_0LT001,2496.2063,50.427727,5757.482,['73_0LT001'],240,1,"['AO3V1B1' 'AO3V1D1' 'AO3V1B2' 'AO3V1D2' 'AO3V1B3' 'AO3V1D3' 'AO3V1B4'
 'AO3V1D4' 'AO3V1B5' 'AO3V1D5']",240,10
73_1LT001,466.59024,47.624096,1090.079,['73_1LT001'],48,1,['3LPAVB1' '3LPAVB2'],48,2
73_2LT001,2160.8933,45.92129,5180.7896,['73_2LT001'],216,1,"['ALO1QA1' 'ALO1QB1' 'ALO1QD1' 'ALO1QA2' 'ALO1QB2' 'ALO1QD2' 'ALO1QA3'
 'ALO1QB3' 'ALO1QD3']",216,9
74_0LT001,1404.3713,48.48607,3474.5625,['74_0LT001'],144,1,['QOPL9A1' 'QOPL9B1' 'QOPL9A2' 'QOPL9B2' 'QOPL9A3' 'QOPL9B3'],144,6
74_1LT001,882.4555,50.89789,2481.3037,['74_1LT001'],96,1,['3PLO9B1' '3PLO9D1' '3PLO9B2' '3PLO9D2'],96,4
75_0LT001,1019.2591,51.287273,2502.7449,['75_0LT001'],96,1,['31LO9B1' '31LO9D1' '31LO9B2' '31LO9D2'],96,4
75_1LT001,2044.2866,49.716885,5181.8364,['75_1LT001'],216,1,"['G1P9QA1' 'G1P9QB1' 'G1P9QD1' 'G1P9QA2' 'G1P9QB2' 'G1P9QD2' 'G1P9QA3'
 'G1P9QB3' 'G1P9QD3']",216,9
76_0LT001,1997.0521,52.11056,5236.3667,['76_0LT001'],216,1,"['LV93QA1' 'LV93QB1' 'LV93QD1' 'LV93QA2' 'LV93QB2' 'LV93QD2' 'LV93QA3'
 'LV93QB3' 'LV93QD3']",216,9
76_1LT001,477.60153,48.402466,1234.3248,['76_1LT001'],48,1,['O9QPVB1' 'O9QPVB2'],48,2
76_2LT001,2308.359,50.15004,5885.1826,['76_2LT001'],216,1,"['1V3OQA1' '1V3OQB1' '1V3OQD1' '1V3OQA2' '1V3OQB2' '1V3OQD2' '1V3OQA3'
 '1V3OQB3' '1V3OQD3']",216,9
77_0LT001,2173.0,51.256638,5275.152,['77_0LT001'],216,1,"['LPG19A1' 'LPG19B1' 'LPG19D1' 'LPG19A2' 'LPG19B2' 'LPG19D2' 'LPG19A3'
 'LPG19B3' 'LPG19D3']",216,9
77_1LT001,2149.0664,47.98123,5688.099,['77_1LT001'],216,1,"['93GP1A1' '93GP1B1' '93GP1C1' '93GP1A2' '93GP1B2' '93GP1C2' '93GP1A3'
 '93GP1B3' '93GP1C3']",216,9
77_2LT001,2023.6768,51.715477,5303.223,['77_2LT001'],216,1,"['P3LV1A1' 'P3LV1B1' 'P3LV1D1' 'P3LV1A2' 'P3LV1B2' 'P3LV1D2' 'P3LV1A3'
 'P3LV1B3' 'P3LV1D3']",216,9
77_3LT001,2300.167,51.746304,5413.3584,['77_3LT001'],216,1,"['1LAOVA1' '1LAOVB1' '1LAOVD1' '1LAOVA2' '1LAOVB2' '1LAOVD2' '1LAOVA3'
 '1LAOVB3' '1LAOVD3']",216,9
78_0LT001,2053.4885,48.548737,5577.112,['78_0LT001'],216,1,"['A913OA1' 'A913OB1' 'A913OD1' 'A913OA2' 'A913OB2' 'A913OD2' 'A913OA3'
 'A913OB3' 'A913OD3']",216,9
78_1LT001,1403.483,48.229664,3427.2007,['78_1LT001'],144,1,['A19VLA1' 'A19VLB1' 'A19VLA2' 'A19VLB2' 'A19VLA3' 'A19VLB3'],144,6
79_0LT001,1411.0286,51.760406,3562.3381,['79_0LT001'],144,1,['G39AOA1' 'G39AOB1' 'G39AOA2' 'G39AOB2' 'G39AOA3' 'G39AOB3'],144,6
79_1LT001,2050.8308,52.61082,5773.2627,['79_1LT001'],216,1,"['VA3QLA1' 'VA3QLB1' 'VA3QLD1' 'VA3QLA2' 'VA3QLB2' 'VA3QLD2' 'VA3QLA3'
 'VA3QLB3' 'VA3QLD3']",216,9
79_2LT001,2129.9878,51.66099,5205.497,['79_2LT001'],216,1,"['GP31LA1' 'GP31LB1' 'GP31LD1' 'GP31LA2' 'GP31LB2' 'GP31LD2' 'GP31LA3'
 'GP31LB3' 'GP31LD3']",216,9
79_3LT001,2128.213,48.900536,5622.125,['79_3LT001'],216,1,"['V39APA1' 'V39APB1' 'V39APD1' 'V39APA2' 'V39APB2' 'V39APD2' 'V39APA3'
 'V39APB3' 'V39APD3']",216,9
80_0LT001,2163.2615,48.55397,5303.111,['80_0LT001'],216,1,"['GAP19A1' 'GAP19B1' 'GAP19C1' 'GAP19A2' 'GAP19B2' 'GAP19C2' 'GAP19A3'
 'GAP19B3' 'GAP19C3']",216,9
80_1LT001,907.8254,49.182983,2562.002,['80_1LT001'],96,1,['1QPVGB1' '1QPVGD1' '1QPVGB2' '1QPVGD2'],96,4
81_0LT001,2091.178,50.97733,5630.3193,['81_0LT001'],216,1,"['V1QAGA1' 'V1QAGB1' 'V1QAGD1' 'V1QAGA2' 'V1QAGB2' 'V1QAGD2' 'V1QAGA3'
 'V1QAGB3' 'V1QAGD3']",216,9
81_1LT001,2140.8474,47.252167,5484.198,['81_1LT001'],216,1,"['LQ1V9A1' 'LQ1V9B1' 'LQ1V9C1' 'LQ1V9A2' 'LQ1V9B2' 'LQ1V9C2' 'LQ1V9A3'
 'LQ1V9B3' 'LQ1V9C3']",216,9
82_0LT001,1358.8558,50.84906,3837.7136,['82_0LT001'],144,1,['QO93GA1' 'QO93GB1' 'QO93GA2' 'QO93GB2' 'QO93GA3' 'QO93GB3'],144,6
82_1LT001,2214.7693,51.2498,5318.1616,['82_1LT001'],216,1,"['V39AOA1' 'V39AOB1' 'V39AOC1' 'V39AOA2' 'V39AOB2' 'V39AOC2' 'V39AOA3'
 'V39AOB3' 'V39AOC3']",216,9
82_2LT001,962.4784,46.110348,2249.2317,['82_2LT001'],96,1,['LGV3OB1' 'LGV3OD1' 'LGV3OB2' 'LGV3OD2'],96,4
83_0LT001,2343.1228,52.410217,5961.667,['83_0LT001'],240,1,"['1LPGQB1' '1LPGQD1' '1LPGQB2' '1LPGQD2' '1LPGQB3' '1LPGQD3' '1LPGQB4'
 '1LPGQD4' '1LPGQB5' '1LPGQD5']",240,10
83_1LT001,454.41202,50.323902,1118.8491,['83_1LT001'],48,1,['9OPQLB1' '9OPQLB2'],48,2
83_2LT001,996.3461,46.887527,2408.506,['83_2LT001'],96,1,['9VQLPB1' '9VQLPD1' '9VQLPB2' '9VQLPD2'],96,4
84_0LT001,2184.5442,52.52316,5428.0205,['84_0LT001'],216,1,"['3QPLOA1' '3QPLOB1' '3QPLOD1' '3QPLOA2' '3QPLOB2' '3QPLOD2' '3QPLOA3'
 '3QPLOB3' '3QPLOD3']",216,9
84_1LT001,578.5087,49.33044,1130.4225,['84_1LT001'],48,1,['OAPVQB1' 'OAPVQB2'],48,2
84_2LT001,2251.5344,51.388992,5418.3525,['84_2LT001'],216,1,"['3QLGPA1' '3QLGPB1' '3QLGPD1' '3QLGPA2' '3QLGPB2' '3QLGPD2' '3QLGPA3'
 '3QLGPB3' '3QLGPD3']",216,9
85_0LT001,2169.4,52.64502,5313.0166,['85_0LT001'],216,1,"['P3GAOA1' 'P3GAOB1' 'P3GAOC1' 'P3GAOA2' 'P3GAOB2' 'P3GAOC2' 'P3GAOA3'
 'P3GAOB3' 'P3GAOC3']",216,9
85_1LT001,914.11914,49.417435,2247.1777,['85_1LT001'],96,1,['1OG3VB1' '1OG3VD1' '1OG3VB2' '1OG3VD2'],96,4
85_2LT001,2231.0095,49.104477,5561.663,['85_2LT001'],216,1,"['APL1OA1' 'APL1OB1' 'APL1OD1' 'APL1OA2' 'APL1OB2' 'APL1OD2' 'APL1OA3'
 'APL1OB3' 'APL1OD3']",216,9
85_3LT001,886.4723,47.76231,2379.6963,['85_3LT001'],96,1,['A13Q9B1' 'A13Q9D1' 'A13Q9B2' 'A13Q9D2'],96,4
85_4LT001,2126.0613,51.33735,5289.7124,['85_4LT001'],216,1,"['9QAPOA1' '9QAPOB1' '9QAPOD1' '9QAPOA2' '9QAPOB2' '9QAPOD2' '9QAPOA3'
 '9QAPOB3' '9QAPOD3']",216,9
86_0LT001,923.7985,46.06233,2418.8416,['86_0LT001'],96,1,['A1VOGB1' 'A1VOGD1' 'A1VOGB2' 'A1VOGD2'],96,4
86_1LT001,2268.6514,50.579155,5514.946,['86_1LT001'],216,1,"['1QGLVA1' '1QGLVB1' '1QGLVC1' '1QGLVA2' '1QGLVB2' '1QGLVC2' '1QGLVA3'
 '1QGLVB3' '1QGLVC3']",216,9
87_0LT001,2249.207,50.311295,4977.6196,['87_0LT001'],216,1,"['AO3G1A1' 'AO3G1B1' 'AO3G1C1' 'AO3G1A2' 'AO3G1B2' 'AO3G1C2' 'AO3G1A3'
 'AO3G1B3' 'AO3G1C3']",216,9
87_1LT001,2072.8445,50.314743,5323.182,['87_1LT001'],216,1,"['LQ931A1' 'LQ931B1' 'LQ931D1' 'LQ931A2' 'LQ931B2' 'LQ931D2' 'LQ931A3'
 'LQ931B3' 'LQ931D3']",216,9
87_2LT001,2396.8936,49.44135,6282.37,['87_2LT001'],240,1,"['P3AGLB1' 'P3AGLC1' 'P3AGLB2' 'P3AGLC2' 'P3AGLB3' 'P3AGLC3' 'P3AGLB4'
 'P3AGLC4' 'P3AGLB5' 'P3AGLC5']",240,10
87_3LT001,2127.373,50.09184,5455.8853,['87_3LT001'],216,1,"['QVLO3A1' 'QVLO3B1' 'QVLO3D1' 'QVLO3A2' 'QVLO3B2' 'QVLO3D2' 'QVLO3A3'
 'QVLO3B3' 'QVLO3D3']",216,9
88_0LT001,2276.1155,48.291428,5144.6123,['88_0LT001'],216,1,"['L91AQA1' 'L91AQB1' 'L91AQC1' 'L91AQA2' 'L91AQB2' 'L91AQC2' 'L91AQA3'
 'L91AQB3' 'L91AQC3']",216,9
88_1LT001,2175.1519,50.14183,5510.5264,['88_1LT001'],216,1,"['GQAV1A1' 'GQAV1B1' 'GQAV1D1' 'GQAV1A2' 'GQAV1B2' 'GQAV1D2' 'GQAV1A3'
 'GQAV1B3' 'GQAV1D3']",216,9
89_0LT001,961.42395,51.90421,2416.7957,['89_0LT001'],96,1,['QVGAOB1' 'QVGAOD1' 'QVGAOB2' 'QVGAOD2'],96,4
89_1LT001,2087.0474,49.77448,5170.7495,['89_1LT001'],216,1,"['9VLPQA1' '9VLPQB1' '9VLPQC1' '9VLPQA2' '9VLPQB2' '9VLPQC2' '9VLPQA3'
 '9VLPQB3' '9VLPQC3']",216,9
89_2LT001,2146.481,49.113907,5543.575,['89_2LT001'],216,1,"['PV1LGA1' 'PV1LGB1' 'PV1LGD1' 'PV1LGA2' 'PV1LGB2' 'PV1LGD2' 'PV1LGA3'
 'PV1LGB3' 'PV1LGD3']",216,9
90_0LT001,2227.9846,54.145515,5329.3247,['90_0LT001'],216,1,"['9QOV1A1' '9QOV1B1' '9QOV1D1' '9QOV1A2' '9QOV1B2' '9QOV1D2' '9QOV1A3'
 '9QOV1B3' '9QOV1D3']",216,9
90_1LT001,2059.6643,50.232742,5515.1187,['90_1LT001'],216,1,"['OV39LA1' 'OV39LB1' 'OV39LD1' 'OV39LA2' 'OV39LB2' 'OV39LD2' 'OV39LA3'
 'OV39LB3' 'OV39LD3']",216,9
91_0LT001,1457.192,48.461254,3588.665,['91_0LT001'],144,1,['139ALA1' '139ALB1' '139ALA2' '139ALB2' '139ALA3' '139ALB3'],144,6
91_1LT001,1472.1238,51.42575,3950.5469,['91_1LT001'],144,1,['QO13LA1' 'QO13LB1' 'QO13LA2' 'QO13LB2' 'QO13LA3' 'QO13LB3'],144,6
91_2LT001,2209.9253,47.061596,5270.038,['91_2LT001'],216,1,"['PQVA1A1' 'PQVA1B1' 'PQVA1D1' 'PQVA1A2' 'PQVA1B2' 'PQVA1D2' 'PQVA1A3'
 'PQVA1B3' 'PQVA1D3']",216,9
92_0LT001,946.6856,48.09378,2493.7642,['92_0LT001'],96,1,['VP93LB1' 'VP93LD1' 'VP93LB2' 'VP93LD2'],96,4
92_1LT001,2501.3794,50.038284,6403.628,['92_1LT001'],240,1,"['V1AP3B1' 'V1AP3D1' 'V1AP3B2' 'V1AP3D2' 'V1AP3B3' 'V1AP3D3' 'V1AP3B4'
 'V1AP3D4' 'V1AP3B5' 'V1AP3D5']",240,10
92_2LT001,2185.7932,48.99956,5516.1016,['92_2LT001'],216,1,"['LA139A1' 'LA139B1' 'LA139C1' 'LA139A2' 'LA139B2' 'LA139C2' 'LA139A3'
 'LA139B3' 'LA139C3']",216,9
92_3LT001,2194.125,50.70624,5265.6357,['92_3LT001'],216,1,"['OLQG9A1' 'OLQG9B1' 'OLQG9C1' 'OLQG9A2' 'OLQG9B2' 'OLQG9C2' 'OLQG9A3'
 'OLQG9B3' 'OLQG9C3']",216,9
93_0LT001,2113.1096,48.915134,5444.2803,['93_0LT001'],216,1,"['LG31OA1' 'LG31OB1' 'LG31OD1' 'LG31OA2' 'LG31OB2' 'LG31OD2' 'LG31OA3'
 'LG31OB3' 'LG31OD3']",216,9
93_1LT001,2222.4897,50.341183,5190.376,['93_1LT001'],216,1,"['P9GVAA1' 'P9GVAB1' 'P9GVAD1' 'P9GVAA2' 'P9GVAB2' 'P9GVAD2' 'P9GVAA3'
 'P9GVAB3' 'P9GVAD3']",216,9
94_0LT001,2326.9106,48.038174,5332.4526,['94_0LT001'],216,1,"['QAV1PA1' 'QAV1PB1' 'QAV1PC1' 'QAV1PA2' 'QAV1PB2' 'QAV1PC2' 'QAV1PA3'
 'QAV1PB3' 'QAV1PC3']",216,9
94_1LT001,1408.6345,49.00976,3580.9119,['94_1LT001'],144,1,['LA1P9A1' 'LA1P9B1' 'LA1P9A2' 'LA1P9B2' 'LA1P9A3' 'LA1P9B3'],144,6
94_2LT001,2192.6052,51.866257,5361.482,['94_2LT001'],216,1,"['OGL9QA1' 'OGL9QB1' 'OGL9QD1' 'OGL9QA2' 'OGL9QB2' 'OGL9QD2' 'OGL9QA3'
 'OGL9QB3' 'OGL9QD3']",216,9
94_3LT001,2181.2932,51.18773,5389.301,['94_3LT001'],216,1,"['L3PG1A1' 'L3PG1B1' 'L3PG1C1' 'L3PG1A2' 'L3PG1B2' 'L3PG1C2' 'L3PG1A3'
 'L3PG1B3' 'L3PG1C3']",216,9
94_4LT001,886.9266,44.354412,2437.9207,['94_4LT001'],96,1,['PQV1GB1' 'PQV1GD1' 'PQV1GB2' 'PQV1GD2'],96,4
95_0LT001,2089.0818,48.522858,5231.093,['95_0LT001'],216,1,"['POGV1A1' 'POGV1B1' 'POGV1D1' 'POGV1A2' 'POGV1B2' 'POGV1D2' 'POGV1A3'
 'POGV1B3' 'POGV1D3']",216,9
95_1LT001,2192.0457,47.843643,5557.487,['95_1LT001'],216,1,"['A3LGVA1' 'A3LGVB1' 'A3LGVC1' 'A3LGVA2' 'A3LGVB2' 'A3LGVC2' 'A3LGVA3'
 'A3LGVB3' 'A3LGVC3']",216,9
95_2LT001,501.86124,48.437603,1220.3594,['95_2LT001'],48,1,['QL93GB1' 'QL93GB2'],48,2
95_3LT001,518.146,47.96025,1173.0195,['95_3LT001'],48,1,['LVA31B1' 'LVA31B2'],48,2
96_0LT001,915.5263,52.621532,2527.4692,['96_0LT001'],96,1,['3Q9OAB1' '3Q9OAD1' '3Q9OAB2' '3Q9OAD2'],96,4
96_1LT001,2020.6221,49.743587,5434.6733,['96_1LT001'],216,1,"['9GVOQA1' '9GVOQB1' '9GVOQC1' '9GVOQA2' '9GVOQB2' '9GVOQC2' '9GVOQA3'
 '9GVOQB3' '9GVOQC3']",216,9
96_2LT001,1940.1201,45.039185,5330.485,['96_2LT001'],216,1,"['LG9V1A1' 'LG9V1B1' 'LG9V1D1' 'LG9V1A2' 'LG9V1B2' 'LG9V1D2' 'LG9V1A3'
 'LG9V1B3' 'LG9V1D3']",216,9
97_0LT001,887.7129,51.44905,2442.7417,['97_0LT001'],96,1,['93V1LB1' '93V1LD1' '93V1LB2' '93V1LD2'],96,4
97_1LT001,2063.943,47.250847,5132.385,['97_1LT001'],216,1,"['O9V3LA1' 'O9V3LB1' 'O9V3LD1' 'O9V3LA2' 'O9V3LB2' 'O9V3LD2' 'O9V3LA3'
 'O9V3LB3' 'O9V3LD3']",216,9
98_0LT001,2321.0273,54.229355,6132.922,['98_0LT001'],240,1,"['V13G9B1' 'V13G9D1' 'V13G9B2' 'V13G9D2' 'V13G9B3' 'V13G9D3' 'V13G9B4'
 'V13G9D4' 'V13G9B5' 'V13G9D5']",240,10
98_1LT001,562.1999,55.77121,1230.0065,['98_1LT001'],48,1,['OQ1P9B1' 'OQ1P9B2'],48,2
98_2LT001,2181.5486,51.808323,5278.9404,['98_2LT001'],216,1,"['QPOGAA1' 'QPOGAB1' 'QPOGAD1' 'QPOGAA2' 'QPOGAB2' 'QPOGAD2' 'QPOGAA3'
 'QPOGAB3' 'QPOGAD3']",216,9
99_0LT001,2217.9634,55.01915,5642.7,['99_0LT001'],216,1,"['1P3LGA1' '1P3LGB1' '1P3LGC1' '1P3LGA2' '1P3LGB2' '1P3LGC2' '1P3LGA3'
 '1P3LGB3' '1P3LGC3']",216,9
99_1LT001,406.21106,52.299393,1146.056,['99_1LT001'],48,1,['9GPLVB1' '9GPLVB2'],48,2
100_0LT001,2128.1824,49.392654,5380.3145,['100_0LT001'],216,1,"['L9PVQA1' 'L9PVQB1' 'L9PVQC1' 'L9PVQA2' 'L9PVQB2' 'L9PVQC2' 'L9PVQA3'
 'L9PVQB3' 'L9PVQC3']",216,9
100_1LT001,2222.2576,53.409298,5123.4277,['100_1LT001'],216,1,"['OVL1QA1' 'OVL1QB1' 'OVL1QD1' 'OVL1QA2' 'OVL1QB2' 'OVL1QD2' 'OVL1QA3'
 'OVL1QB3' 'OVL1QD3']",216,9
100_2LT001,2178.6746,50.834763,5163.7236,['100_2LT001'],216,1,"['AGVOQA1' 'AGVOQB1' 'AGVOQD1' 'AGVOQA2' 'AGVOQB2' 'AGVOQD2' 'AGVOQA3'
 'AGVOQB3' 'AGVOQD3']",216,9
101_0LT001,1370.4332,53.341446,3701.9229,['101_0LT001'],144,1,['A3O9LA1' 'A3O9LB1' 'A3O9LA2' 'A3O9LB2' 'A3O9LA3' 'A3O9LB3'],144,6
101_1LT001,2158.5833,49.864216,5291.9453,['101_1LT001'],216,1,"['1QLOVA1' '1QLOVB1' '1QLOVD1' '1QLOVA2' '1QLOVB2' '1QLOVD2' '1QLOVA3'
 '1QLOVB3' '1QLOVD3']",216,9
101_2LT001,2323.1252,50.76266,4984.125,['101_2LT001'],216,1,"['9G3A1A1' '9G3A1B1' '9G3A1D1' '9G3A1A2' '9G3A1B2' '9G3A1D2' '9G3A1A3'
 '9G3A1B3' '9G3A1D3']",216,9
102_0LT001,1568.7203,50.71933,3722.8179,['102_0LT001'],144,1,['3GAVOA1' '3GAVOB1' '3GAVOA2' '3GAVOB2' '3GAVOA3' '3GAVOB3'],144,6
102_1LT001,1008.64716,46.082,2571.332,['102_1LT001'],96,1,['91G3VB1' '91G3VD1' '91G3VB2' '91G3VD2'],96,4
102_2LT001,2180.6223,50.239883,5129.029,['102_2LT001'],216,1,"['QAO19A1' 'QAO19B1' 'QAO19D1' 'QAO19A2' 'QAO19B2' 'QAO19D2' 'QAO19A3'
 'QAO19B3' 'QAO19D3']",216,9
102_3LT001,2204.1597,48.760296,5447.3916,['102_3LT001'],216,1,"['P9L1GA1' 'P9L1GB1' 'P9L1GC1' 'P9L1GA2' 'P9L1GB2' 'P9L1GC2' 'P9L1GA3'
 'P9L1GB3' 'P9L1GC3']",216,9
103_0LT001,2208.419,47.98885,5652.3623,['103_0LT001'],216,1,"['L39VOA1' 'L39VOB1' 'L39VOD1' 'L39VOA2' 'L39VOB2' 'L39VOD2' 'L39VOA3'
 'L39VOB3' 'L39VOD3']",216,9
103_1LT001,468.81717,51.91158,1274.6113,['103_1LT001'],48,1,['GOLV1B1' 'GOLV1B2'],48,2
103_2LT001,931.6843,50.62854,2325.3022,['103_2LT001'],96,1,['GL93PB1' 'GL93PD1' 'GL93PB2' 'GL93PD2'],96,4
103_3LT001,2428.5823,46.73405,5935.375,['103_3LT001'],240,1,"['39O1VB1' '39O1VC1' '39O1VB2' '39O1VC2' '39O1VB3' '39O1VC3' '39O1VB4'
 '39O1VC4' '39O1VB5' '39O1VC5']",240,10
104_0LT001,2339.581,49.767456,6097.769,['104_0LT001'],240,1,"['AL1VGB1' 'AL1VGD1' 'AL1VGB2' 'AL1VGD2' 'AL1VGB3' 'AL1VGD3' 'AL1VGB4'
 'AL1VGD4' 'AL1VGB5' 'AL1VGD5']",240,10
104_1LT001,2141.5957,46.780617,5594.7812,['104_1LT001'],216,1,"['1P93VA1' '1P93VB1' '1P93VC1' '1P93VA2' '1P93VB2' '1P93VC2' '1P93VA3'
 '1P93VB3' '1P93VC3']",216,9
105_0LT001,972.1825,52.731518,2186.0435,['105_0LT001'],96,1,['A1V3GB1' 'A1V3GD1' 'A1V3GB2' 'A1V3GD2'],96,4
105_1LT001,955.30743,49.066486,2481.2007,['105_1LT001'],96,1,['9AO31B1' '9AO31D1' '9AO31B2' '9AO31D2'],96,4
105_2LT001,1312.0815,48.53573,3540.6338,['105_2LT001'],144,1,['AL31GA1' 'AL31GB1' 'AL31GA2' 'AL31GB2' 'AL31GA3' 'AL31GB3'],144,6
106_0LT001,979.8899,48.81802,2347.601,['106_0LT001'],96,1,['3LPVQB1' '3LPVQD1' '3LPVQB2' '3LPVQD2'],96,4
106_1LT001,925.77185,49.309505,2386.885,['106_1LT001'],96,1,['3GPV1B1' '3GPV1D1' '3GPV1B2' '3GPV1D2'],96,4
106_2LT001,928.9248,51.554317,2168.9973,['106_2LT001'],96,1,['Q1AGPB1' 'Q1AGPD1' 'Q1AGPB2' 'Q1AGPD2'],96,4
106_3LT001,2203.6353,49.361988,5254.8213,['106_3LT001'],216,1,"['PLVOQA1' 'PLVOQB1' 'PLVOQD1' 'PLVOQA2' 'PLVOQB2' 'PLVOQD2' 'PLVOQA3'
 'PLVOQB3' 'PLVOQD3']",216,9
107_0LT001,432.7047,50.966007,1131.6536,['107_0LT001'],48,1,['LVGQ1B1' 'LVGQ1B2'],48,2
107_1LT001,999.07227,54.029606,2436.9775,['107_1LT001'],96,1,['1OPG3B1' '1OPG3D1' '1OPG3B2' '1OPG3D2'],96,4
107_2LT001,1575.0656,51.931854,3544.8232,['107_2LT001'],144,1,['V1GOQA1' 'V1GOQB1' 'V1GOQA2' 'V1GOQB2' 'V1GOQA3' 'V1GOQB3'],144,6
107_3LT001,860.8414,50.06963,2605.401,['107_3LT001'],96,1,['Q1LVOB1' 'Q1LVOD1' 'Q1LVOB2' 'Q1LVOD2'],96,4
108_0LT001,991.83295,47.94257,2285.3682,['108_0LT001'],96,1,['AL91VB1' 'AL91VD1' 'AL91VB2' 'AL91VD2'],96,4
108_1LT001,1018.97675,53.0551,2291.1187,['108_1LT001'],96,1,['319OAB1' '319OAD1' '319OAB2' '319OAD2'],96,4
108_2LT001,2123.2976,49.274067,5376.8887,['108_2LT001'],216,1,"['VGALPA1' 'VGALPB1' 'VGALPD1' 'VGALPA2' 'VGALPB2' 'VGALPD2' 'VGALPA3'
 'VGALPB3' 'VGALPD3']",216,9
108_3LT001,2058.4197,46.41157,5354.6885,['108_3LT001'],216,1,"['QGP9VA1' 'QGP9VB1' 'QGP9VD1' 'QGP9VA2' 'QGP9VB2' 'QGP9VD2' 'QGP9VA3'
 'QGP9VB3' 'QGP9VD3']",216,9
109_0LT001,2434.173,48.255737,5877.59,['109_0LT001'],240,1,"['A3LO1B1' 'A3LO1C1' 'A3LO1B2' 'A3LO1C2' 'A3LO1B3' 'A3LO1C3' 'A3LO1B4'
 'A3LO1C4' 'A3LO1B5' 'A3LO1C5']",240,10
109_1LT001,958.8656,50.31325,2392.9304,['109_1LT001'],96,1,['PQGV1B1' 'PQGV1D1' 'PQGV1B2' 'PQGV1D2'],96,4
110_0LT001,2093.3916,48.935005,4888.9644,['110_0LT001'],216,1,"['PLV3AA1' 'PLV3AB1' 'PLV3AD1' 'PLV3AA2' 'PLV3AB2' 'PLV3AD2' 'PLV3AA3'
 'PLV3AB3' 'PLV3AD3']",216,9
110_1LT001,533.06665,49.5572,1168.7164,['110_1LT001'],48,1,['VPA3OB1' 'VPA3OB2'],48,2
110_2LT001,975.16705,52.677555,2506.8054,['110_2LT001'],96,1,['OA1VPB1' 'OA1VPD1' 'OA1VPB2' 'OA1VPD2'],96,4
110_3LT001,2331.7393,51.20364,6427.4253,['110_3LT001'],240,1,"['L3OPGB1' 'L3OPGC1' 'L3OPGB2' 'L3OPGC2' 'L3OPGB3' 'L3OPGC3' 'L3OPGB4'
 'L3OPGC4' 'L3OPGB5' 'L3OPGC5']",240,10
111_0LT001,2205.9185,48.72715,5244.852,['111_0LT001'],216,1,"['QOPGLA1' 'QOPGLB1' 'QOPGLC1' 'QOPGLA2' 'QOPGLB2' 'QOPGLC2' 'QOPGLA3'
 'QOPGLB3' 'QOPGLC3']",216,9
111_1LT001,451.30606,48.424862,1105.3026,['111_1LT001'],48,1,['OG1QVB1' 'OG1QVB2'],48,2
111_2LT001,871.5128,53.555435,2461.2927,['111_2LT001'],96,1,['PL1V3B1' 'PL1V3D1' 'PL1V3B2' 'PL1V3D2'],96,4
111_3LT001,994.7487,51.570755,2593.466,['111_3LT001'],96,1,['3LGOAB1' '3LGOAD1' '3LGOAB2' '3LGOAD2'],96,4
112_0LT001,2480.6746,50.294052,6032.2314,['112_0LT001'],240,1,"['3VGL9B1' '3VGL9D1' '3VGL9B2' '3VGL9D2' '3VGL9B3' '3VGL9D3' '3VGL9B4'
 '3VGL9D4' '3VGL9B5' '3VGL9D5']",240,10
112_1LT001,2083.4788,53.075073,5249.455,['112_1LT001'],216,1,"['O9GA3A1' 'O9GA3B1' 'O9GA3D1' 'O9GA3A2' 'O9GA3B2' 'O9GA3D2' 'O9GA3A3'
 'O9GA3B3' 'O9GA3D3']",216,9
112_2LT001,1082.797,52.375065,2389.3162,['112_2LT001'],96,1,['LOGPVB1' 'LOGPVD1' 'LOGPVB2' 'LOGPVD2'],96,4
112_3LT001,1393.497,47.434,3607.9937,['112_3LT001'],144,1,['GVO3QA1' 'GVO3QB1' 'GVO3QA2' 'GVO3QB2' 'GVO3QA3' 'GVO3QB3'],144,6
113_0LT001,2190.343,47.70446,5460.5034,['113_0LT001'],216,1,"['V19OPA1' 'V19OPB1' 'V19OPC1' 'V19OPA2' 'V19OPB2' 'V19OPC2' 'V19OPA3'
 'V19OPB3' 'V19OPC3']",216,9
113_1LT001,2189.79,48.804462,5461.8247,['113_1LT001'],216,1,"['PGOA3A1' 'PGOA3B1' 'PGOA3D1' 'PGOA3A2' 'PGOA3B2' 'PGOA3D2' 'PGOA3A3'
 'PGOA3B3' 'PGOA3D3']",216,9
114_0LT001,2109.8887,50.29083,5200.0146,['114_0LT001'],216,1,"['OQGV1A1' 'OQGV1B1' 'OQGV1D1' 'OQGV1A2' 'OQGV1B2' 'OQGV1D2' 'OQGV1A3'
 'OQGV1B3' 'OQGV1D3']",216,9
114_1LT001,2476.157,47.790466,5842.0034,['114_1LT001'],240,1,"['9VAOGB1' '9VAOGC1' '9VAOGB2' '9VAOGC2' '9VAOGB3' '9VAOGC3' '9VAOGB4'
 '9VAOGC4' '9VAOGB5' '9VAOGC5']",240,10
114_2LT001,2072.222,49.274887,5376.5684,['114_2LT001'],216,1,"['AV13LA1' 'AV13LB1' 'AV13LD1' 'AV13LA2' 'AV13LB2' 'AV13LD2' 'AV13LA3'
 'AV13LB3' 'AV13LD3']",216,9
114_3LT001,1464.6787,49.025925,3600.6133,['114_3LT001'],144,1,['9QAGVA1' '9QAGVB1' '9QAGVA2' '9QAGVB2' '9QAGVA3' '9QAGVB3'],144,6
115_0LT001,1114.547,51.868786,1974.4171,['115_0LT001'],96,1,['OVP3LB1' 'OVP3LD1' 'OVP3LB2' 'OVP3LD2'],96,4
115_1LT001,481.86777,54.696323,1260.8323,['115_1LT001'],48,1,['APQGLB1' 'APQGLB2'],48,2
115_2LT001,2264.2136,50.088078,5897.2207,['115_2LT001'],240,1,"['LG1Q9B1' 'LG1Q9D1' 'LG1Q9B2' 'LG1Q9D2' 'LG1Q9B3' 'LG1Q9D3' 'LG1Q9B4'
 'LG1Q9D4' 'LG1Q9B5' 'LG1Q9D5']",240,10
115_3LT001,889.3623,49.50208,2340.4868,['115_3LT001'],96,1,['1LOPGB1' '1LOPGD1' '1LOPGB2' '1LOPGD2'],96,4
116_0LT001,2115.6086,47.79838,5656.2393,['116_0LT001'],216,1,"['91PL3A1' '91PL3B1' '91PL3D1' '91PL3A2' '91PL3B2' '91PL3D2' '91PL3A3'
 '91PL3B3' '91PL3D3']",216,9
116_1LT001,976.3224,52.675293,2376.5938,['116_1LT001'],96,1,['PQO9VB1' 'PQO9VD1' 'PQO9VB2' 'PQO9VD2'],96,4
116_2LT001,416.8461,44.99881,1207.2628,['116_2LT001'],48,1,['31GPAB1' '31GPAB2'],48,2
116_3LT001,1988.9149,50.975044,5092.861,['116_3LT001'],216,1,"['9VALGA1' '9VALGB1' '9VALGC1' '9VALGA2' '9VALGB2' '9VALGC2' '9VALGA3'
 '9VALGB3' '9VALGC3']",216,9
117_0LT001,471.95026,43.847652,1278.333,['117_0LT001'],48,1,['QOLP9B1' 'QOLP9B2'],48,2
117_1LT001,2155.027,47.74799,5418.944,['117_1LT001'],216,1,"['3PO9QA1' '3PO9QB1' '3PO9QD1' '3PO9QA2' '3PO9QB2' '3PO9QD2' '3PO9QA3'
 '3PO9QB3' '3PO9QD3']",216,9
117_2LT001,2253.2659,48.336056,5150.194,['117_2LT001'],216,1,"['LP9Q1A1' 'LP9Q1B1' 'LP9Q1C1' 'LP9Q1A2' 'LP9Q1B2' 'LP9Q1C2' 'LP9Q1A3'
 'LP9Q1B3' 'LP9Q1C3']",216,9
118_0LT001,960.54034,50.893417,2386.7666,['118_0LT001'],96,1,['LGP9QB1' 'LGP9QD1' 'LGP9QB2' 'LGP9QD2'],96,4
118_1LT001,2171.2134,53.680428,5090.813,['118_1LT001'],216,1,"['9GA1PA1' '9GA1PB1' '9GA1PC1' '9GA1PA2' '9GA1PB2' '9GA1PC2' '9GA1PA3'
 '9GA1PB3' '9GA1PC3']",216,9
118_2LT001,2153.97,50.244793,5476.004,['118_2LT001'],216,1,"['3GAOQA1' '3GAOQB1' '3GAOQD1' '3GAOQA2' '3GAOQB2' '3GAOQD2' '3GAOQA3'
 '3GAOQB3' '3GAOQD3']",216,9
118_3LT001,2105.3538,48.509598,5289.381,['118_3LT001'],216,1,"['1O9PQA1' '1O9PQB1' '1O9PQD1' '1O9PQA2' '1O9PQB2' '1O9PQD2' '1O9PQA3'
 '1O9PQB3' '1O9PQD3']",216,9
119_0LT001,2140.354,48.88799,5477.579,['119_0LT001'],216,1,"['LQ1O9A1' 'LQ1O9B1' 'LQ1O9C1' 'LQ1O9A2' 'LQ1O9B2' 'LQ1O9C2' 'LQ1O9A3'
 'LQ1O9B3' 'LQ1O9C3']",216,9
119_1LT001,1501.1425,53.37524,3555.4443,['119_1LT001'],144,1,['1VOLQA1' '1VOLQB1' '1VOLQA2' '1VOLQB2' '1VOLQA3' '1VOLQB3'],144,6
119_2LT001,2245.5112,47.6819,5172.0215,['119_2LT001'],216,1,"['QVA91A1' 'QVA91B1' 'QVA91D1' 'QVA91A2' 'QVA91B2' 'QVA91D2' 'QVA91A3'
 'QVA91B3' 'QVA91D3']",216,9
119_3LT001,2065.0605,50.81565,5449.397,['119_3LT001'],216,1,"['L39QVA1' 'L39QVB1' 'L39QVC1' 'L39QVA2' 'L39QVB2' 'L39QVC2' 'L39QVA3'
 'L39QVB3' 'L39QVC3']",216,9
120_0LT001,443.55273,52.805084,1287.314,['120_0LT001'],48,1,['Q3OALB1' 'Q3OALB2'],48,2
120_1LT001,1516.4867,48.87902,3527.45,['120_1LT001'],144,1,['L9VPAA1' 'L9VPAB1' 'L9VPAA2' 'L9VPAB2' 'L9VPAA3' 'L9VPAB3'],144,6
120_2LT001,2068.3936,52.2206,5293.8433,['120_2LT001'],216,1,"['L319VA1' 'L319VB1' 'L319VC1' 'L319VA2' 'L319VB2' 'L319VC2' 'L319VA3'
 'L319VB3' 'L319VC3']",216,9
120_3LT001,2227.033,48.32482,5461.6377,['120_3LT001'],216,1,"['PO3QGA1' 'PO3QGB1' 'PO3QGD1' 'PO3QGA2' 'PO3QGB2' 'PO3QGD2' 'PO3QGA3'
 'PO3QGB3' 'PO3QGD3']",216,9
121_0LT001,2162.5142,53.884506,5373.679,['121_0LT001'],216,1,"['3O9Q1A1' '3O9Q1B1' '3O9Q1D1' '3O9Q1A2' '3O9Q1B2' '3O9Q1D2' '3O9Q1A3'
 '3O9Q1B3' '3O9Q1D3']",216,9
121_1LT001,404.94138,51.888805,1205.5133,['121_1LT001'],48,1,['LV9Q1B1' 'LV9Q1B2'],48,2
121_2LT001,2163.3904,47.49114,5357.6655,['121_2LT001'],216,1,"['AG3LOA1' 'AG3LOB1' 'AG3LOC1' 'AG3LOA2' 'AG3LOB2' 'AG3LOC2' 'AG3LOA3'
 'AG3LOB3' 'AG3LOC3']",216,9
121_3LT001,500.37015,42.08198,1381.7323,['121_3LT001'],48,1,['3GQAPB1' '3GQAPB2'],48,2
122_0LT001,2120.0527,53.330704,5304.8945,['122_0LT001'],216,1,"['3GLV1A1' '3GLV1B1' '3GLV1D1' '3GLV1A2' '3GLV1B2' '3GLV1D2' '3GLV1A3'
 '3GLV1B3' '3GLV1D3']",216,9
122_1LT001,2323.4368,52.582233,5621.8467,['122_1LT001'],216,1,"['9OGVQA1' '9OGVQB1' '9OGVQC1' '9OGVQA2' '9OGVQB2' '9OGVQC2' '9OGVQA3'
 '9OGVQB3' '9OGVQC3']",216,9
122_2LT001,958.7904,47.78188,2404.0142,['122_2LT001'],96,1,['93PAQB1' '93PAQD1' '93PAQB2' '93PAQD2'],96,4
122_3LT001,2421.5166,49.328243,5893.805,['122_3LT001'],240,1,"['9ALGVB1' '9ALGVD1' '9ALGVB2' '9ALGVD2' '9ALGVB3' '9ALGVD3' '9ALGVB4'
 '9ALGVD4' '9ALGVB5' '9ALGVD5']",240,10
122_4LT001,491.5496,48.063267,1141.04,['122_4LT001'],48,1,['OG9ALB1' 'OG9ALB2'],48,2
122_5LT001,1487.0692,51.08945,3653.9512,['122_5LT001'],144,1,['LGA9VA1' 'LGA9VB1' 'LGA9VA2' 'LGA9VB2' 'LGA9VA3' 'LGA9VB3'],144,6
122_6LT001,871.37683,44.026646,2444.152,['122_6LT001'],96,1,['13V9QB1' '13V9QD1' '13V9QB2' '13V9QD2'],96,4
123_0LT001,2169.1948,49.10738,6214.902,['123_0LT001'],216,1,"['9GOAVA1' '9GOAVB1' '9GOAVD1' '9GOAVA2' '9GOAVB2' '9GOAVD2' '9GOAVA3'
 '9GOAVB3' '9GOAVD3']",216,9
123_1LT001,2174.3655,48.667522,5948.742,['123_1LT001'],216,1,"['QL9O1A1' 'QL9O1B1' 'QL9O1D1' 'QL9O1A2' 'QL9O1B2' 'QL9O1D2' 'QL9O1A3'
 'QL9O1B3' 'QL9O1D3']",216,9
123_2LT001,418.44113,52.214725,1025.2828,['123_2LT001'],48,1,['G9ALOB1' 'G9ALOB2'],48,2
123_3LT001,2283.3215,51.988064,5386.547,['123_3LT001'],216,1,"['AQ13VA1' 'AQ13VB1' 'AQ13VD1' 'AQ13VA2' 'AQ13VB2' 'AQ13VD2' 'AQ13VA3'
 'AQ13VB3' 'AQ13VD3']",216,9
124_0LT001,2143.8975,49.597225,5336.9595,['124_0LT001'],216,1,"['OGPQ9A1' 'OGPQ9B1' 'OGPQ9D1' 'OGPQ9A2' 'OGPQ9B2' 'OGPQ9D2' 'OGPQ9A3'
 'OGPQ9B3' 'OGPQ9D3']",216,9
124_1LT001,2182.3464,47.896915,5548.5513,['124_1LT001'],216,1,"['L3VQPA1' 'L3VQPB1' 'L3VQPC1' 'L3VQPA2' 'L3VQPB2' 'L3VQPC2' 'L3VQPA3'
 'L3VQPB3' 'L3VQPC3']",216,9
124_2LT001,2176.6436,50.358498,5323.962,['124_2LT001'],216,1,"['G9LPQA1' 'G9LPQB1' 'G9LPQD1' 'G9LPQA2' 'G9LPQB2' 'G9LPQD2' 'G9LPQA3'
 'G9LPQB3' 'G9LPQD3']",216,9
124_3LT001,2238.3481,48.798313,5625.0547,['124_3LT001'],216,1,"['GL3Q1A1' 'GL3Q1B1' 'GL3Q1D1' 'GL3Q1A2' 'GL3Q1B2' 'GL3Q1D2' 'GL3Q1A3'
 'GL3Q1B3' 'GL3Q1D3']",216,9
125_0LT001,1334.6866,52.544453,3799.5742,['125_0LT001'],144,1,['3P1OQA1' '3P1OQB1' '3P1OQA2' '3P1OQB2' '3P1OQA3' '3P1OQB3'],144,6
125_1LT001,2227.2979,49.834034,5676.2236,['125_1LT001'],216,1,"['VGO1AA1' 'VGO1AB1' 'VGO1AC1' 'VGO1AA2' 'VGO1AB2' 'VGO1AC2' 'VGO1AA3'
 'VGO1AB3' 'VGO1AC3']",216,9
125_2LT001,2064.9954,50.19485,5229.6606,['125_2LT001'],216,1,"['A91POA1' 'A91POB1' 'A91POD1' 'A91POA2' 'A91POB2' 'A91POD2' 'A91POA3'
 'A91POB3' 'A91POD3']",216,9
125_3LT001,2286.05,49.589115,5103.6025,['125_3LT001'],216,1,"['9PAVGA1' '9PAVGB1' '9PAVGC1' '9PAVGA2' '9PAVGB2' '9PAVGC2' '9PAVGA3'
 '9PAVGB3' '9PAVGC3']",216,9
126_0LT001,426.24646,48.99776,1236.2223,['126_0LT001'],48,1,['1AOP9B1' '1AOP9B2'],48,2
126_1LT001,464.7969,52.859196,1217.8356,['126_1LT001'],48,1,['3LGQAB1' '3LGQAB2'],48,2
126_2LT001,2079.7908,49.609035,5476.303,['126_2LT001'],216,1,"['V91LOA1' 'V91LOB1' 'V91LOD1' 'V91LOA2' 'V91LOB2' 'V91LOD2' 'V91LOA3'
 'V91LOB3' 'V91LOD3']",216,9
126_3LT001,2211.2083,51.58045,5449.4004,['126_3LT001'],216,1,"['3LV1OA1' '3LV1OB1' '3LV1OD1' '3LV1OA2' '3LV1OB2' '3LV1OD2' '3LV1OA3'
 '3LV1OB3' '3LV1OD3']",216,9
127_0LT001,523.9886,48.90736,1096.5796,['127_0LT001'],48,1,['Q19P3B1' 'Q19P3B2'],48,2
127_1LT001,2162.7449,47.50331,5369.891,['127_1LT001'],216,1,"['1VALGA1' '1VALGB1' '1VALGC1' '1VALGA2' '1VALGB2' '1VALGC2' '1VALGA3'
 '1VALGB3' '1VALGC3']",216,9
127_2LT001,2427.931,52.61812,5929.837,['127_2LT001'],240,1,"['GOPVQB1' 'GOPVQC1' 'GOPVQB2' 'GOPVQC2' 'GOPVQB3' 'GOPVQC3' 'GOPVQB4'
 'GOPVQC4' 'GOPVQB5' 'GOPVQC5']",240,10
128_0LT001,1456.3087,47.97795,3408.8813,['128_0LT001'],144,1,['OQPVLA1' 'OQPVLB1' 'OQPVLA2' 'OQPVLB2' 'OQPVLA3' 'OQPVLB3'],144,6
128_1LT001,2133.2058,51.845795,5322.707,['128_1LT001'],216,1,"['V3L9OA1' 'V3L9OB1' 'V3L9OD1' 'V3L9OA2' 'V3L9OB2' 'V3L9OD2' 'V3L9OA3'
 'V3L9OB3' 'V3L9OD3']",216,9
129_0LT001,2082.6965,50.32344,5159.1167,['129_0LT001'],216,1,"['L9V3QA1' 'L9V3QB1' 'L9V3QD1' 'L9V3QA2' 'L9V3QB2' 'L9V3QD2' 'L9V3QA3'
 'L9V3QB3' 'L9V3QD3']",216,9
129_1LT001,910.7433,50.833817,2468.7905,['129_1LT001'],96,1,['A3OP9B1' 'A3OP9D1' 'A3OP9B2' 'A3OP9D2'],96,4
130_0LT001,2172.9028,46.485497,5659.669,['130_0LT001'],216,1,"['3GPVAA1' '3GPVAB1' '3GPVAD1' '3GPVAA2' '3GPVAB2' '3GPVAD2' '3GPVAA3'
 '3GPVAB3' '3GPVAD3']",216,9
130_1LT001,474.16577,48.53829,1069.9045,['130_1LT001'],48,1,['OQ1LPB1' 'OQ1LPB2'],48,2
130_2LT001,997.40234,48.900177,2340.821,['130_2LT001'],96,1,['QPAGVB1' 'QPAGVD1' 'QPAGVB2' 'QPAGVD2'],96,4
131_0LT001,1442.798,55.55995,3806.5667,['131_0LT001'],144,1,['13GLOA1' '13GLOB1' '13GLOA2' '13GLOB2' '13GLOA3' '13GLOB3'],144,6
131_1LT001,476.5674,49.481556,1161.0907,['131_1LT001'],48,1,['9L3AGB1' '9L3AGB2'],48,2
131_2LT001,855.0269,56.367435,2533.8723,['131_2LT001'],96,1,['3GAV9B1' '3GAV9D1' '3GAV9B2' '3GAV9D2'],96,4
132_0LT001,1233.3792,48.460403,3159.4255,['132_0LT001'],120,1,['1LPOVB1' '1LPOVB2' '1LPOVB3' '1LPOVB4' '1LPOVB5'],120,5
132_1LT001,2210.6265,46.387184,5373.5356,['132_1LT001'],216,1,"['PG9ALA1' 'PG9ALB1' 'PG9ALC1' 'PG9ALA2' 'PG9ALB2' 'PG9ALC2' 'PG9ALA3'
 'PG9ALB3' 'PG9ALC3']",216,9
133_0LT001,2143.9075,46.339054,5344.6436,['133_0LT001'],216,1,"['VL19AA1' 'VL19AB1' 'VL19AD1' 'VL19AA2' 'VL19AB2' 'VL19AD2' 'VL19AA3'
 'VL19AB3' 'VL19AD3']",216,9
133_1LT001,2145.443,50.459396,5708.06,['133_1LT001'],216,1,"['AO93QA1' 'AO93QB1' 'AO93QD1' 'AO93QA2' 'AO93QB2' 'AO93QD2' 'AO93QA3'
 'AO93QB3' 'AO93QD3']",216,9
133_2LT001,2264.9387,47.426548,5506.1523,['133_2LT001'],216,1,"['QGLV9A1' 'QGLV9B1' 'QGLV9D1' 'QGLV9A2' 'QGLV9B2' 'QGLV9D2' 'QGLV9A3'
 'QGLV9B3' 'QGLV9D3']",216,9
134_0LT001,2183.452,48.111343,5213.318,['134_0LT001'],216,1,"['PVAL1A1' 'PVAL1B1' 'PVAL1D1' 'PVAL1A2' 'PVAL1B2' 'PVAL1D2' 'PVAL1A3'
 'PVAL1B3' 'PVAL1D3']",216,9
134_1LT001,1531.8466,50.399933,3630.392,['134_1LT001'],144,1,['O1AGQA1' 'O1AGQB1' 'O1AGQA2' 'O1AGQB2' 'O1AGQA3' 'O1AGQB3'],144,6
134_2LT001,479.03067,55.39855,1106.2563,['134_2LT001'],48,1,['1ALV3B1' '1ALV3B2'],48,2
135_0LT001,2136.8118,51.90239,5361.146,['135_0LT001'],216,1,"['VAQOPA1' 'VAQOPB1' 'VAQOPD1' 'VAQOPA2' 'VAQOPB2' 'VAQOPD2' 'VAQOPA3'
 'VAQOPB3' 'VAQOPD3']",216,9
135_1LT001,966.09064,45.97725,2366.9993,['135_1LT001'],96,1,['QLAP1B1' 'QLAP1D1' 'QLAP1B2' 'QLAP1D2'],96,4
135_2LT001,1335.5493,51.38046,3542.8518,['135_2LT001'],144,1,['PO3G9A1' 'PO3G9B1' 'PO3G9A2' 'PO3G9B2' 'PO3G9A3' 'PO3G9B3'],144,6
135_3LT001,2105.9287,53.584007,5291.102,['135_3LT001'],216,1,"['OPLV9A1' 'OPLV9B1' 'OPLV9D1' 'OPLV9A2' 'OPLV9B2' 'OPLV9D2' 'OPLV9A3'
 'OPLV9B3' 'OPLV9D3']",216,9
136_0LT001,2469.1384,50.037144,5737.587,['136_0LT001'],240,1,"['QL3PVB1' 'QL3PVC1' 'QL3PVB2' 'QL3PVC2' 'QL3PVB3' 'QL3PVC3' 'QL3PVB4'
 'QL3PVC4' 'QL3PVB5' 'QL3PVC5']",240,10
136_1LT001,1393.334,56.13495,3435.7915,['136_1LT001'],144,1,['VQAPOA1' 'VQAPOB1' 'VQAPOA2' 'VQAPOB2' 'VQAPOA3' 'VQAPOB3'],144,6
136_2LT001,2127.6392,50.49969,5667.4243,['136_2LT001'],216,1,"['PQ9GLA1' 'PQ9GLB1' 'PQ9GLC1' 'PQ9GLA2' 'PQ9GLB2' 'PQ9GLC2' 'PQ9GLA3'
 'PQ9GLB3' 'PQ9GLC3']",216,9
137_0LT001,2173.5,52.467937,5562.46,['137_0LT001'],216,1,"['L1VGPA1' 'L1VGPB1' 'L1VGPC1' 'L1VGPA2' 'L1VGPB2' 'L1VGPC2' 'L1VGPA3'
 'L1VGPB3' 'L1VGPC3']",216,9
137_1LT001,1014.17944,47.463593,2312.4165,['137_1LT001'],96,1,['LO3QAB1' 'LO3QAD1' 'LO3QAB2' 'LO3QAD2'],96,4
137_2LT001,1466.7753,52.406376,3544.3137,['137_2LT001'],144,1,['GL9OAA1' 'GL9OAB1' 'GL9OAA2' 'GL9OAB2' 'GL9OAA3' 'GL9OAB3'],144,6
138_0LT001,2176.7996,47.67079,5497.251,['138_0LT001'],216,1,"['P1QAGA1' 'P1QAGB1' 'P1QAGD1' 'P1QAGA2' 'P1QAGB2' 'P1QAGD2' 'P1QAGA3'
 'P1QAGB3' 'P1QAGD3']",216,9
138_1LT001,2096.9543,49.38086,5060.1025,['138_1LT001'],216,1,"['V1OPQA1' 'V1OPQB1' 'V1OPQD1' 'V1OPQA2' 'V1OPQB2' 'V1OPQD2' 'V1OPQA3'
 'V1OPQB3' 'V1OPQD3']",216,9
138_2LT001,2187.4106,51.08062,5513.132,['138_2LT001'],216,1,"['QOLV1A1' 'QOLV1B1' 'QOLV1C1' 'QOLV1A2' 'QOLV1B2' 'QOLV1C2' 'QOLV1A3'
 'QOLV1B3' 'QOLV1C3']",216,9
139_0LT001,2085.3948,49.2569,5767.505,['139_0LT001'],216,1,"['PVAOQA1' 'PVAOQB1' 'PVAOQC1' 'PVAOQA2' 'PVAOQB2' 'PVAOQC2' 'PVAOQA3'
 'PVAOQB3' 'PVAOQC3']",216,9
139_1LT001,2228.0515,50.919,5327.17,['139_1LT001'],216,1,"['9APO3A1' '9APO3B1' '9APO3C1' '9APO3A2' '9APO3B2' '9APO3C2' '9APO3A3'
 '9APO3B3' '9APO3C3']",216,9
139_2LT001,2279.4497,47.981255,5277.955,['139_2LT001'],216,1,"['QG39AA1' 'QG39AB1' 'QG39AD1' 'QG39AA2' 'QG39AB2' 'QG39AD2' 'QG39AA3'
 'QG39AB3' 'QG39AD3']",216,9
140_0LT001,518.89655,49.4758,1219.9703,['140_0LT001'],48,1,['3A91LB1' '3A91LB2'],48,2
140_1LT001,1469.2578,44.551342,3749.0322,['140_1LT001'],144,1,['AV3PQA1' 'AV3PQB1' 'AV3PQA2' 'AV3PQB2' 'AV3PQA3' 'AV3PQB3'],144,6
141_0LT001,1170.8514,51.75017,2926.9688,['141_0LT001'],120,1,['LOQPAB1' 'LOQPAB2' 'LOQPAB3' 'LOQPAB4' 'LOQPAB5'],120,5
141_1LT001,2191.0847,50.474724,5099.5933,['141_1LT001'],216,1,"['3PLGAA1' '3PLGAB1' '3PLGAD1' '3PLGAA2' '3PLGAB2' '3PLGAD2' '3PLGAA3'
 '3PLGAB3' '3PLGAD3']",216,9
141_2LT001,2103.021,47.93923,5365.976,['141_2LT001'],216,1,"['APQ9LA1' 'APQ9LB1' 'APQ9LC1' 'APQ9LA2' 'APQ9LB2' 'APQ9LC2' 'APQ9LA3'
 'APQ9LB3' 'APQ9LC3']",216,9
141_3LT001,2109.942,52.640324,5566.247,['141_3LT001'],216,1,"['LGQOAA1' 'LGQOAB1' 'LGQOAD1' 'LGQOAA2' 'LGQOAB2' 'LGQOAD2' 'LGQOAA3'
 'LGQOAB3' 'LGQOAD3']",216,9
142_0LT001,2217.7573,51.606056,5467.423,['142_0LT001'],216,1,"['13PVGA1' '13PVGB1' '13PVGC1' '13PVGA2' '13PVGB2' '13PVGC2' '13PVGA3'
 '13PVGB3' '13PVGC3']",216,9
142_1LT001,2319.291,48.493896,5933.176,['142_1LT001'],240,1,"['OV9LPB1' 'OV9LPC1' 'OV9LPB2' 'OV9LPC2' 'OV9LPB3' 'OV9LPC3' 'OV9LPB4'
 'OV9LPC4' 'OV9LPB5' 'OV9LPC5']",240,10
143_0LT001,2132.642,49.322796,5574.075,['143_0LT001'],216,1,"['QPLGVA1' 'QPLGVB1' 'QPLGVD1' 'QPLGVA2' 'QPLGVB2' 'QPLGVD2' 'QPLGVA3'
 'QPLGVB3' 'QPLGVD3']",216,9
143_1LT001,2090.2283,47.988873,5362.47,['143_1LT001'],216,1,"['3PL9QA1' '3PL9QB1' '3PL9QC1' '3PL9QA2' '3PL9QB2' '3PL9QC2' '3PL9QA3'
 '3PL9QB3' '3PL9QC3']",216,9
143_2LT001,2193.539,48.547832,5356.9463,['143_2LT001'],216,1,"['OVA3LA1' 'OVA3LB1' 'OVA3LD1' 'OVA3LA2' 'OVA3LB2' 'OVA3LD2' 'OVA3LA3'
 'OVA3LB3' 'OVA3LD3']",216,9
144_0LT001,2299.5642,49.573383,5462.6255,['144_0LT001'],216,1,"['9GQL3A1' '9GQL3B1' '9GQL3D1' '9GQL3A2' '9GQL3B2' '9GQL3D2' '9GQL3A3'
 '9GQL3B3' '9GQL3D3']",216,9
144_1LT001,2178.2578,52.89777,5495.942,['144_1LT001'],216,1,"['G9V3PA1' 'G9V3PB1' 'G9V3PC1' 'G9V3PA2' 'G9V3PB2' 'G9V3PC2' 'G9V3PA3'
 'G9V3PB3' 'G9V3PC3']",216,9
145_0LT001,435.14288,45.241093,1158.2145,['145_0LT001'],48,1,['G1VPAB1' 'G1VPAB2'],48,2
145_1LT001,923.9645,47.15613,2657.029,['145_1LT001'],96,1,['9OQLPB1' '9OQLPD1' '9OQLPB2' '9OQLPD2'],96,4
146_0LT001,2242.7236,53.35613,5310.9077,['146_0LT001'],216,1,"['QO3GPA1' 'QO3GPB1' 'QO3GPC1' 'QO3GPA2' 'QO3GPB2' 'QO3GPC2' 'QO3GPA3'
 'QO3GPB3' 'QO3GPC3']",216,9
146_1LT001,933.42267,52.281567,2491.9746,['146_1LT001'],96,1,['GA1L9B1' 'GA1L9D1' 'GA1L9B2' 'GA1L9D2'],96,4
146_2LT001,2124.2563,51.60328,5544.1724,['146_2LT001'],216,1,"['GQ1P9A1' 'GQ1P9B1' 'GQ1P9C1' 'GQ1P9A2' 'GQ1P9B2' 'GQ1P9C2' 'GQ1P9A3'
 'GQ1P9B3' 'GQ1P9C3']",216,9
146_3LT001,2254.4412,49.552414,5538.5835,['146_3LT001'],216,1,"['QLGA9A1' 'QLGA9B1' 'QLGA9C1' 'QLGA9A2' 'QLGA9B2' 'QLGA9C2' 'QLGA9A3'
 'QLGA9B3' 'QLGA9C3']",216,9
147_0LT001,2099.3875,48.7417,5411.6533,['147_0LT001'],216,1,"['1VG9QA1' '1VG9QB1' '1VG9QD1' '1VG9QA2' '1VG9QB2' '1VG9QD2' '1VG9QA3'
 '1VG9QB3' '1VG9QD3']",216,9
147_1LT001,2070.6294,47.490215,5597.657,['147_1LT001'],216,1,"['93GALA1' '93GALB1' '93GALD1' '93GALA2' '93GALB2' '93GALD2' '93GALA3'
 '93GALB3' '93GALD3']",216,9
147_2LT001,2079.6882,52.403732,5711.687,['147_2LT001'],216,1,"['9ALP3A1' '9ALP3B1' '9ALP3D1' '9ALP3A2' '9ALP3B2' '9ALP3D2' '9ALP3A3'
 '9ALP3B3' '9ALP3D3']",216,9
148_0LT001,1463.1443,51.53162,3608.461,['148_0LT001'],144,1,['1AOQ9A1' '1AOQ9B1' '1AOQ9A2' '1AOQ9B2' '1AOQ9A3' '1AOQ9B3'],144,6
148_1LT001,446.3356,54.45366,1266.7446,['148_1LT001'],48,1,['P3AVLB1' 'P3AVLB2'],48,2
148_2LT001,2084.5854,51.713264,5416.726,['148_2LT001'],216,1,"['V93AOA1' 'V93AOB1' 'V93AOD1' 'V93AOA2' 'V93AOB2' 'V93AOD2' 'V93AOA3'
 'V93AOB3' 'V93AOD3']",216,9
148_3LT001,469.53357,54.091446,1239.7699,['148_3LT001'],48,1,['O31APB1' 'O31APB2'],48,2
149_0LT001,1268.809,48.983475,3386.5947,['149_0LT001'],144,1,['O9Q3LA1' 'O9Q3LB1' 'O9Q3LA2' 'O9Q3LB2' 'O9Q3LA3' 'O9Q3LB3'],144,6
149_1LT001,403.26187,52.050373,1345.7123,['149_1LT001'],48,1,['A91GPB1' 'A91GPB2'],48,2
149_2LT001,423.3798,52.509262,1192.6876,['149_2LT001'],48,1,['OAQ9LB1' 'OAQ9LB2'],48,2
149_3LT001,1989.1427,52.280617,5248.9585,['149_3LT001'],216,1,"['PLGV3A1' 'PLGV3B1' 'PLGV3C1' 'PLGV3A2' 'PLGV3B2' 'PLGV3C2' 'PLGV3A3'
 'PLGV3B3' 'PLGV3C3']",216,9
150_0LT001,2359.8428,51.540836,6131.831,['150_0LT001'],240,1,"['GV91PB1' 'GV91PD1' 'GV91PB2' 'GV91PD2' 'GV91PB3' 'GV91PD3' 'GV91PB4'
 'GV91PD4' 'GV91PB5' 'GV91PD5']",240,10
150_1LT001,1184.0055,50.199078,2942.5322,['150_1LT001'],120,1,['3AO9LB1' '3AO9LB2' '3AO9LB3' '3AO9LB4' '3AO9LB5'],120,5
150_2LT001,1442.432,49.750572,3503.838,['150_2LT001'],144,1,['QO9GAA1' 'QO9GAB1' 'QO9GAA2' 'QO9GAB2' 'QO9GAA3' 'QO9GAB3'],144,6
151_0LT001,2274.5635,50.438774,5408.008,['151_0LT001'],216,1,"['1L9GQA1' '1L9GQB1' '1L9GQD1' '1L9GQA2' '1L9GQB2' '1L9GQD2' '1L9GQA3'
 '1L9GQB3' '1L9GQD3']",216,9
151_1LT001,537.072,50.728497,1163.851,['151_1LT001'],48,1,['13L9OB1' '13L9OB2'],48,2
151_2LT001,1406.4691,46.482677,3351.1135,['151_2LT001'],144,1,['LOPGVA1' 'LOPGVB1' 'LOPGVA2' 'LOPGVB2' 'LOPGVA3' 'LOPGVB3'],144,6
152_0LT001,425.28998,40.512417,1156.3441,['152_0LT001'],48,1,['G139AB1' 'G139AB2'],48,2
152_1LT001,938.75684,45.355984,2387.3508,['152_1LT001'],96,1,['O3PV1B1' 'O3PV1D1' 'O3PV1B2' 'O3PV1D2'],96,4
152_2LT001,2115.2837,48.619026,5515.5957,['152_2LT001'],216,1,"['O9G1PA1' 'O9G1PB1' 'O9G1PC1' 'O9G1PA2' 'O9G1PB2' 'O9G1PC2' 'O9G1PA3'
 'O9G1PB3' 'O9G1PC3']",216,9
153_0LT001,478.48877,52.742172,1261.6709,['153_0LT001'],48,1,['QP9VOB1' 'QP9VOB2'],48,2
153_1LT001,901.2795,48.746918,2444.4539,['153_1LT001'],96,1,['QVP1AB1' 'QVP1AD1' 'QVP1AB2' 'QVP1AD2'],96,4
153_2LT001,987.3468,53.799458,2241.8247,['153_2LT001'],96,1,['P9AQOB1' 'P9AQOD1' 'P9AQOB2' 'P9AQOD2'],96,4
154_0LT001,952.43964,50.280895,2273.9385,['154_0LT001'],96,1,['1VOG3B1' '1VOG3D1' '1VOG3B2' '1VOG3D2'],96,4
154_1LT001,2145.4556,49.323143,5298.6543,['154_1LT001'],216,1,"['GL1P9A1' 'GL1P9B1' 'GL1P9D1' 'GL1P9A2' 'GL1P9B2' 'GL1P9D2' 'GL1P9A3'
 'GL1P9B3' 'GL1P9D3']",216,9
154_2LT001,516.11444,47.26659,1314.5729,['154_2LT001'],48,1,['GQPALB1' 'GQPALB2'],48,2
154_3LT001,2422.2021,49.761734,5921.942,['154_3LT001'],240,1,"['LO1APB1' 'LO1APD1' 'LO1APB2' 'LO1APD2' 'LO1APB3' 'LO1APD3' 'LO1APB4'
 'LO1APD4' 'LO1APB5' 'LO1APD5']",240,10
155_0LT001,502.25018,45.470364,1123.1179,['155_0LT001'],48,1,['P3AQGB1' 'P3AQGB2'],48,2
155_1LT001,865.4591,46.22449,2497.9224,['155_1LT001'],96,1,['9VO1AB1' '9VO1AD1' '9VO1AB2' '9VO1AD2'],96,4
155_2LT001,543.0887,46.73604,1145.7665,['155_2LT001'],48,1,['13GOVB1' '13GOVB2'],48,2
156_0LT001,2170.6624,47.92368,5093.409,['156_0LT001'],216,1,"['VAP13A1' 'VAP13B1' 'VAP13D1' 'VAP13A2' 'VAP13B2' 'VAP13D2' 'VAP13A3'
 'VAP13B3' 'VAP13D3']",216,9
156_1LT001,2005.9313,51.121357,5487.251,['156_1LT001'],216,1,"['3QVGOA1' '3QVGOB1' '3QVGOD1' '3QVGOA2' '3QVGOB2' '3QVGOD2' '3QVGOA3'
 '3QVGOB3' '3QVGOD3']",216,9
157_0LT001,2407.0989,49.504375,5985.2485,['157_0LT001'],240,1,"['PL9A1B1' 'PL9A1D1' 'PL9A1B2' 'PL9A1D2' 'PL9A1B3' 'PL9A1D3' 'PL9A1B4'
 'PL9A1D4' 'PL9A1B5' 'PL9A1D5']",240,10
157_1LT001,2282.5068,48.332767,5593.783,['157_1LT001'],216,1,"['P9VL1A1' 'P9VL1B1' 'P9VL1D1' 'P9VL1A2' 'P9VL1B2' 'P9VL1D2' 'P9VL1A3'
 'P9VL1B3' 'P9VL1D3']",216,9
157_2LT001,2103.2896,47.8383,5409.345,['157_2LT001'],216,1,"['AQOL3A1' 'AQOL3B1' 'AQOL3C1' 'AQOL3A2' 'AQOL3B2' 'AQOL3C2' 'AQOL3A3'
 'AQOL3B3' 'AQOL3C3']",216,9
157_3LT001,2283.7925,49.121456,5090.118,['157_3LT001'],216,1,"['1Q9PGA1' '1Q9PGB1' '1Q9PGD1' '1Q9PGA2' '1Q9PGB2' '1Q9PGD2' '1Q9PGA3'
 '1Q9PGB3' '1Q9PGD3']",216,9
158_0LT001,2051.5286,50.40845,5423.438,['158_0LT001'],216,1,"['OLP39A1' 'OLP39B1' 'OLP39C1' 'OLP39A2' 'OLP39B2' 'OLP39C2' 'OLP39A3'
 'OLP39B3' 'OLP39C3']",216,9
158_1LT001,1542.4974,50.744183,3556.2556,['158_1LT001'],144,1,['L931AA1' 'L931AB1' 'L931AA2' 'L931AB2' 'L931AA3' 'L931AB3'],144,6
158_2LT001,2123.1907,49.420547,5465.3345,['158_2LT001'],216,1,"['3OVAGA1' '3OVAGB1' '3OVAGD1' '3OVAGA2' '3OVAGB2' '3OVAGD2' '3OVAGA3'
 '3OVAGB3' '3OVAGD3']",216,9
158_3LT001,496.60416,55.347565,1192.3282,['158_3LT001'],48,1,['Q1OPLB1' 'Q1OPLB2'],48,2
159_0LT001,2296.7756,48.469185,6201.564,['159_0LT001'],240,1,"['A1OVQB1' 'A1OVQD1' 'A1OVQB2' 'A1OVQD2' 'A1OVQB3' 'A1OVQD3' 'A1OVQB4'
 'A1OVQD4' 'A1OVQB5' 'A1OVQD5']",240,10
159_1LT001,2159.565,51.28284,5190.687,['159_1LT001'],216,1,"['OL13GA1' 'OL13GB1' 'OL13GC1' 'OL13GA2' 'OL13GB2' 'OL13GC2' 'OL13GA3'
 'OL13GB3' 'OL13GC3']",216,9
159_2LT001,961.7103,50.545963,2428.756,['159_2LT001'],96,1,['OQP9GB1' 'OQP9GD1' 'OQP9GB2' 'OQP9GD2'],96,4
159_3LT001,2068.2979,49.747757,5483.7505,['159_3LT001'],216,1,"['PV9LGA1' 'PV9LGB1' 'PV9LGD1' 'PV9LGA2' 'PV9LGB2' 'PV9LGD2' 'PV9LGA3'
 'PV9LGB3' 'PV9LGD3']",216,9
159_4LT001,2073.522,50.66358,5474.5503,['159_4LT001'],216,1,"['3QL1AA1' '3QL1AB1' '3QL1AC1' '3QL1AA2' '3QL1AB2' '3QL1AC2' '3QL1AA3'
 '3QL1AB3' '3QL1AC3']",216,9
159_5LT001,2225.8445,50.509476,5221.07,['159_5LT001'],216,1,"['V1P3OA1' 'V1P3OB1' 'V1P3OC1' 'V1P3OA2' 'V1P3OB2' 'V1P3OC2' 'V1P3OA3'
 'V1P3OB3' 'V1P3OC3']",216,9
160_0LT001,2263.2722,47.21432,4953.1943,['160_0LT001'],216,1,"['1OVPQA1' '1OVPQB1' '1OVPQC1' '1OVPQA2' '1OVPQB2' '1OVPQC2' '1OVPQA3'
 '1OVPQB3' '1OVPQC3']",216,9
160_1LT001,490.529,53.722225,1074.1056,['160_1LT001'],48,1,['39A1PB1' '39A1PB2'],48,2
160_2LT001,2112.306,49.83417,5691.1143,['160_2LT001'],216,1,"['PO1QAA1' 'PO1QAB1' 'PO1QAC1' 'PO1QAA2' 'PO1QAB2' 'PO1QAC2' 'PO1QAA3'
 'PO1QAB3' 'PO1QAC3']",216,9
160_3LT001,518.96844,57.065784,1216.9783,['160_3LT001'],48,1,['PG1OLB1' 'PG1OLB2'],48,2
161_0LT001,1402.0409,51.74191,3815.231,['161_0LT001'],144,1,['OAQVGA1' 'OAQVGB1' 'OAQVGA2' 'OAQVGB2' 'OAQVGA3' 'OAQVGB3'],144,6
161_1LT001,2089.9033,51.964493,5523.5444,['161_1LT001'],216,1,"['1O3ALA1' '1O3ALB1' '1O3ALC1' '1O3ALA2' '1O3ALB2' '1O3ALC2' '1O3ALA3'
 '1O3ALB3' '1O3ALC3']",216,9
162_0LT001,2378.3882,50.390488,6325.4834,['162_0LT001'],240,1,"['LA1G9B1' 'LA1G9C1' 'LA1G9B2' 'LA1G9C2' 'LA1G9B3' 'LA1G9C3' 'LA1G9B4'
 'LA1G9C4' 'LA1G9B5' 'LA1G9C5']",240,10
162_1LT001,1016.2613,53.487747,2417.6912,['162_1LT001'],96,1,['O9A13B1' 'O9A13D1' 'O9A13B2' 'O9A13D2'],96,4
162_2LT001,1564.0741,48.50681,3330.0725,['162_2LT001'],144,1,['LOG19A1' 'LOG19B1' 'LOG19A2' 'LOG19B2' 'LOG19A3' 'LOG19B3'],144,6
162_3LT001,456.30356,51.449352,1120.1876,['162_3LT001'],48,1,['G139VB1' 'G139VB2'],48,2
163_0LT001,1528.7101,49.985813,3517.8323,['163_0LT001'],144,1,['1QGL3A1' '1QGL3B1' '1QGL3A2' '1QGL3B2' '1QGL3A3' '1QGL3B3'],144,6
163_1LT001,467.53473,56.928066,1082.695,['163_1LT001'],48,1,['P3OAQB1' 'P3OAQB2'],48,2
163_2LT001,2142.152,49.305508,5176.0947,['163_2LT001'],216,1,"['OGA31A1' 'OGA31B1' 'OGA31D1' 'OGA31A2' 'OGA31B2' 'OGA31D2' 'OGA31A3'
 'OGA31B3' 'OGA31D3']",216,9
164_0LT001,2521.919,53.840706,6170.454,['164_0LT001'],240,1,"['OGAVQB1' 'OGAVQD1' 'OGAVQB2' 'OGAVQD2' 'OGAVQB3' 'OGAVQD3' 'OGAVQB4'
 'OGAVQD4' 'OGAVQB5' 'OGAVQD5']",240,10
164_1LT001,2139.3665,48.54441,5566.4224,['164_1LT001'],216,1,"['9GLVPA1' '9GLVPB1' '9GLVPD1' '9GLVPA2' '9GLVPB2' '9GLVPD2' '9GLVPA3'
 '9GLVPB3' '9GLVPD3']",216,9
165_0LT001,1579.9396,48.896442,3759.8677,['165_0LT001'],144,1,['A3OV9A1' 'A3OV9B1' 'A3OV9A2' 'A3OV9B2' 'A3OV9A3' 'A3OV9B3'],144,6
165_1LT001,1211.8665,54.089222,2882.5684,['165_1LT001'],120,1,['PVL3OB1' 'PVL3OB2' 'PVL3OB3' 'PVL3OB4' 'PVL3OB5'],120,5
166_0LT001,1014.8918,50.67529,2219.5234,['166_0LT001'],96,1,['V1GLQB1' 'V1GLQD1' 'V1GLQB2' 'V1GLQD2'],96,4
166_1LT001,2227.3877,48.993565,5432.96,['166_1LT001'],216,1,"['L1A9OA1' 'L1A9OB1' 'L1A9OC1' 'L1A9OA2' 'L1A9OB2' 'L1A9OC2' 'L1A9OA3'
 'L1A9OB3' 'L1A9OC3']",216,9
166_2LT001,1510.5953,54.251312,3470.9036,['166_2LT001'],144,1,['91A3GA1' '91A3GB1' '91A3GA2' '91A3GB2' '91A3GA3' '91A3GB3'],144,6
166_3LT001,2086.5642,50.442886,5220.325,['166_3LT001'],216,1,"['3PALQA1' '3PALQB1' '3PALQD1' '3PALQA2' '3PALQB2' '3PALQD2' '3PALQA3'
 '3PALQB3' '3PALQD3']",216,9
167_0LT001,2074.5178,48.448006,5166.189,['167_0LT001'],216,1,"['L3OVPA1' 'L3OVPB1' 'L3OVPD1' 'L3OVPA2' 'L3OVPB2' 'L3OVPD2' 'L3OVPA3'
 'L3OVPB3' 'L3OVPD3']",216,9
167_1LT001,2127.1436,51.685673,5757.6934,['167_1LT001'],216,1,"['Q1OL9A1' 'Q1OL9B1' 'Q1OL9D1' 'Q1OL9A2' 'Q1OL9B2' 'Q1OL9D2' 'Q1OL9A3'
 'Q1OL9B3' 'Q1OL9D3']",216,9
167_2LT001,2228.2322,50.722313,5742.382,['167_2LT001'],216,1,"['PVG3AA1' 'PVG3AB1' 'PVG3AD1' 'PVG3AA2' 'PVG3AB2' 'PVG3AD2' 'PVG3AA3'
 'PVG3AB3' 'PVG3AD3']",216,9
168_0LT001,2089.2754,53.04101,5497.054,['168_0LT001'],216,1,"['LOGP9A1' 'LOGP9B1' 'LOGP9D1' 'LOGP9A2' 'LOGP9B2' 'LOGP9D2' 'LOGP9A3'
 'LOGP9B3' 'LOGP9D3']",216,9
168_1LT001,2233.561,51.730232,5184.261,['168_1LT001'],216,1,"['1LGVQA1' '1LGVQB1' '1LGVQC1' '1LGVQA2' '1LGVQB2' '1LGVQC2' '1LGVQA3'
 '1LGVQB3' '1LGVQC3']",216,9
168_2LT001,2216.2441,48.426365,5094.142,['168_2LT001'],216,1,"['3P9OAA1' '3P9OAB1' '3P9OAD1' '3P9OAA2' '3P9OAB2' '3P9OAD2' '3P9OAA3'
 '3P9OAB3' '3P9OAD3']",216,9
168_3LT001,2160.8804,52.07033,5724.6772,['168_3LT001'],216,1,"['VL39OA1' 'VL39OB1' 'VL39OD1' 'VL39OA2' 'VL39OB2' 'VL39OD2' 'VL39OA3'
 'VL39OB3' 'VL39OD3']",216,9
169_0LT001,2185.7717,52.36662,5351.324,['169_0LT001'],216,1,"['PL31AA1' 'PL31AB1' 'PL31AD1' 'PL31AA2' 'PL31AB2' 'PL31AD2' 'PL31AA3'
 'PL31AB3' 'PL31AD3']",216,9
169_1LT001,1475.473,49.80478,3568.065,['169_1LT001'],144,1,['9O3VQA1' '9O3VQB1' '9O3VQA2' '9O3VQB2' '9O3VQA3' '9O3VQB3'],144,6
170_0LT001,2218.4307,50.5199,5449.4863,['170_0LT001'],216,1,"['3PAV9A1' '3PAV9B1' '3PAV9D1' '3PAV9A2' '3PAV9B2' '3PAV9D2' '3PAV9A3'
 '3PAV9B3' '3PAV9D3']",216,9
170_1LT001,2137.5059,47.4368,5535.1245,['170_1LT001'],216,1,"['19PALA1' '19PALB1' '19PALC1' '19PALA2' '19PALB2' '19PALC2' '19PALA3'
 '19PALB3' '19PALC3']",216,9
170_2LT001,1017.91125,52.60666,2334.9514,['170_2LT001'],96,1,['A9LPVB1' 'A9LPVD1' 'A9LPVB2' 'A9LPVD2'],96,4
171_0LT001,2139.4646,47.88061,5536.7354,['171_0LT001'],216,1,"['VL3OAA1' 'VL3OAB1' 'VL3OAD1' 'VL3OAA2' 'VL3OAB2' 'VL3OAD2' 'VL3OAA3'
 'VL3OAB3' 'VL3OAD3']",216,9
171_1LT001,2169.8477,44.855133,5597.0586,['171_1LT001'],216,1,"['93GLPA1' '93GLPB1' '93GLPC1' '93GLPA2' '93GLPB2' '93GLPC2' '93GLPA3'
 '93GLPB3' '93GLPC3']",216,9
172_0LT001,2155.5842,50.734806,4788.226,['172_0LT001'],216,1,"['93VLQA1' '93VLQB1' '93VLQC1' '93VLQA2' '93VLQB2' '93VLQC2' '93VLQA3'
 '93VLQB3' '93VLQC3']",216,9
172_1LT001,2024.5281,51.323368,5553.5967,['172_1LT001'],216,1,"['V9LA1A1' 'V9LA1B1' 'V9LA1D1' 'V9LA1A2' 'V9LA1B2' 'V9LA1D2' 'V9LA1A3'
 'V9LA1B3' 'V9LA1D3']",216,9
173_0LT001,444.58997,49.06735,1312.9296,['173_0LT001'],48,1,['ALQ3GB1' 'ALQ3GB2'],48,2
173_1LT001,2172.424,51.399418,5421.085,['173_1LT001'],216,1,"['3PLOGA1' '3PLOGB1' '3PLOGC1' '3PLOGA2' '3PLOGB2' '3PLOGC2' '3PLOGA3'
 '3PLOGB3' '3PLOGC3']",216,9
173_2LT001,2283.4045,51.957596,5363.4336,['173_2LT001'],216,1,"['3OA9PA1' '3OA9PB1' '3OA9PD1' '3OA9PA2' '3OA9PB2' '3OA9PD2' '3OA9PA3'
 '3OA9PB3' '3OA9PD3']",216,9
174_0LT001,421.69897,46.669018,1402.1138,['174_0LT001'],48,1,['19OLVB1' '19OLVB2'],48,2
174_1LT001,2248.0425,48.174534,5447.091,['174_1LT001'],216,1,"['3VAO9A1' '3VAO9B1' '3VAO9D1' '3VAO9A2' '3VAO9B2' '3VAO9D2' '3VAO9A3'
 '3VAO9B3' '3VAO9D3']",216,9
175_0LT001,2240.5698,53.40632,5607.8267,['175_0LT001'],216,1,"['VP31AA1' 'VP31AB1' 'VP31AD1' 'VP31AA2' 'VP31AB2' 'VP31AD2' 'VP31AA3'
 'VP31AB3' 'VP31AD3']",216,9
175_1LT001,1488.3054,48.29163,3458.0527,['175_1LT001'],144,1,['GAL3OA1' 'GAL3OB1' 'GAL3OA2' 'GAL3OB2' 'GAL3OA3' 'GAL3OB3'],144,6
175_2LT001,2132.6396,47.855118,5156.838,['175_2LT001'],216,1,"['Q3L9AA1' 'Q3L9AB1' 'Q3L9AD1' 'Q3L9AA2' 'Q3L9AB2' 'Q3L9AD2' 'Q3L9AA3'
 'Q3L9AB3' 'Q3L9AD3']",216,9
176_0LT001,941.2192,56.504147,2557.2017,['176_0LT001'],96,1,['G1Q3VB1' 'G1Q3VD1' 'G1Q3VB2' 'G1Q3VD2'],96,4
176_1LT001,2246.7468,47.619366,5338.3003,['176_1LT001'],216,1,"['1L9PVA1' '1L9PVB1' '1L9PVD1' '1L9PVA2' '1L9PVB2' '1L9PVD2' '1L9PVA3'
 '1L9PVB3' '1L9PVD3']",216,9
177_0LT001,2129.349,46.769905,5687.1523,['177_0LT001'],216,1,"['QGLA1A1' 'QGLA1B1' 'QGLA1D1' 'QGLA1A2' 'QGLA1B2' 'QGLA1D2' 'QGLA1A3'
 'QGLA1B3' 'QGLA1D3']",216,9
177_1LT001,2054.8662,51.571365,5555.639,['177_1LT001'],216,1,"['G9Q3LA1' 'G9Q3LB1' 'G9Q3LC1' 'G9Q3LA2' 'G9Q3LB2' 'G9Q3LC2' 'G9Q3LA3'
 'G9Q3LB3' 'G9Q3LC3']",216,9
177_2LT001,2251.2222,50.729973,5323.86,['177_2LT001'],216,1,"['3G9VQA1' '3G9VQB1' '3G9VQD1' '3G9VQA2' '3G9VQB2' '3G9VQD2' '3G9VQA3'
 '3G9VQB3' '3G9VQD3']",216,9
178_0LT001,989.9802,49.185364,2525.8096,['178_0LT001'],96,1,['P1OQGB1' 'P1OQGD1' 'P1OQGB2' 'P1OQGD2'],96,4
178_1LT001,2059.9731,46.775883,5160.2554,['178_1LT001'],216,1,"['LQO1PA1' 'LQO1PB1' 'LQO1PD1' 'LQO1PA2' 'LQO1PB2' 'LQO1PD2' 'LQO1PA3'
 'LQO1PB3' 'LQO1PD3']",216,9
178_2LT001,2144.0828,51.747883,5385.5527,['178_2LT001'],216,1,"['GPV3QA1' 'GPV3QB1' 'GPV3QD1' 'GPV3QA2' 'GPV3QB2' 'GPV3QD2' 'GPV3QA3'
 'GPV3QB3' 'GPV3QD3']",216,9
179_0LT001,520.94464,51.27773,1229.9014,['179_0LT001'],48,1,['A3V1OB1' 'A3V1OB2'],48,2
179_1LT001,2098.2888,50.0177,5064.582,['179_1LT001'],216,1,"['O9PAGA1' 'O9PAGB1' 'O9PAGD1' 'O9PAGA2' 'O9PAGB2' 'O9PAGD2' 'O9PAGA3'
 'O9PAGB3' 'O9PAGD3']",216,9
179_2LT001,2052.8608,46.042213,5654.927,['179_2LT001'],216,1,"['LOV13A1' 'LOV13B1' 'LOV13D1' 'LOV13A2' 'LOV13B2' 'LOV13D2' 'LOV13A3'
 'LOV13B3' 'LOV13D3']",216,9
180_0LT001,478.01642,53.825764,1177.5848,['180_0LT001'],48,1,['ALGPVB1' 'ALGPVB2'],48,2
180_1LT001,484.7726,53.810764,1310.4188,['180_1LT001'],48,1,['9Q1A3B1' '9Q1A3B2'],48,2
181_0LT001,2203.195,49.15539,5860.6245,['181_0LT001'],216,1,"['GP3QVA1' 'GP3QVB1' 'GP3QVD1' 'GP3QVA2' 'GP3QVB2' 'GP3QVD2' 'GP3QVA3'
 'GP3QVB3' 'GP3QVD3']",216,9
181_1LT001,988.27264,47.182858,2524.2688,['181_1LT001'],96,1,['QGPAOB1' 'QGPAOD1' 'QGPAOB2' 'QGPAOD2'],96,4
182_0LT001,2208.7537,47.372158,5596.471,['182_0LT001'],216,1,"['3GLVOA1' '3GLVOB1' '3GLVOC1' '3GLVOA2' '3GLVOB2' '3GLVOC2' '3GLVOA3'
 '3GLVOB3' '3GLVOC3']",216,9
182_1LT001,444.94757,53.999847,1144.434,['182_1LT001'],48,1,['VL3AGB1' 'VL3AGB2'],48,2
182_2LT001,1501.6702,50.773346,3539.9402,['182_2LT001'],144,1,['9AOLPA1' '9AOLPB1' '9AOLPA2' '9AOLPB2' '9AOLPA3' '9AOLPB3'],144,6
182_3LT001,2105.207,49.24107,5138.8403,['182_3LT001'],216,1,"['9GPQLA1' '9GPQLB1' '9GPQLD1' '9GPQLA2' '9GPQLB2' '9GPQLD2' '9GPQLA3'
 '9GPQLB3' '9GPQLD3']",216,9
183_0LT001,544.0553,50.825382,1206.0936,['183_0LT001'],48,1,['139OVB1' '139OVB2'],48,2
183_1LT001,2109.4797,52.010696,5440.6514,['183_1LT001'],216,1,"['L1V9GA1' 'L1V9GB1' 'L1V9GD1' 'L1V9GA2' 'L1V9GB2' 'L1V9GD2' 'L1V9GA3'
 'L1V9GB3' 'L1V9GD3']",216,9
183_2LT001,477.27124,52.056683,1023.0889,['183_2LT001'],48,1,['V3GPQB1' 'V3GPQB2'],48,2
183_3LT001,2077.769,50.70363,5344.726,['183_3LT001'],216,1,"['PG31VA1' 'PG31VB1' 'PG31VD1' 'PG31VA2' 'PG31VB2' 'PG31VD2' 'PG31VA3'
 'PG31VB3' 'PG31VD3']",216,9
184_0LT001,2060.3918,47.48849,5439.7427,['184_0LT001'],216,1,"['9POG3A1' '9POG3B1' '9POG3C1' '9POG3A2' '9POG3B2' '9POG3C2' '9POG3A3'
 '9POG3B3' '9POG3C3']",216,9
184_1LT001,865.274,46.772137,2211.5603,['184_1LT001'],96,1,['GVPLOB1' 'GVPLOD1' 'GVPLOB2' 'GVPLOD2'],96,4
185_0LT001,2210.5308,52.888256,5194.796,['185_0LT001'],216,1,"['QA3V9A1' 'QA3V9B1' 'QA3V9D1' 'QA3V9A2' 'QA3V9B2' 'QA3V9D2' 'QA3V9A3'
 'QA3V9B3' 'QA3V9D3']",216,9
185_1LT001,2217.2632,48.285557,5443.2847,['185_1LT001'],216,1,"['P1O9LA1' 'P1O9LB1' 'P1O9LD1' 'P1O9LA2' 'P1O9LB2' 'P1O9LD2' 'P1O9LA3'
 'P1O9LB3' 'P1O9LD3']",216,9
185_2LT001,991.61584,50.171814,2417.7856,['185_2LT001'],96,1,['OP3AQB1' 'OP3AQD1' 'OP3AQB2' 'OP3AQD2'],96,4
185_3LT001,2439.3013,49.02037,6195.301,['185_3LT001'],240,1,"['3LQ9VB1' '3LQ9VD1' '3LQ9VB2' '3LQ9VD2' '3LQ9VB3' '3LQ9VD3' '3LQ9VB4'
 '3LQ9VD4' '3LQ9VB5' '3LQ9VD5']",240,10
186_0LT001,2048.648,51.184452,5339.394,['186_0LT001'],216,1,"['3O1QLA1' '3O1QLB1' '3O1QLD1' '3O1QLA2' '3O1QLB2' '3O1QLD2' '3O1QLA3'
 '3O1QLB3' '3O1QLD3']",216,9
186_1LT001,1026.0676,50.11796,2423.9844,['186_1LT001'],96,1,['9GVQ3B1' '9GVQ3D1' '9GVQ3B2' '9GVQ3D2'],96,4
186_2LT001,474.7682,53.106167,1179.6199,['186_2LT001'],48,1,['O1LVGB1' 'O1LVGB2'],48,2
186_3LT001,2211.0537,48.563354,5630.465,['186_3LT001'],216,1,"['VLGA9A1' 'VLGA9B1' 'VLGA9C1' 'VLGA9A2' 'VLGA9B2' 'VLGA9C2' 'VLGA9A3'
 'VLGA9B3' 'VLGA9C3']",216,9
187_0LT001,2154.4155,52.89413,5429.698,['187_0LT001'],216,1,"['O9P1VA1' 'O9P1VB1' 'O9P1VD1' 'O9P1VA2' 'O9P1VB2' 'O9P1VD2' 'O9P1VA3'
 'O9P1VB3' 'O9P1VD3']",216,9
187_1LT001,985.6411,55.881123,2401.6838,['187_1LT001'],96,1,['PA19LB1' 'PA19LD1' 'PA19LB2' 'PA19LD2'],96,4
188_0LT001,2195.3457,47.0814,5610.16,['188_0LT001'],216,1,"['LPGO3A1' 'LPGO3B1' 'LPGO3C1' 'LPGO3A2' 'LPGO3B2' 'LPGO3C2' 'LPGO3A3'
 'LPGO3B3' 'LPGO3C3']",216,9
188_1LT001,2146.451,47.494854,5496.8027,['188_1LT001'],216,1,"['L93PGA1' 'L93PGB1' 'L93PGC1' 'L93PGA2' 'L93PGB2' 'L93PGC2' 'L93PGA3'
 'L93PGB3' 'L93PGC3']",216,9
188_2LT001,2222.9658,50.492268,5663.1143,['188_2LT001'],216,1,"['9QGV1A1' '9QGV1B1' '9QGV1D1' '9QGV1A2' '9QGV1B2' '9QGV1D2' '9QGV1A3'
 '9QGV1B3' '9QGV1D3']",216,9
189_0LT001,880.73395,47.7111,2671.4722,['189_0LT001'],96,1,['L13QOB1' 'L13QOD1' 'L13QOB2' 'L13QOD2'],96,4
189_1LT001,515.0785,49.3085,1150.7904,['189_1LT001'],48,1,['3PVQAB1' '3PVQAB2'],48,2
189_2LT001,2330.3955,50.741753,5165.2793,['189_2LT001'],216,1,"['G9ALQA1' 'G9ALQB1' 'G9ALQC1' 'G9ALQA2' 'G9ALQB2' 'G9ALQC2' 'G9ALQA3'
 'G9ALQB3' 'G9ALQC3']",216,9
190_0LT001,924.63776,48.810333,2580.801,['190_0LT001'],96,1,['Q1PG9B1' 'Q1PG9D1' 'Q1PG9B2' 'Q1PG9D2'],96,4
190_1LT001,1479.2899,52.91945,3408.6917,['190_1LT001'],144,1,['P3V9GA1' 'P3V9GB1' 'P3V9GA2' 'P3V9GB2' 'P3V9GA3' 'P3V9GB3'],144,6
191_0LT001,979.6315,51.985962,2270.922,['191_0LT001'],96,1,['31VGOB1' '31VGOD1' '31VGOB2' '31VGOD2'],96,4
191_1LT001,2253.3074,48.193073,5403.709,['191_1LT001'],216,1,"['AL19VA1' 'AL19VB1' 'AL19VD1' 'AL19VA2' 'AL19VB2' 'AL19VD2' 'AL19VA3'
 'AL19VB3' 'AL19VD3']",216,9
192_0LT001,923.42206,52.26669,2414.217,['192_0LT001'],96,1,['L3A1GB1' 'L3A1GD1' 'L3A1GB2' 'L3A1GD2'],96,4
192_1LT001,2160.0664,51.09228,5210.6255,['192_1LT001'],216,1,"['3LPOAA1' '3LPOAB1' '3LPOAC1' '3LPOAA2' '3LPOAB2' '3LPOAC2' '3LPOAA3'
 '3LPOAB3' '3LPOAC3']",216,9
192_2LT001,2225.6128,52.376324,4881.684,['192_2LT001'],216,1,"['A19OGA1' 'A19OGB1' 'A19OGC1' 'A19OGA2' 'A19OGB2' 'A19OGC2' 'A19OGA3'
 'A19OGB3' 'A19OGC3']",216,9
193_0LT001,531.2927,44.409534,1247.7236,['193_0LT001'],48,1,['19OPGB1' '19OPGB2'],48,2
193_1LT001,2247.5671,50.22601,5046.2344,['193_1LT001'],216,1,"['LVOP3A1' 'LVOP3B1' 'LVOP3D1' 'LVOP3A2' 'LVOP3B2' 'LVOP3D2' 'LVOP3A3'
 'LVOP3B3' 'LVOP3D3']",216,9
193_2LT001,2225.2632,51.512207,5326.7485,['193_2LT001'],216,1,"['V3QPGA1' 'V3QPGB1' 'V3QPGC1' 'V3QPGA2' 'V3QPGB2' 'V3QPGC2' 'V3QPGA3'
 'V3QPGB3' 'V3QPGC3']",216,9
193_3LT001,887.5668,44.81517,2405.0093,['193_3LT001'],96,1,['LO1AVB1' 'LO1AVD1' 'LO1AVB2' 'LO1AVD2'],96,4
194_0LT001,462.68982,49.895397,1121.7649,['194_0LT001'],48,1,['G9LQAB1' 'G9LQAB2'],48,2
194_1LT001,484.52905,52.348026,1103.2301,['194_1LT001'],48,1,['A9L1GB1' 'A9L1GB2'],48,2
194_2LT001,490.8243,47.008728,1180.6747,['194_2LT001'],48,1,['G3PVQB1' 'G3PVQB2'],48,2
194_3LT001,1026.2148,49.67894,2446.9136,['194_3LT001'],96,1,['31OPGB1' '31OPGD1' '31OPGB2' '31OPGD2'],96,4
194_4LT001,2267.6528,46.815056,5462.1216,['194_4LT001'],216,1,"['3GAQOA1' '3GAQOB1' '3GAQOC1' '3GAQOA2' '3GAQOB2' '3GAQOC2' '3GAQOA3'
 '3GAQOB3' '3GAQOC3']",216,9
195_0LT001,2155.49,49.58151,5779.318,['195_0LT001'],216,1,"['GLV9AA1' 'GLV9AB1' 'GLV9AD1' 'GLV9AA2' 'GLV9AB2' 'GLV9AD2' 'GLV9AA3'
 'GLV9AB3' 'GLV9AD3']",216,9
195_1LT001,820.4811,52.150635,2391.803,['195_1LT001'],96,1,['19LG3B1' '19LG3D1' '19LG3B2' '19LG3D2'],96,4
195_2LT001,2556.0144,51.78096,6081.15,['195_2LT001'],240,1,"['V39OAB1' 'V39OAD1' 'V39OAB2' 'V39OAD2' 'V39OAB3' 'V39OAD3' 'V39OAB4'
 'V39OAD4' 'V39OAB5' 'V39OAD5']",240,10
196_0LT001,2355.1401,47.354755,5604.322,['196_0LT001'],216,1,"['G39PAA1' 'G39PAB1' 'G39PAC1' 'G39PAA2' 'G39PAB2' 'G39PAC2' 'G39PAA3'
 'G39PAB3' 'G39PAC3']",216,9
196_1LT001,2345.0369,52.777077,5325.085,['196_1LT001'],216,1,"['GPOAVA1' 'GPOAVB1' 'GPOAVC1' 'GPOAVA2' 'GPOAVB2' 'GPOAVC2' 'GPOAVA3'
 'GPOAVB3' 'GPOAVC3']",216,9
196_2LT001,1400.8688,48.86367,3617.187,['196_2LT001'],144,1,['OG31VA1' 'OG31VB1' 'OG31VA2' 'OG31VB2' 'OG31VA3' 'OG31VB3'],144,6
196_3LT001,2183.4417,47.09852,5252.762,['196_3LT001'],216,1,"['1OLQGA1' '1OLQGB1' '1OLQGD1' '1OLQGA2' '1OLQGB2' '1OLQGD2' '1OLQGA3'
 '1OLQGB3' '1OLQGD3']",216,9
197_0LT001,1382.8525,49.25877,3617.0928,['197_0LT001'],144,1,['VPAL1A1' 'VPAL1B1' 'VPAL1A2' 'VPAL1B2' 'VPAL1A3' 'VPAL1B3'],144,6
197_1LT001,2471.038,51.178894,5872.9185,['197_1LT001'],240,1,"['9LPVQB1' '9LPVQD1' '9LPVQB2' '9LPVQD2' '9LPVQB3' '9LPVQD3' '9LPVQB4'
 '9LPVQD4' '9LPVQB5' '9LPVQD5']",240,10
197_2LT001,1373.7128,52.512836,3672.5698,['197_2LT001'],144,1,['QP31LA1' 'QP31LB1' 'QP31LA2' 'QP31LB2' 'QP31LA3' 'QP31LB3'],144,6
198_0LT001,2155.489,48.980827,5162.3364,['198_0LT001'],216,1,"['1LGVPA1' '1LGVPB1' '1LGVPD1' '1LGVPA2' '1LGVPB2' '1LGVPD2' '1LGVPA3'
 '1LGVPB3' '1LGVPD3']",216,9
198_1LT001,2079.8806,52.73672,5100.8525,['198_1LT001'],216,1,"['O93AQA1' 'O93AQB1' 'O93AQC1' 'O93AQA2' 'O93AQB2' 'O93AQC2' 'O93AQA3'
 'O93AQB3' 'O93AQC3']",216,9
199_0LT001,1490.5557,54.79509,3803.2722,['199_0LT001'],144,1,['ALOPGA1' 'ALOPGB1' 'ALOPGA2' 'ALOPGB2' 'ALOPGA3' 'ALOPGB3'],144,6
199_1LT001,2262.9165,51.73183,5510.9375,['199_1LT001'],216,1,"['LA19OA1' 'LA19OB1' 'LA19OD1' 'LA19OA2' 'LA19OB2' 'LA19OD2' 'LA19OA3'
 'LA19OB3' 'LA19OD3']",216,9
199_2LT001,537.5478,49.787308,1253.7649,['199_2LT001'],48,1,['LQVPAB1' 'LQVPAB2'],48,2
200_0LT001,2198.2327,49.13889,5359.749,['200_0LT001'],216,1,"['3VOLAA1' '3VOLAB1' '3VOLAD1' '3VOLAA2' '3VOLAB2' '3VOLAD2' '3VOLAA3'
 '3VOLAB3' '3VOLAD3']",216,9
200_1LT001,2038.9862,48.800205,5800.31,['200_1LT001'],216,1,"['AL3VOA1' 'AL3VOB1' 'AL3VOD1' 'AL3VOA2' 'AL3VOB2' 'AL3VOD2' 'AL3VOA3'
 'AL3VOB3' 'AL3VOD3']",216,9
200_2LT001,2143.8777,49.818283,5141.619,['200_2LT001'],216,1,"['P1L3AA1' 'P1L3AB1' 'P1L3AC1' 'P1L3AA2' 'P1L3AB2' 'P1L3AC2' 'P1L3AA3'
 'P1L3AB3' 'P1L3AC3']",216,9
200_3LT001,979.341,48.29311,2374.1738,['200_3LT001'],96,1,['PO13GB1' 'PO13GD1' 'PO13GB2' 'PO13GD2'],96,4
201_0LT001,2212.444,50.734684,5913.3657,['201_0LT001'],216,1,"['P31OGA1' 'P31OGB1' 'P31OGD1' 'P31OGA2' 'P31OGB2' 'P31OGD2' 'P31OGA3'
 'P31OGB3' 'P31OGD3']",216,9
201_1LT001,524.8216,40.911488,1327.7183,['201_1LT001'],48,1,['93LOVB1' '93LOVB2'],48,2
201_2LT001,2268.5764,50.73616,5496.671,['201_2LT001'],216,1,"['G3V91A1' 'G3V91B1' 'G3V91C1' 'G3V91A2' 'G3V91B2' 'G3V91C2' 'G3V91A3'
 'G3V91B3' 'G3V91C3']",216,9
202_0LT001,468.88007,54.997482,1178.0853,['202_0LT001'],48,1,['39AGPB1' '39AGPB2'],48,2
202_1LT001,433.4732,46.03865,1192.3767,['202_1LT001'],48,1,['19APGB1' '19APGB2'],48,2
202_2LT001,2124.4475,49.70976,5329.1953,['202_2LT001'],216,1,"['Q19VGA1' 'Q19VGB1' 'Q19VGD1' 'Q19VGA2' 'Q19VGB2' 'Q19VGD2' 'Q19VGA3'
 'Q19VGB3' 'Q19VGD3']",216,9
203_0LT001,980.12976,50.043774,2373.8933,['203_0LT001'],96,1,['GL93AB1' 'GL93AD1' 'GL93AB2' 'GL93AD2'],96,4
203_1LT001,460.79953,56.91141,1421.16,['203_1LT001'],48,1,['QL9AOB1' 'QL9AOB2'],48,2
204_0LT001,2010.3868,51.43143,5524.921,['204_0LT001'],216,1,"['G9VQAA1' 'G9VQAB1' 'G9VQAC1' 'G9VQAA2' 'G9VQAB2' 'G9VQAC2' 'G9VQAA3'
 'G9VQAB3' 'G9VQAC3']",216,9
204_1LT001,2161.165,48.84324,5453.037,['204_1LT001'],216,1,"['LAVP9A1' 'LAVP9B1' 'LAVP9D1' 'LAVP9A2' 'LAVP9B2' 'LAVP9D2' 'LAVP9A3'
 'LAVP9B3' 'LAVP9D3']",216,9
205_0LT001,2024.5441,51.514336,5400.7944,['205_0LT001'],216,1,"['PVQ1GA1' 'PVQ1GB1' 'PVQ1GD1' 'PVQ1GA2' 'PVQ1GB2' 'PVQ1GD2' 'PVQ1GA3'
 'PVQ1GB3' 'PVQ1GD3']",216,9
205_1LT001,1177.2734,51.88771,2725.2312,['205_1LT001'],120,1,['L1POQB1' 'L1POQB2' 'L1POQB3' 'L1POQB4' 'L1POQB5'],120,5
205_2LT001,2381.4958,52.5383,5546.2437,['205_2LT001'],216,1,"['OQG1VA1' 'OQG1VB1' 'OQG1VD1' 'OQG1VA2' 'OQG1VB2' 'OQG1VD2' 'OQG1VA3'
 'OQG1VB3' 'OQG1VD3']",216,9
205_3LT001,926.13495,49.448273,2154.394,['205_3LT001'],96,1,['9ALVPB1' '9ALVPD1' '9ALVPB2' '9ALVPD2'],96,4
206_0LT001,1431.0092,50.862267,3655.664,['206_0LT001'],144,1,['AVQ1OA1' 'AVQ1OB1' 'AVQ1OA2' 'AVQ1OB2' 'AVQ1OA3' 'AVQ1OB3'],144,6
206_1LT001,2176.714,49.32866,5709.3022,['206_1LT001'],216,1,"['VG1OQA1' 'VG1OQB1' 'VG1OQD1' 'VG1OQA2' 'VG1OQB2' 'VG1OQD2' 'VG1OQA3'
 'VG1OQB3' 'VG1OQD3']",216,9
207_0LT001,2086.6643,54.19856,5680.669,['207_0LT001'],216,1,"['OQ1GVA1' 'OQ1GVB1' 'OQ1GVD1' 'OQ1GVA2' 'OQ1GVB2' 'OQ1GVD2' 'OQ1GVA3'
 'OQ1GVB3' 'OQ1GVD3']",216,9
207_1LT001,523.4605,53.225468,1443.7113,['207_1LT001'],48,1,['GP91AB1' 'GP91AB2'],48,2
207_2LT001,1032.0709,47.194458,2267.2,['207_2LT001'],96,1,['3QO9VB1' '3QO9VD1' '3QO9VB2' '3QO9VD2'],96,4
208_0LT001,539.4608,47.31842,1297.9758,['208_0LT001'],48,1,['AGL9VB1' 'AGL9VB2'],48,2
208_1LT001,2283.9346,51.70147,5327.0166,['208_1LT001'],216,1,"['Q3VL1A1' 'Q3VL1B1' 'Q3VL1C1' 'Q3VL1A2' 'Q3VL1B2' 'Q3VL1C2' 'Q3VL1A3'
 'Q3VL1B3' 'Q3VL1C3']",216,9
208_2LT001,1567.4308,47.757103,3513.4866,['208_2LT001'],144,1,['O139GA1' 'O139GB1' 'O139GA2' 'O139GB2' 'O139GA3' 'O139GB3'],144,6
209_0LT001,2162.68,52.495907,5437.409,['209_0LT001'],216,1,"['9G13OA1' '9G13OB1' '9G13OD1' '9G13OA2' '9G13OB2' '9G13OD2' '9G13OA3'
 '9G13OB3' '9G13OD3']",216,9
209_1LT001,469.24405,44.598263,1046.7533,['209_1LT001'],48,1,['AQ1OVB1' 'AQ1OVB2'],48,2
209_2LT001,1510.0157,48.270782,3663.0586,['209_2LT001'],144,1,['1GV9OA1' '1GV9OB1' '1GV9OA2' '1GV9OB2' '1GV9OA3' '1GV9OB3'],144,6
210_0LT001,1362.7618,52.502663,3655.1533,['210_0LT001'],144,1,['L39OGA1' 'L39OGB1' 'L39OGA2' 'L39OGB2' 'L39OGA3' 'L39OGB3'],144,6
210_1LT001,1449.7137,52.4941,3613.0833,['210_1LT001'],144,1,['L13VQA1' 'L13VQB1' 'L13VQA2' 'L13VQB2' 'L13VQA3' 'L13VQB3'],144,6
210_2LT001,424.74487,58.882687,1245.1265,['210_2LT001'],48,1,['A39O1B1' 'A39O1B2'],48,2
210_3LT001,874.1184,51.25883,2456.8684,['210_3LT001'],96,1,['39PVLB1' '39PVLD1' '39PVLB2' '39PVLD2'],96,4
211_0LT001,1426.5461,51.559185,3733.4897,['211_0LT001'],144,1,['PAOQ9A1' 'PAOQ9B1' 'PAOQ9A2' 'PAOQ9B2' 'PAOQ9A3' 'PAOQ9B3'],144,6
211_1LT001,956.9297,50.785175,2541.543,['211_1LT001'],96,1,['VL9P1B1' 'VL9P1D1' 'VL9P1B2' 'VL9P1D2'],96,4
212_0LT001,2075.1826,52.72026,5524.2544,['212_0LT001'],216,1,"['1OLAQA1' '1OLAQB1' '1OLAQD1' '1OLAQA2' '1OLAQB2' '1OLAQD2' '1OLAQA3'
 '1OLAQB3' '1OLAQD3']",216,9
212_1LT001,2055.5042,49.196583,5520.329,['212_1LT001'],216,1,"['9QA3PA1' '9QA3PB1' '9QA3PC1' '9QA3PA2' '9QA3PB2' '9QA3PC2' '9QA3PA3'
 '9QA3PB3' '9QA3PC3']",216,9
212_2LT001,2141.9756,48.980682,5636.4204,['212_2LT001'],216,1,"['VQA93A1' 'VQA93B1' 'VQA93D1' 'VQA93A2' 'VQA93B2' 'VQA93D2' 'VQA93A3'
 'VQA93B3' 'VQA93D3']",216,9
212_3LT001,2089.0762,46.882755,5235.033,['212_3LT001'],216,1,"['LOA1PA1' 'LOA1PB1' 'LOA1PD1' 'LOA1PA2' 'LOA1PB2' 'LOA1PD2' 'LOA1PA3'
 'LOA1PB3' 'LOA1PD3']",216,9
213_0LT001,1477.9852,47.23468,3566.543,['213_0LT001'],144,1,['PVOAQA1' 'PVOAQB1' 'PVOAQA2' 'PVOAQB2' 'PVOAQA3' 'PVOAQB3'],144,6
213_1LT001,2156.9429,48.290684,5517.251,['213_1LT001'],216,1,"['LPA31A1' 'LPA31B1' 'LPA31D1' 'LPA31A2' 'LPA31B2' 'LPA31D2' 'LPA31A3'
 'LPA31B3' 'LPA31D3']",216,9
213_2LT001,1528.6499,50.971405,3395.4985,['213_2LT001'],144,1,['91PQ3A1' '91PQ3B1' '91PQ3A2' '91PQ3B2' '91PQ3A3' '91PQ3B3'],144,6
213_3LT001,2172.4023,52.73748,5212.253,['213_3LT001'],216,1,"['P3OQ9A1' 'P3OQ9B1' 'P3OQ9D1' 'P3OQ9A2' 'P3OQ9B2' 'P3OQ9D2' 'P3OQ9A3'
 'P3OQ9B3' 'P3OQ9D3']",216,9
214_0LT001,980.9844,50.670303,2399.6213,['214_0LT001'],96,1,['VLAPGB1' 'VLAPGD1' 'VLAPGB2' 'VLAPGD2'],96,4
214_1LT001,2165.5115,51.16924,5451.0474,['214_1LT001'],216,1,"['QP9O1A1' 'QP9O1B1' 'QP9O1D1' 'QP9O1A2' 'QP9O1B2' 'QP9O1D2' 'QP9O1A3'
 'QP9O1B3' 'QP9O1D3']",216,9
215_0LT001,1400.5498,50.00173,3812.139,['215_0LT001'],144,1,['3PO19A1' '3PO19B1' '3PO19A2' '3PO19B2' '3PO19A3' '3PO19B3'],144,6
215_1LT001,2173.4768,48.742683,5514.1626,['215_1LT001'],216,1,"['QL3P9A1' 'QL3P9B1' 'QL3P9D1' 'QL3P9A2' 'QL3P9B2' 'QL3P9D2' 'QL3P9A3'
 'QL3P9B3' 'QL3P9D3']",216,9
215_2LT001,2316.5757,46.799324,5469.9463,['215_2LT001'],216,1,"['PG1OVA1' 'PG1OVB1' 'PG1OVD1' 'PG1OVA2' 'PG1OVB2' 'PG1OVD2' 'PG1OVA3'
 'PG1OVB3' 'PG1OVD3']",216,9
215_3LT001,930.36554,47.752487,2331.725,['215_3LT001'],96,1,['G1QVPB1' 'G1QVPD1' 'G1QVPB2' 'G1QVPD2'],96,4
216_0LT001,542.6245,48.89063,1282.188,['216_0LT001'],48,1,['1AQOVB1' '1AQOVB2'],48,2
216_1LT001,2181.83,49.927143,5015.073,['216_1LT001'],216,1,"['A9V31A1' 'A9V31B1' 'A9V31C1' 'A9V31A2' 'A9V31B2' 'A9V31C2' 'A9V31A3'
 'A9V31B3' 'A9V31C3']",216,9
217_0LT001,2124.613,48.462643,5439.138,['217_0LT001'],216,1,"['19OGAA1' '19OGAB1' '19OGAC1' '19OGAA2' '19OGAB2' '19OGAC2' '19OGAA3'
 '19OGAB3' '19OGAC3']",216,9
217_1LT001,2122.0532,52.655704,5691.3926,['217_1LT001'],216,1,"['1L3APA1' '1L3APB1' '1L3APD1' '1L3APA2' '1L3APB2' '1L3APD2' '1L3APA3'
 '1L3APB3' '1L3APD3']",216,9
218_0LT001,454.80716,52.947277,1104.1389,['218_0LT001'],48,1,['APG9OB1' 'APG9OB2'],48,2
218_1LT001,996.0771,49.277294,2399.924,['218_1LT001'],96,1,['PQVA3B1' 'PQVA3D1' 'PQVA3B2' 'PQVA3D2'],96,4
219_0LT001,2083.4358,46.757732,5488.962,['219_0LT001'],216,1,"['PGVQOA1' 'PGVQOB1' 'PGVQOD1' 'PGVQOA2' 'PGVQOB2' 'PGVQOD2' 'PGVQOA3'
 'PGVQOB3' 'PGVQOD3']",216,9
219_1LT001,986.0895,52.407856,2337.6406,['219_1LT001'],96,1,['LVAGPB1' 'LVAGPD1' 'LVAGPB2' 'LVAGPD2'],96,4
220_0LT001,2083.2388,48.16546,5325.2456,['220_0LT001'],216,1,"['O1A3VA1' 'O1A3VB1' 'O1A3VC1' 'O1A3VA2' 'O1A3VB2' 'O1A3VC2' 'O1A3VA3'
 'O1A3VB3' 'O1A3VC3']",216,9
220_1LT001,954.07983,52.830685,2489.4375,['220_1LT001'],96,1,['VQA13B1' 'VQA13D1' 'VQA13B2' 'VQA13D2'],96,4
221_0LT001,2066.2485,51.081932,5446.7837,['221_0LT001'],216,1,"['93AGOA1' '93AGOB1' '93AGOD1' '93AGOA2' '93AGOB2' '93AGOD2' '93AGOA3'
 '93AGOB3' '93AGOD3']",216,9
221_1LT001,2213.0803,49.56189,5403.767,['221_1LT001'],216,1,"['VL9A3A1' 'VL9A3B1' 'VL9A3D1' 'VL9A3A2' 'VL9A3B2' 'VL9A3D2' 'VL9A3A3'
 'VL9A3B3' 'VL9A3D3']",216,9
221_2LT001,2225.8208,48.697735,5482.3687,['221_2LT001'],216,1,"['PO9L1A1' 'PO9L1B1' 'PO9L1C1' 'PO9L1A2' 'PO9L1B2' 'PO9L1C2' 'PO9L1A3'
 'PO9L1B3' 'PO9L1C3']",216,9
222_0LT001,2248.816,48.250835,5522.4736,['222_0LT001'],216,1,"['LVQ1OA1' 'LVQ1OB1' 'LVQ1OD1' 'LVQ1OA2' 'LVQ1OB2' 'LVQ1OD2' 'LVQ1OA3'
 'LVQ1OB3' 'LVQ1OD3']",216,9
222_1LT001,483.0468,54.03973,1199.3318,['222_1LT001'],48,1,['V9A1QB1' 'V9A1QB2'],48,2
222_2LT001,1457.5961,47.295002,3374.986,['222_2LT001'],144,1,['LQGA3A1' 'LQGA3B1' 'LQGA3A2' 'LQGA3B2' 'LQGA3A3' 'LQGA3B3'],144,6
223_0LT001,2296.7566,51.671673,5115.463,['223_0LT001'],216,1,"['O9GAPA1' 'O9GAPB1' 'O9GAPC1' 'O9GAPA2' 'O9GAPB2' 'O9GAPC2' 'O9GAPA3'
 'O9GAPB3' 'O9GAPC3']",216,9
223_1LT001,894.65173,51.64771,2582.9114,['223_1LT001'],96,1,['L9QV1B1' 'L9QV1D1' 'L9QV1B2' 'L9QV1D2'],96,4
223_2LT001,438.402,41.879173,1295.9445,['223_2LT001'],48,1,['9ALV1B1' '9ALV1B2'],48,2
223_3LT001,1421.2985,47.18806,3298.3167,['223_3LT001'],144,1,['9Q1GLA1' '9Q1GLB1' '9Q1GLA2' '9Q1GLB2' '9Q1GLA3' '9Q1GLB3'],144,6
223_4LT001,2512.439,52.33225,6189.711,['223_4LT001'],240,1,"['PO391B1' 'PO391C1' 'PO391B2' 'PO391C2' 'PO391B3' 'PO391C3' 'PO391B4'
 'PO391C4' 'PO391B5' 'PO391C5']",240,10
224_0LT001,2346.5261,53.89963,5835.0967,['224_0LT001'],216,1,"['VP9A1A1' 'VP9A1B1' 'VP9A1D1' 'VP9A1A2' 'VP9A1B2' 'VP9A1D2' 'VP9A1A3'
 'VP9A1B3' 'VP9A1D3']",216,9
224_1LT001,2383.2876,52.368233,5474.8535,['224_1LT001'],216,1,"['GA19LA1' 'GA19LB1' 'GA19LD1' 'GA19LA2' 'GA19LB2' 'GA19LD2' 'GA19LA3'
 'GA19LB3' 'GA19LD3']",216,9
224_2LT001,2353.5728,51.576508,5319.074,['224_2LT001'],216,1,"['VLPO1A1' 'VLPO1B1' 'VLPO1D1' 'VLPO1A2' 'VLPO1B2' 'VLPO1D2' 'VLPO1A3'
 'VLPO1B3' 'VLPO1D3']",216,9
224_3LT001,996.11334,51.27058,2457.2966,['224_3LT001'],96,1,['V9LOPB1' 'V9LOPD1' 'V9LOPB2' 'V9LOPD2'],96,4
224_4LT001,466.59653,44.382458,1163.6948,['224_4LT001'],48,1,['A1QV9B1' 'A1QV9B2'],48,2
224_5LT001,2563.8022,51.16083,6063.08,['224_5LT001'],240,1,"['PL93VB1' 'PL93VC1' 'PL93VB2' 'PL93VC2' 'PL93VB3' 'PL93VC3' 'PL93VB4'
 'PL93VC4' 'PL93VB5' 'PL93VC5']",240,10
224_6LT001,2120.4336,50.689934,5395.503,['224_6LT001'],216,1,"['VO9QPA1' 'VO9QPB1' 'VO9QPD1' 'VO9QPA2' 'VO9QPB2' 'VO9QPD2' 'VO9QPA3'
 'VO9QPB3' 'VO9QPD3']",216,9
225_0LT001,901.04846,53.11644,2352.3855,['225_0LT001'],96,1,['GVLQ1B1' 'GVLQ1D1' 'GVLQ1B2' 'GVLQ1D2'],96,4
225_1LT001,2220.2893,50.482666,5528.845,['225_1LT001'],216,1,"['9GPAOA1' '9GPAOB1' '9GPAOC1' '9GPAOA2' '9GPAOB2' '9GPAOC2' '9GPAOA3'
 '9GPAOB3' '9GPAOC3']",216,9
225_2LT001,2087.7395,49.41186,5165.441,['225_2LT001'],216,1,"['A3V9QA1' 'A3V9QB1' 'A3V9QD1' 'A3V9QA2' 'A3V9QB2' 'A3V9QD2' 'A3V9QA3'
 'A3V9QB3' 'A3V9QD3']",216,9
225_3LT001,974.82477,54.843723,2132.098,['225_3LT001'],96,1,['AVLPGB1' 'AVLPGD1' 'AVLPGB2' 'AVLPGD2'],96,4
225_4LT001,1399.5363,50.820652,3904.3345,['225_4LT001'],144,1,['VO13LA1' 'VO13LB1' 'VO13LA2' 'VO13LB2' 'VO13LA3' 'VO13LB3'],144,6
226_0LT001,2163.3682,47.28567,5518.456,['226_0LT001'],216,1,"['LQ9VGA1' 'LQ9VGB1' 'LQ9VGD1' 'LQ9VGA2' 'LQ9VGB2' 'LQ9VGD2' 'LQ9VGA3'
 'LQ9VGB3' 'LQ9VGD3']",216,9
226_1LT001,927.9463,50.027004,2264.195,['226_1LT001'],96,1,['O1AGPB1' 'O1AGPD1' 'O1AGPB2' 'O1AGPD2'],96,4
227_0LT001,973.8696,47.777603,2356.4631,['227_0LT001'],96,1,['L1VG9B1' 'L1VG9D1' 'L1VG9B2' 'L1VG9D2'],96,4
227_1LT001,1030.2253,52.28172,2521.6748,['227_1LT001'],96,1,['OA319B1' 'OA319D1' 'OA319B2' 'OA319D2'],96,4
227_2LT001,2304.7217,55.20569,5490.3584,['227_2LT001'],216,1,"['AP1G9A1' 'AP1G9B1' 'AP1G9C1' 'AP1G9A2' 'AP1G9B2' 'AP1G9C2' 'AP1G9A3'
 'AP1G9B3' 'AP1G9C3']",216,9
228_0LT001,2135.707,53.711395,5208.0874,['228_0LT001'],216,1,"['1OP39A1' '1OP39B1' '1OP39D1' '1OP39A2' '1OP39B2' '1OP39D2' '1OP39A3'
 '1OP39B3' '1OP39D3']",216,9
228_1LT001,2133.847,52.850784,5065.56,['228_1LT001'],216,1,"['1GOVLA1' '1GOVLB1' '1GOVLC1' '1GOVLA2' '1GOVLB2' '1GOVLC2' '1GOVLA3'
 '1GOVLB3' '1GOVLC3']",216,9
228_2LT001,2033.4633,47.204033,5451.8613,['228_2LT001'],216,1,"['O9VQLA1' 'O9VQLB1' 'O9VQLC1' 'O9VQLA2' 'O9VQLB2' 'O9VQLC2' 'O9VQLA3'
 'O9VQLB3' 'O9VQLC3']",216,9
228_3LT001,468.41013,47.369495,1498.3143,['228_3LT001'],48,1,['QLP1AB1' 'QLP1AB2'],48,2
229_0LT001,2161.5562,49.19524,5283.417,['229_0LT001'],216,1,"['A391LA1' 'A391LB1' 'A391LC1' 'A391LA2' 'A391LB2' 'A391LC2' 'A391LA3'
 'A391LB3' 'A391LC3']",216,9
229_1LT001,2136.2314,48.42802,5480.594,['229_1LT001'],216,1,"['OGAV9A1' 'OGAV9B1' 'OGAV9C1' 'OGAV9A2' 'OGAV9B2' 'OGAV9C2' 'OGAV9A3'
 'OGAV9B3' 'OGAV9C3']",216,9
229_2LT001,2163.5857,51.02213,5410.2837,['229_2LT001'],216,1,"['PLOVAA1' 'PLOVAB1' 'PLOVAC1' 'PLOVAA2' 'PLOVAB2' 'PLOVAC2' 'PLOVAA3'
 'PLOVAB3' 'PLOVAC3']",216,9
229_3LT001,1045.1864,52.486492,2698.84,['229_3LT001'],96,1,['GO3PAB1' 'GO3PAD1' 'GO3PAB2' 'GO3PAD2'],96,4
230_0LT001,2096.9817,51.871117,5399.902,['230_0LT001'],216,1,"['9GALQA1' '9GALQB1' '9GALQD1' '9GALQA2' '9GALQB2' '9GALQD2' '9GALQA3'
 '9GALQB3' '9GALQD3']",216,9
230_1LT001,538.1491,53.78433,1345.1218,['230_1LT001'],48,1,['PV19GB1' 'PV19GB2'],48,2
230_2LT001,1438.0975,51.3165,3790.0017,['230_2LT001'],144,1,['QGALOA1' 'QGALOB1' 'QGALOA2' 'QGALOB2' 'QGALOA3' 'QGALOB3'],144,6
230_3LT001,2119.7405,49.67564,5146.035,['230_3LT001'],216,1,"['Q9LAVA1' 'Q9LAVB1' 'Q9LAVC1' 'Q9LAVA2' 'Q9LAVB2' 'Q9LAVC2' 'Q9LAVA3'
 'Q9LAVB3' 'Q9LAVC3']",216,9
230_4LT001,1513.3131,52.43374,3588.1199,['230_4LT001'],144,1,['GAV3QA1' 'GAV3QB1' 'GAV3QA2' 'GAV3QB2' 'GAV3QA3' 'GAV3QB3'],144,6
230_5LT001,1974.8969,51.807762,5342.31,['230_5LT001'],216,1,"['Q1OGPA1' 'Q1OGPB1' 'Q1OGPD1' 'Q1OGPA2' 'Q1OGPB2' 'Q1OGPD2' 'Q1OGPA3'
 'Q1OGPB3' 'Q1OGPD3']",216,9
230_6LT001,1984.3494,49.578476,5348.3574,['230_6LT001'],216,1,"['OLQ9AA1' 'OLQ9AB1' 'OLQ9AD1' 'OLQ9AA2' 'OLQ9AB2' 'OLQ9AD2' 'OLQ9AA3'
 'OLQ9AB3' 'OLQ9AD3']",216,9
231_0LT001,1968.6628,52.209984,5570.546,['231_0LT001'],216,1,"['1QLPGA1' '1QLPGB1' '1QLPGC1' '1QLPGA2' '1QLPGB2' '1QLPGC2' '1QLPGA3'
 '1QLPGB3' '1QLPGC3']",216,9
231_1LT001,969.651,51.399685,2261.8853,['231_1LT001'],96,1,['LO1A3B1' 'LO1A3D1' 'LO1A3B2' 'LO1A3D2'],96,4
231_2LT001,391.9827,54.33968,1225.7996,['231_2LT001'],48,1,['1G3VAB1' '1G3VAB2'],48,2
231_3LT001,2179.7275,50.1604,5700.2744,['231_3LT001'],216,1,"['LOG1QA1' 'LOG1QB1' 'LOG1QC1' 'LOG1QA2' 'LOG1QB2' 'LOG1QC2' 'LOG1QA3'
 'LOG1QB3' 'LOG1QC3']",216,9
231_4LT001,1047.9575,50.953808,2323.5088,['231_4LT001'],96,1,['9QP1GB1' '9QP1GD1' '9QP1GB2' '9QP1GD2'],96,4
231_5LT001,2170.2556,47.607132,5282.0034,['231_5LT001'],216,1,"['V1AGLA1' 'V1AGLB1' 'V1AGLD1' 'V1AGLA2' 'V1AGLB2' 'V1AGLD2' 'V1AGLA3'
 'V1AGLB3' 'V1AGLD3']",216,9
232_0LT001,1520.3646,48.821228,3779.2966,['232_0LT001'],144,1,['1QLGPA1' '1QLGPB1' '1QLGPA2' '1QLGPB2' '1QLGPA3' '1QLGPB3'],144,6
232_1LT001,2034.7437,48.328842,5258.24,['232_1LT001'],216,1,"['LGVOQA1' 'LGVOQB1' 'LGVOQC1' 'LGVOQA2' 'LGVOQB2' 'LGVOQC2' 'LGVOQA3'
 'LGVOQB3' 'LGVOQC3']",216,9
232_2LT001,1401.2802,50.0299,3390.8083,['232_2LT001'],144,1,['PLA3VA1' 'PLA3VB1' 'PLA3VA2' 'PLA3VB2' 'PLA3VA3' 'PLA3VB3'],144,6
232_3LT001,928.1032,48.8255,2451.9517,['232_3LT001'],96,1,['1PL3VB1' '1PL3VD1' '1PL3VB2' '1PL3VD2'],96,4
232_4LT001,445.74704,55.25923,1060.1294,['232_4LT001'],48,1,['V9OAGB1' 'V9OAGB2'],48,2
233_0LT001,1447.8119,46.87602,3495.6262,['233_0LT001'],144,1,['O3LP9A1' 'O3LP9B1' 'O3LP9A2' 'O3LP9B2' 'O3LP9A3' 'O3LP9B3'],144,6
233_1LT001,2250.2222,50.041992,5263.187,['233_1LT001'],216,1,"['3VAQPA1' '3VAQPB1' '3VAQPC1' '3VAQPA2' '3VAQPB2' '3VAQPC2' '3VAQPA3'
 '3VAQPB3' '3VAQPC3']",216,9
233_2LT001,2081.444,48.629475,5524.1978,['233_2LT001'],216,1,"['PG1OQA1' 'PG1OQB1' 'PG1OQD1' 'PG1OQA2' 'PG1OQB2' 'PG1OQD2' 'PG1OQA3'
 'PG1OQB3' 'PG1OQD3']",216,9
233_3LT001,2017.0717,47.139175,5662.94,['233_3LT001'],216,1,"['PVQ9OA1' 'PVQ9OB1' 'PVQ9OC1' 'PVQ9OA2' 'PVQ9OB2' 'PVQ9OC2' 'PVQ9OA3'
 'PVQ9OB3' 'PVQ9OC3']",216,9
233_4LT001,2257.4736,52.84349,5500.0215,['233_4LT001'],216,1,"['L3GAOA1' 'L3GAOB1' 'L3GAOD1' 'L3GAOA2' 'L3GAOB2' 'L3GAOD2' 'L3GAOA3'
 'L3GAOB3' 'L3GAOD3']",216,9
233_5LT001,489.6422,44.593994,1099.3302,['233_5LT001'],48,1,['P9OGQB1' 'P9OGQB2'],48,2
234_0LT001,2152.2786,49.434227,5603.853,['234_0LT001'],216,1,"['LQ39OA1' 'LQ39OB1' 'LQ39OC1' 'LQ39OA2' 'LQ39OB2' 'LQ39OC2' 'LQ39OA3'
 'LQ39OB3' 'LQ39OC3']",216,9
234_1LT001,2264.6787,53.898193,5143.1797,['234_1LT001'],216,1,"['GLA1PA1' 'GLA1PB1' 'GLA1PD1' 'GLA1PA2' 'GLA1PB2' 'GLA1PD2' 'GLA1PA3'
 'GLA1PB3' 'GLA1PD3']",216,9
234_2LT001,457.7204,51.764027,1243.1471,['234_2LT001'],48,1,['LP19VB1' 'LP19VB2'],48,2
234_3LT001,2241.9465,50.021214,5123.4277,['234_3LT001'],216,1,"['3AG1OA1' '3AG1OB1' '3AG1OC1' '3AG1OA2' '3AG1OB2' '3AG1OC2' '3AG1OA3'
 '3AG1OB3' '3AG1OC3']",216,9
234_4LT001,2236.5454,49.599804,5198.411,['234_4LT001'],216,1,"['GAO91A1' 'GAO91B1' 'GAO91D1' 'GAO91A2' 'GAO91B2' 'GAO91D2' 'GAO91A3'
 'GAO91B3' 'GAO91D3']",216,9
234_5LT001,522.1785,48.8353,1116.2573,['234_5LT001'],48,1,['3P9LOB1' '3P9LOB2'],48,2
234_6LT001,1016.2286,45.969975,2317.165,['234_6LT001'],96,1,['9P3O1B1' '9P3O1D1' '9P3O1B2' '9P3O1D2'],96,4
235_0LT001,1459.3131,50.34837,3585.0034,['235_0LT001'],144,1,['PO9QVA1' 'PO9QVB1' 'PO9QVA2' 'PO9QVB2' 'PO9QVA3' 'PO9QVB3'],144,6
235_1LT001,2184.2573,49.279392,5223.336,['235_1LT001'],216,1,"['V9GO1A1' 'V9GO1B1' 'V9GO1D1' 'V9GO1A2' 'V9GO1B2' 'V9GO1D2' 'V9GO1A3'
 'V9GO1B3' 'V9GO1D3']",216,9
235_2LT001,1366.247,55.879684,3593.8662,['235_2LT001'],144,1,['L1PGAA1' 'L1PGAB1' 'L1PGAA2' 'L1PGAB2' 'L1PGAA3' 'L1PGAB3'],144,6
235_3LT001,2259.657,47.274483,5517.2124,['235_3LT001'],216,1,"['O9QPAA1' 'O9QPAB1' 'O9QPAD1' 'O9QPAA2' 'O9QPAB2' 'O9QPAD2' 'O9QPAA3'
 'O9QPAB3' 'O9QPAD3']",216,9
235_4LT001,1008.41034,49.692165,2522.219,['235_4LT001'],96,1,['VPL9OB1' 'VPL9OD1' 'VPL9OB2' 'VPL9OD2'],96,4
235_5LT001,2167.9048,50.315987,5505.8335,['235_5LT001'],216,1,"['L9AQ1A1' 'L9AQ1B1' 'L9AQ1D1' 'L9AQ1A2' 'L9AQ1B2' 'L9AQ1D2' 'L9AQ1A3'
 'L9AQ1B3' 'L9AQ1D3']",216,9
235_6LT001,2191.5845,51.09276,4951.9795,['235_6LT001'],216,1,"['AQO91A1' 'AQO91B1' 'AQO91D1' 'AQO91A2' 'AQO91B2' 'AQO91D2' 'AQO91A3'
 'AQO91B3' 'AQO91D3']",216,9
236_0LT001,2311.145,50.466934,4698.2314,['236_0LT001'],216,1,"['L1A9VA1' 'L1A9VB1' 'L1A9VC1' 'L1A9VA2' 'L1A9VB2' 'L1A9VC2' 'L1A9VA3'
 'L1A9VB3' 'L1A9VC3']",216,9
236_1LT001,2308.2869,49.853466,5782.6406,['236_1LT001'],216,1,"['1LGP3A1' '1LGP3B1' '1LGP3C1' '1LGP3A2' '1LGP3B2' '1LGP3C2' '1LGP3A3'
 '1LGP3B3' '1LGP3C3']",216,9
236_2LT001,2219.5889,53.13958,5454.595,['236_2LT001'],216,1,"['3GAQPA1' '3GAQPB1' '3GAQPC1' '3GAQPA2' '3GAQPB2' '3GAQPC2' '3GAQPA3'
 '3GAQPB3' '3GAQPC3']",216,9
236_3LT001,506.90918,55.137814,1289.7699,['236_3LT001'],48,1,['OGPVAB1' 'OGPVAB2'],48,2
236_4LT001,472.33636,51.828175,1322.2673,['236_4LT001'],48,1,['G1PVLB1' 'G1PVLB2'],48,2
236_5LT001,2119.101,50.10279,5517.401,['236_5LT001'],216,1,"['1OPQ3A1' '1OPQ3B1' '1OPQ3C1' '1OPQ3A2' '1OPQ3B2' '1OPQ3C2' '1OPQ3A3'
 '1OPQ3B3' '1OPQ3C3']",216,9
237_0LT001,1436.81,52.02794,3407.0796,['237_0LT001'],144,1,['VAGPQA1' 'VAGPQB1' 'VAGPQA2' 'VAGPQB2' 'VAGPQA3' 'VAGPQB3'],144,6
237_1LT001,2224.4336,50.125237,5048.8354,['237_1LT001'],216,1,"['3G9APA1' '3G9APB1' '3G9APD1' '3G9APA2' '3G9APB2' '3G9APD2' '3G9APA3'
 '3G9APB3' '3G9APD3']",216,9
237_2LT001,2160.469,46.588257,5657.791,['237_2LT001'],216,1,"['LOQV1A1' 'LOQV1B1' 'LOQV1C1' 'LOQV1A2' 'LOQV1B2' 'LOQV1C2' 'LOQV1A3'
 'LOQV1B3' 'LOQV1C3']",216,9
237_3LT001,2167.4294,47.316757,5226.94,['237_3LT001'],216,1,"['3PAOQA1' '3PAOQB1' '3PAOQC1' '3PAOQA2' '3PAOQB2' '3PAOQC2' '3PAOQA3'
 '3PAOQB3' '3PAOQC3']",216,9
237_4LT001,2284.8865,50.385147,5380.3706,['237_4LT001'],216,1,"['9P3A1A1' '9P3A1B1' '9P3A1D1' '9P3A1A2' '9P3A1B2' '9P3A1D2' '9P3A1A3'
 '9P3A1B3' '9P3A1D3']",216,9
237_5LT001,2211.193,55.268116,5236.2866,['237_5LT001'],216,1,"['QAP3LA1' 'QAP3LB1' 'QAP3LD1' 'QAP3LA2' 'QAP3LB2' 'QAP3LD2' 'QAP3LA3'
 'QAP3LB3' 'QAP3LD3']",216,9
238_0LT001,2114.8694,52.35628,5559.1567,['238_0LT001'],216,1,"['AQG3OA1' 'AQG3OB1' 'AQG3OD1' 'AQG3OA2' 'AQG3OB2' 'AQG3OD2' 'AQG3OA3'
 'AQG3OB3' 'AQG3OD3']",216,9
238_1LT001,2287.7378,50.160538,5429.8413,['238_1LT001'],216,1,"['3GP1LA1' '3GP1LB1' '3GP1LD1' '3GP1LA2' '3GP1LB2' '3GP1LD2' '3GP1LA3'
 '3GP1LB3' '3GP1LD3']",216,9
238_2LT001,2072.729,49.96582,5399.678,['238_2LT001'],216,1,"['OAQG1A1' 'OAQG1B1' 'OAQG1D1' 'OAQG1A2' 'OAQG1B2' 'OAQG1D2' 'OAQG1A3'
 'OAQG1B3' 'OAQG1D3']",216,9
238_3LT001,1493.2068,49.065777,3963.9487,['238_3LT001'],144,1,['OA1GPA1' 'OA1GPB1' 'OA1GPA2' 'OA1GPB2' 'OA1GPA3' 'OA1GPB3'],144,6
238_4LT001,2129.1245,46.747463,5787.348,['238_4LT001'],216,1,"['93PAVA1' '93PAVB1' '93PAVC1' '93PAVA2' '93PAVB2' '93PAVC2' '93PAVA3'
 '93PAVB3' '93PAVC3']",216,9
238_5LT001,2193.498,49.95127,5251.392,['238_5LT001'],216,1,"['GA3O1A1' 'GA3O1B1' 'GA3O1C1' 'GA3O1A2' 'GA3O1B2' 'GA3O1C2' 'GA3O1A3'
 'GA3O1B3' 'GA3O1C3']",216,9
238_6LT001,2139.896,48.955635,5480.989,['238_6LT001'],216,1,"['3LAQ1A1' '3LAQ1B1' '3LAQ1C1' '3LAQ1A2' '3LAQ1B2' '3LAQ1C2' '3LAQ1A3'
 '3LAQ1B3' '3LAQ1C3']",216,9
239_0LT001,906.01636,51.888702,2317.7031,['239_0LT001'],96,1,['3GAO9B1' '3GAO9D1' '3GAO9B2' '3GAO9D2'],96,4
239_1LT001,1408.4196,44.53341,3690.3743,['239_1LT001'],144,1,['9GVOAA1' '9GVOAB1' '9GVOAA2' '9GVOAB2' '9GVOAA3' '9GVOAB3'],144,6
239_2LT001,1575.9396,48.783516,3080.9785,['239_2LT001'],144,1,['9PAOVA1' '9PAOVB1' '9PAOVA2' '9PAOVB2' '9PAOVA3' '9PAOVB3'],144,6
239_3LT001,2103.832,52.812347,5512.464,['239_3LT001'],216,1,"['O1PLAA1' 'O1PLAB1' 'O1PLAD1' 'O1PLAA2' 'O1PLAB2' 'O1PLAD2' 'O1PLAA3'
 'O1PLAB3' 'O1PLAD3']",216,9
239_4LT001,2342.7231,49.784653,5274.273,['239_4LT001'],216,1,"['9VOGAA1' '9VOGAB1' '9VOGAD1' '9VOGAA2' '9VOGAB2' '9VOGAD2' '9VOGAA3'
 '9VOGAB3' '9VOGAD3']",216,9
239_5LT001,2040.0955,49.87917,5499.3174,['239_5LT001'],216,1,"['9LGQPA1' '9LGQPB1' '9LGQPC1' '9LGQPA2' '9LGQPB2' '9LGQPC2' '9LGQPA3'
 '9LGQPB3' '9LGQPC3']",216,9
240_0LT001,2184.151,51.39573,5094.327,['240_0LT001'],216,1,"['PQGL9A1' 'PQGL9B1' 'PQGL9D1' 'PQGL9A2' 'PQGL9B2' 'PQGL9D2' 'PQGL9A3'
 'PQGL9B3' 'PQGL9D3']",216,9
240_1LT001,445.37146,52.45406,1304.7075,['240_1LT001'],48,1,['OVAQPB1' 'OVAQPB2'],48,2
240_2LT001,525.8323,43.863464,1098.5292,['240_2LT001'],48,1,['OPQLGB1' 'OPQLGB2'],48,2
240_3LT001,2238.1687,50.038155,5188.225,['240_3LT001'],216,1,"['1PA3LA1' '1PA3LB1' '1PA3LC1' '1PA3LA2' '1PA3LB2' '1PA3LC2' '1PA3LA3'
 '1PA3LB3' '1PA3LC3']",216,9
240_4LT001,1308.4861,48.10851,3450.698,['240_4LT001'],144,1,['P13LAA1' 'P13LAB1' 'P13LAA2' 'P13LAB2' 'P13LAA3' 'P13LAB3'],144,6
240_5LT001,2125.5725,48.87512,5609.31,['240_5LT001'],216,1,"['L1P39A1' 'L1P39B1' 'L1P39D1' 'L1P39A2' 'L1P39B2' 'L1P39D2' 'L1P39A3'
 'L1P39B3' 'L1P39D3']",216,9
241_0LT001,1537.9553,53.948227,3522.8848,['241_0LT001'],144,1,['L9QGAA1' 'L9QGAB1' 'L9QGAA2' 'L9QGAB2' 'L9QGAA3' 'L9QGAB3'],144,6
241_1LT001,1336.0139,55.589417,3423.1863,['241_1LT001'],144,1,['GAQL1A1' 'GAQL1B1' 'GAQL1A2' 'GAQL1B2' 'GAQL1A3' 'GAQL1B3'],144,6
241_2LT001,2238.019,54.93188,5664.4946,['241_2LT001'],216,1,"['G3V1OA1' 'G3V1OB1' 'G3V1OC1' 'G3V1OA2' 'G3V1OB2' 'G3V1OC2' 'G3V1OA3'
 'G3V1OB3' 'G3V1OC3']",216,9
241_3LT001,513.4619,50.883877,1451.9807,['241_3LT001'],48,1,['O9APQB1' 'O9APQB2'],48,2
241_4LT001,2327.0815,51.495407,5811.0713,['241_4LT001'],216,1,"['P9OALA1' 'P9OALB1' 'P9OALD1' 'P9OALA2' 'P9OALB2' 'P9OALD2' 'P9OALA3'
 'P9OALB3' 'P9OALD3']",216,9
241_5LT001,1498.444,50.42068,3780.102,['241_5LT001'],144,1,['3Q1GAA1' '3Q1GAB1' '3Q1GAA2' '3Q1GAB2' '3Q1GAA3' '3Q1GAB3'],144,6
241_6LT001,2363.0908,49.813187,5605.6113,['241_6LT001'],216,1,"['LAGOQA1' 'LAGOQB1' 'LAGOQC1' 'LAGOQA2' 'LAGOQB2' 'LAGOQC2' 'LAGOQA3'
 'LAGOQB3' 'LAGOQC3']",216,9
242_0LT001,2219.5398,51.099503,5303.874,['242_0LT001'],216,1,"['AG13PA1' 'AG13PB1' 'AG13PD1' 'AG13PA2' 'AG13PB2' 'AG13PD2' 'AG13PA3'
 'AG13PB3' 'AG13PD3']",216,9
242_1LT001,2110.2134,49.10747,5186.3647,['242_1LT001'],216,1,"['OGA9PA1' 'OGA9PB1' 'OGA9PD1' 'OGA9PA2' 'OGA9PB2' 'OGA9PD2' 'OGA9PA3'
 'OGA9PB3' 'OGA9PD3']",216,9
242_2LT001,2139.9463,50.838737,5294.5864,['242_2LT001'],216,1,"['3VL9OA1' '3VL9OB1' '3VL9OD1' '3VL9OA2' '3VL9OB2' '3VL9OD2' '3VL9OA3'
 '3VL9OB3' '3VL9OD3']",216,9
242_3LT001,2128.8862,50.32028,5667.364,['242_3LT001'],216,1,"['AOGL3A1' 'AOGL3B1' 'AOGL3C1' 'AOGL3A2' 'AOGL3B2' 'AOGL3C2' 'AOGL3A3'
 'AOGL3B3' 'AOGL3C3']",216,9
242_4LT001,443.47772,53.315495,1153.5913,['242_4LT001'],48,1,['1QVGLB1' '1QVGLB2'],48,2
242_5LT001,2138.7957,48.81828,5316.2935,['242_5LT001'],216,1,"['PO1GAA1' 'PO1GAB1' 'PO1GAD1' 'PO1GAA2' 'PO1GAB2' 'PO1GAD2' 'PO1GAA3'
 'PO1GAB3' 'PO1GAD3']",216,9
242_6LT001,2157.8435,51.75994,5398.3696,['242_6LT001'],216,1,"['P31ALA1' 'P31ALB1' 'P31ALD1' 'P31ALA2' 'P31ALB2' 'P31ALD2' 'P31ALA3'
 'P31ALB3' 'P31ALD3']",216,9
243_0LT001,2293.991,51.473637,5793.6045,['243_0LT001'],216,1,"['QL391A1' 'QL391B1' 'QL391D1' 'QL391A2' 'QL391B2' 'QL391D2' 'QL391A3'
 'QL391B3' 'QL391D3']",216,9
243_1LT001,449.92102,47.276947,1104.4521,['243_1LT001'],48,1,['VQ1ALB1' 'VQ1ALB2'],48,2
243_2LT001,876.2856,48.954956,2576.783,['243_2LT001'],96,1,['OVA39B1' 'OVA39D1' 'OVA39B2' 'OVA39D2'],96,4
243_3LT001,535.7374,50.215115,1244.8434,['243_3LT001'],48,1,['L3O1VB1' 'L3O1VB2'],48,2
243_4LT001,498.30597,49.526485,1127.5941,['243_4LT001'],48,1,['V9LOGB1' 'V9LOGB2'],48,2
243_5LT001,2119.5037,49.537827,5525.452,['243_5LT001'],216,1,"['V19O3A1' 'V19O3B1' 'V19O3C1' 'V19O3A2' 'V19O3B2' 'V19O3C2' 'V19O3A3'
 'V19O3B3' 'V19O3C3']",216,9
243_6LT001,543.21124,52.397293,1318.427,['243_6LT001'],48,1,['QP1G9B1' 'QP1G9B2'],48,2
244_0LT001,2169.9407,47.75401,5485.7896,['244_0LT001'],216,1,"['QPO39A1' 'QPO39B1' 'QPO39D1' 'QPO39A2' 'QPO39B2' 'QPO39D2' 'QPO39A3'
 'QPO39B3' 'QPO39D3']",216,9
244_1LT001,2123.5251,49.216038,5597.799,['244_1LT001'],216,1,"['QPG3AA1' 'QPG3AB1' 'QPG3AD1' 'QPG3AA2' 'QPG3AB2' 'QPG3AD2' 'QPG3AA3'
 'QPG3AB3' 'QPG3AD3']",216,9
244_2LT001,2109.0378,51.132023,5715.466,['244_2LT001'],216,1,"['POVQLA1' 'POVQLB1' 'POVQLC1' 'POVQLA2' 'POVQLB2' 'POVQLC2' 'POVQLA3'
 'POVQLB3' 'POVQLC3']",216,9
244_3LT001,1488.3685,45.561584,3811.3289,['244_3LT001'],144,1,['3V9POA1' '3V9POB1' '3V9POA2' '3V9POB2' '3V9POA3' '3V9POB3'],144,6
244_4LT001,2053.0051,51.92618,5541.8506,['244_4LT001'],216,1,"['P1OGAA1' 'P1OGAB1' 'P1OGAC1' 'P1OGAA2' 'P1OGAB2' 'P1OGAC2' 'P1OGAA3'
 'P1OGAB3' 'P1OGAC3']",216,9
244_5LT001,2045.3485,49.15986,5440.224,['244_5LT001'],216,1,"['1PQG9A1' '1PQG9B1' '1PQG9D1' '1PQG9A2' '1PQG9B2' '1PQG9D2' '1PQG9A3'
 '1PQG9B3' '1PQG9D3']",216,9
245_0LT001,2197.7861,50.999054,5826.436,['245_0LT001'],216,1,"['OAG91A1' 'OAG91B1' 'OAG91C1' 'OAG91A2' 'OAG91B2' 'OAG91C2' 'OAG91A3'
 'OAG91B3' 'OAG91C3']",216,9
245_1LT001,2102.0125,50.482105,5808.531,['245_1LT001'],216,1,"['AG9LPA1' 'AG9LPB1' 'AG9LPC1' 'AG9LPA2' 'AG9LPB2' 'AG9LPC2' 'AG9LPA3'
 'AG9LPB3' 'AG9LPC3']",216,9
245_2LT001,906.8083,58.278336,2243.7332,['245_2LT001'],96,1,['3POVLB1' '3POVLD1' '3POVLB2' '3POVLD2'],96,4
246_0LT001,495.1765,44.244137,1499.2205,['246_0LT001'],48,1,['AQ1PGB1' 'AQ1PGB2'],48,2
246_1LT001,904.05316,44.193836,2349.0632,['246_1LT001'],96,1,['1V3L9B1' '1V3L9D1' '1V3L9B2' '1V3L9D2'],96,4
246_2LT001,2241.5837,47.786137,5230.2803,['246_2LT001'],216,1,"['L31GQA1' 'L31GQB1' 'L31GQD1' 'L31GQA2' 'L31GQB2' 'L31GQD2' 'L31GQA3'
 'L31GQB3' 'L31GQD3']",216,9
246_3LT001,484.7546,54.487045,1198.3824,['246_3LT001'],48,1,['QO1V3B1' 'QO1V3B2'],48,2
246_4LT001,988.199,51.142975,2284.5798,['246_4LT001'],96,1,['OVGQ1B1' 'OVGQ1D1' 'OVGQ1B2' 'OVGQ1D2'],96,4
247_0LT001,2277.1677,51.917828,5309.1113,['247_0LT001'],216,1,"['VAQ39A1' 'VAQ39B1' 'VAQ39D1' 'VAQ39A2' 'VAQ39B2' 'VAQ39D2' 'VAQ39A3'
 'VAQ39B3' 'VAQ39D3']",216,9
247_1LT001,2070.0735,48.524204,5731.212,['247_1LT001'],216,1,"['VGA9PA1' 'VGA9PB1' 'VGA9PD1' 'VGA9PA2' 'VGA9PB2' 'VGA9PD2' 'VGA9PA3'
 'VGA9PB3' 'VGA9PD3']",216,9
247_2LT001,2181.5088,49.98801,5619.762,['247_2LT001'],216,1,"['13VGAA1' '13VGAB1' '13VGAD1' '13VGAA2' '13VGAB2' '13VGAD2' '13VGAA3'
 '13VGAB3' '13VGAD3']",216,9
247_3LT001,2033.205,50.024174,5725.883,['247_3LT001'],216,1,"['VQLOPA1' 'VQLOPB1' 'VQLOPC1' 'VQLOPA2' 'VQLOPB2' 'VQLOPC2' 'VQLOPA3'
 'VQLOPB3' 'VQLOPC3']",216,9
247_4LT001,2352.1594,49.904903,5734.3486,['247_4LT001'],216,1,"['AQO93A1' 'AQO93B1' 'AQO93D1' 'AQO93A2' 'AQO93B2' 'AQO93D2' 'AQO93A3'
 'AQO93B3' 'AQO93D3']",216,9
247_5LT001,1324.8003,51.729263,3558.078,['247_5LT001'],144,1,['VOGPAA1' 'VOGPAB1' 'VOGPAA2' 'VOGPAB2' 'VOGPAA3' 'VOGPAB3'],144,6
248_0LT001,2027.7616,49.700237,5364.069,['248_0LT001'],216,1,"['AQOPLA1' 'AQOPLB1' 'AQOPLC1' 'AQOPLA2' 'AQOPLB2' 'AQOPLC2' 'AQOPLA3'
 'AQOPLB3' 'AQOPLC3']",216,9
248_1LT001,2323.0046,48.335987,5254.0747,['248_1LT001'],216,1,"['VOALGA1' 'VOALGB1' 'VOALGD1' 'VOALGA2' 'VOALGB2' 'VOALGD2' 'VOALGA3'
 'VOALGB3' 'VOALGD3']",216,9
248_2LT001,1411.7408,44.708534,3668.9312,['248_2LT001'],144,1,['GLQ39A1' 'GLQ39B1' 'GLQ39A2' 'GLQ39B2' 'GLQ39A3' 'GLQ39B3'],144,6
248_3LT001,2282.2942,51.46118,5296.675,['248_3LT001'],216,1,"['VA9GLA1' 'VA9GLB1' 'VA9GLC1' 'VA9GLA2' 'VA9GLB2' 'VA9GLC2' 'VA9GLA3'
 'VA9GLB3' 'VA9GLC3']",216,9
248_4LT001,2004.0836,48.70673,5444.154,['248_4LT001'],216,1,"['1OAGQA1' '1OAGQB1' '1OAGQD1' '1OAGQA2' '1OAGQB2' '1OAGQD2' '1OAGQA3'
 '1OAGQB3' '1OAGQD3']",216,9
248_5LT001,963.82697,48.25446,2289.0615,['248_5LT001'],96,1,['QOP1LB1' 'QOP1LD1' 'QOP1LB2' 'QOP1LD2'],96,4
248_6LT001,2188.3613,49.27916,5036.931,['248_6LT001'],216,1,"['VOQ1LA1' 'VOQ1LB1' 'VOQ1LD1' 'VOQ1LA2' 'VOQ1LB2' 'VOQ1LD2' 'VOQ1LA3'
 'VOQ1LB3' 'VOQ1LD3']",216,9
249_0LT001,2129.1997,50.578804,5394.302,['249_0LT001'],216,1,"['LOA3VA1' 'LOA3VB1' 'LOA3VD1' 'LOA3VA2' 'LOA3VB2' 'LOA3VD2' 'LOA3VA3'
 'LOA3VB3' 'LOA3VD3']",216,9
249_1LT001,2102.1084,50.377033,5332.713,['249_1LT001'],216,1,"['OL3VGA1' 'OL3VGB1' 'OL3VGD1' 'OL3VGA2' 'OL3VGB2' 'OL3VGD2' 'OL3VGA3'
 'OL3VGB3' 'OL3VGD3']",216,9
249_2LT001,2086.4946,49.37151,5216.0645,['249_2LT001'],216,1,"['L9QP1A1' 'L9QP1B1' 'L9QP1C1' 'L9QP1A2' 'L9QP1B2' 'L9QP1C2' 'L9QP1A3'
 'L9QP1B3' 'L9QP1C3']",216,9
249_3LT001,2029.7377,49.06132,5368.5366,['249_3LT001'],216,1,"['QVAO1A1' 'QVAO1B1' 'QVAO1D1' 'QVAO1A2' 'QVAO1B2' 'QVAO1D2' 'QVAO1A3'
 'QVAO1B3' 'QVAO1D3']",216,9
249_4LT001,2196.6987,51.598778,5018.346,['249_4LT001'],216,1,"['1AOPGA1' '1AOPGB1' '1AOPGD1' '1AOPGA2' '1AOPGB2' '1AOPGD2' '1AOPGA3'
 '1AOPGB3' '1AOPGD3']",216,9
249_5LT001,2226.6375,49.71264,5478.5996,['249_5LT001'],216,1,"['1G3Q9A1' '1G3Q9B1' '1G3Q9C1' '1G3Q9A2' '1G3Q9B2' '1G3Q9C2' '1G3Q9A3'
 '1G3Q9B3' '1G3Q9C3']",216,9
250_0LT001,2076.9944,50.6831,5363.9453,['250_0LT001'],216,1,"['L3GPOA1' 'L3GPOB1' 'L3GPOC1' 'L3GPOA2' 'L3GPOB2' 'L3GPOC2' 'L3GPOA3'
 'L3GPOB3' 'L3GPOC3']",216,9
250_1LT001,2094.3765,50.641068,5822.205,['250_1LT001'],216,1,"['3PLAQA1' '3PLAQB1' '3PLAQD1' '3PLAQA2' '3PLAQB2' '3PLAQD2' '3PLAQA3'
 '3PLAQB3' '3PLAQD3']",216,9
250_2LT001,2265.7917,49.106396,5639.451,['250_2LT001'],216,1,"['O9AQGA1' 'O9AQGB1' 'O9AQGD1' 'O9AQGA2' 'O9AQGB2' 'O9AQGD2' 'O9AQGA3'
 'O9AQGB3' 'O9AQGD3']",216,9
250_3LT001,1474.2626,52.6246,3824.4702,['250_3LT001'],144,1,['A3OLQA1' 'A3OLQB1' 'A3OLQA2' 'A3OLQB2' 'A3OLQA3' 'A3OLQB3'],144,6
251_0LT001,897.14667,56.652943,2236.6128,['251_0LT001'],96,1,['VG3P1B1' 'VG3P1D1' 'VG3P1B2' 'VG3P1D2'],96,4
251_1LT001,2201.461,50.31447,5520.188,['251_1LT001'],216,1,"['GAVO3A1' 'GAVO3B1' 'GAVO3C1' 'GAVO3A2' 'GAVO3B2' 'GAVO3C2' 'GAVO3A3'
 'GAVO3B3' 'GAVO3C3']",216,9
252_0LT001,1438.4824,47.52389,3401.298,['252_0LT001'],144,1,['V9LA3A1' 'V9LA3B1' 'V9LA3A2' 'V9LA3B2' 'V9LA3A3' 'V9LA3B3'],144,6
252_1LT001,2227.797,50.65872,5658.0474,['252_1LT001'],216,1,"['9GV3OA1' '9GV3OB1' '9GV3OD1' '9GV3OA2' '9GV3OB2' '9GV3OD2' '9GV3OA3'
 '9GV3OB3' '9GV3OD3']",216,9
252_2LT001,2226.6406,49.487034,5424.875,['252_2LT001'],216,1,"['OPVA9A1' 'OPVA9B1' 'OPVA9D1' 'OPVA9A2' 'OPVA9B2' 'OPVA9D2' 'OPVA9A3'
 'OPVA9B3' 'OPVA9D3']",216,9
252_3LT001,463.61426,51.792618,1375.7178,['252_3LT001'],48,1,['L31A9B1' 'L31A9B2'],48,2
252_4LT001,2194.7427,47.087772,5076.9736,['252_4LT001'],216,1,"['PL1O3A1' 'PL1O3B1' 'PL1O3D1' 'PL1O3A2' 'PL1O3B2' 'PL1O3D2' 'PL1O3A3'
 'PL1O3B3' 'PL1O3D3']",216,9
252_5LT001,2116.022,49.0164,5632.8228,['252_5LT001'],216,1,"['P3A1OA1' 'P3A1OB1' 'P3A1OC1' 'P3A1OA2' 'P3A1OB2' 'P3A1OC2' 'P3A1OA3'
 'P3A1OB3' 'P3A1OC3']",216,9
253_0LT001,2001.7087,49.38535,5425.496,['253_0LT001'],216,1,"['9P3VOA1' '9P3VOB1' '9P3VOC1' '9P3VOA2' '9P3VOB2' '9P3VOC2' '9P3VOA3'
 '9P3VOB3' '9P3VOC3']",216,9
253_1LT001,943.7893,50.985382,2583.6118,['253_1LT001'],96,1,['VQ9POB1' 'VQ9POD1' 'VQ9POB2' 'VQ9POD2'],96,4
254_0LT001,2162.1797,51.594196,5178.971,['254_0LT001'],216,1,"['PLQV9A1' 'PLQV9B1' 'PLQV9D1' 'PLQV9A2' 'PLQV9B2' 'PLQV9D2' 'PLQV9A3'
 'PLQV9B3' 'PLQV9D3']",216,9
254_1LT001,1008.3434,52.57901,2332.8608,['254_1LT001'],96,1,['GV9LPB1' 'GV9LPD1' 'GV9LPB2' 'GV9LPD2'],96,4
254_2LT001,2401.8538,52.102688,5433.4478,['254_2LT001'],216,1,"['VP3AOA1' 'VP3AOB1' 'VP3AOD1' 'VP3AOA2' 'VP3AOB2' 'VP3AOD2' 'VP3AOA3'
 'VP3AOB3' 'VP3AOD3']",216,9
255_0LT001,2171.3442,52.433796,5701.1045,['255_0LT001'],216,1,"['A3VLPA1' 'A3VLPB1' 'A3VLPD1' 'A3VLPA2' 'A3VLPB2' 'A3VLPD2' 'A3VLPA3'
 'A3VLPB3' 'A3VLPD3']",216,9
255_1LT001,1362.7917,51.548664,3387.3948,['255_1LT001'],144,1,['1OQLVA1' '1OQLVB1' '1OQLVA2' '1OQLVB2' '1OQLVA3' '1OQLVB3'],144,6
255_2LT001,2226.5833,45.375782,5489.0645,['255_2LT001'],216,1,"['PO3LVA1' 'PO3LVB1' 'PO3LVD1' 'PO3LVA2' 'PO3LVB2' 'PO3LVD2' 'PO3LVA3'
 'PO3LVB3' 'PO3LVD3']",216,9
255_3LT001,2223.1465,49.75327,5221.594,['255_3LT001'],216,1,"['VPGL1A1' 'VPGL1B1' 'VPGL1C1' 'VPGL1A2' 'VPGL1B2' 'VPGL1C2' 'VPGL1A3'
 'VPGL1B3' 'VPGL1C3']",216,9
256_0LT001,1433.9128,48.58678,3426.7197,['256_0LT001'],144,1,['GALQOA1' 'GALQOB1' 'GALQOA2' 'GALQOB2' 'GALQOA3' 'GALQOB3'],144,6
256_1LT001,1442.0857,50.95074,3649.38,['256_1LT001'],144,1,['39OA1A1' '39OA1B1' '39OA1A2' '39OA1B2' '39OA1A3' '39OA1B3'],144,6
256_2LT001,2165.995,49.64007,5601.089,['256_2LT001'],216,1,"['QOLAVA1' 'QOLAVB1' 'QOLAVD1' 'QOLAVA2' 'QOLAVB2' 'QOLAVD2' 'QOLAVA3'
 'QOLAVB3' 'QOLAVD3']",216,9
256_3LT001,2140.8997,51.308647,5351.6973,['256_3LT001'],216,1,"['1LQAPA1' '1LQAPB1' '1LQAPD1' '1LQAPA2' '1LQAPB2' '1LQAPD2' '1LQAPA3'
 '1LQAPB3' '1LQAPD3']",216,9
256_4LT001,2370.4644,47.27835,5634.725,['256_4LT001'],216,1,"['P1OQAA1' 'P1OQAB1' 'P1OQAC1' 'P1OQAA2' 'P1OQAB2' 'P1OQAC2' 'P1OQAA3'
 'P1OQAB3' 'P1OQAC3']",216,9
257_0LT001,981.1331,49.447468,2406.0398,['257_0LT001'],96,1,['P3GL1B1' 'P3GL1D1' 'P3GL1B2' 'P3GL1D2'],96,4
257_1LT001,2098.274,49.854458,5307.612,['257_1LT001'],216,1,"['QP93LA1' 'QP93LB1' 'QP93LD1' 'QP93LA2' 'QP93LB2' 'QP93LD2' 'QP93LA3'
 'QP93LB3' 'QP93LD3']",216,9
258_0LT001,2095.2358,48.831814,5683.0825,['258_0LT001'],216,1,"['QOA1LA1' 'QOA1LB1' 'QOA1LC1' 'QOA1LA2' 'QOA1LB2' 'QOA1LC2' 'QOA1LA3'
 'QOA1LB3' 'QOA1LC3']",216,9
258_1LT001,1335.2473,48.87767,3751.56,['258_1LT001'],144,1,['QVG13A1' 'QVG13B1' 'QVG13A2' 'QVG13B2' 'QVG13A3' 'QVG13B3'],144,6
258_2LT001,2003.6068,49.537727,5551.5654,['258_2LT001'],216,1,"['A39GOA1' 'A39GOB1' 'A39GOD1' 'A39GOA2' 'A39GOB2' 'A39GOD2' 'A39GOA3'
 'A39GOB3' 'A39GOD3']",216,9
258_3LT001,1486.1292,48.972435,3705.2527,['258_3LT001'],144,1,['AQ9GLA1' 'AQ9GLB1' 'AQ9GLA2' 'AQ9GLB2' 'AQ9GLA3' 'AQ9GLB3'],144,6
259_0LT001,2209.9238,47.489388,5699.5225,['259_0LT001'],216,1,"['V9A3OA1' 'V9A3OB1' 'V9A3OD1' 'V9A3OA2' 'V9A3OB2' 'V9A3OD2' 'V9A3OA3'
 'V9A3OB3' 'V9A3OD3']",216,9
259_1LT001,2280.8125,47.44968,5371.9336,['259_1LT001'],216,1,"['L3AVPA1' 'L3AVPB1' 'L3AVPC1' 'L3AVPA2' 'L3AVPB2' 'L3AVPC2' 'L3AVPA3'
 'L3AVPB3' 'L3AVPC3']",216,9
260_0LT001,2208.4634,48.18907,5408.2554,['260_0LT001'],216,1,"['OG9PLA1' 'OG9PLB1' 'OG9PLD1' 'OG9PLA2' 'OG9PLB2' 'OG9PLD2' 'OG9PLA3'
 'OG9PLB3' 'OG9PLD3']",216,9
260_1LT001,2134.7473,50.491673,5312.0845,['260_1LT001'],216,1,"['P91GLA1' 'P91GLB1' 'P91GLD1' 'P91GLA2' 'P91GLB2' 'P91GLD2' 'P91GLA3'
 'P91GLB3' 'P91GLD3']",216,9
260_2LT001,2085.6082,50.78626,5454.77,['260_2LT001'],216,1,"['L93GVA1' 'L93GVB1' 'L93GVD1' 'L93GVA2' 'L93GVB2' 'L93GVD2' 'L93GVA3'
 'L93GVB3' 'L93GVD3']",216,9
260_3LT001,2179.4282,49.994392,5133.1123,['260_3LT001'],216,1,"['1VAQLA1' '1VAQLB1' '1VAQLC1' '1VAQLA2' '1VAQLB2' '1VAQLC2' '1VAQLA3'
 '1VAQLB3' '1VAQLC3']",216,9
261_0LT001,948.0835,54.573643,2313.6387,['261_0LT001'],96,1,['OQAP9B1' 'OQAP9D1' 'OQAP9B2' 'OQAP9D2'],96,4
261_1LT001,2204.5928,49.805355,5212.9585,['261_1LT001'],216,1,"['G1LVAA1' 'G1LVAB1' 'G1LVAC1' 'G1LVAA2' 'G1LVAB2' 'G1LVAC2' 'G1LVAA3'
 'G1LVAB3' 'G1LVAC3']",216,9
262_0LT001,1488.1986,46.586533,3679.3552,['262_0LT001'],144,1,['P9LO3A1' 'P9LO3B1' 'P9LO3A2' 'P9LO3B2' 'P9LO3A3' 'P9LO3B3'],144,6
262_1LT001,2147.8462,50.363136,5521.803,['262_1LT001'],216,1,"['LAOVQA1' 'LAOVQB1' 'LAOVQC1' 'LAOVQA2' 'LAOVQB2' 'LAOVQC2' 'LAOVQA3'
 'LAOVQB3' 'LAOVQC3']",216,9
262_2LT001,2312.096,52.47036,5469.2,['262_2LT001'],216,1,"['P931VA1' 'P931VB1' 'P931VD1' 'P931VA2' 'P931VB2' 'P931VD2' 'P931VA3'
 'P931VB3' 'P931VD3']",216,9
263_0LT001,1455.658,48.517075,3648.55,['263_0LT001'],144,1,['GLO3AA1' 'GLO3AB1' 'GLO3AA2' 'GLO3AB2' 'GLO3AA3' 'GLO3AB3'],144,6
263_1LT001,2137.9858,49.19505,5281.9395,['263_1LT001'],216,1,"['39POGA1' '39POGB1' '39POGC1' '39POGA2' '39POGB2' '39POGC2' '39POGA3'
 '39POGB3' '39POGC3']",216,9
263_2LT001,2189.2014,51.461872,6039.099,['263_2LT001'],240,1,"['3P9AGB1' '3P9AGD1' '3P9AGB2' '3P9AGD2' '3P9AGB3' '3P9AGD3' '3P9AGB4'
 '3P9AGD4' '3P9AGB5' '3P9AGD5']",240,10
263_3LT001,2112.9548,47.534405,5200.345,['263_3LT001'],216,1,"['QAPVOA1' 'QAPVOB1' 'QAPVOD1' 'QAPVOA2' 'QAPVOB2' 'QAPVOD2' 'QAPVOA3'
 'QAPVOB3' 'QAPVOD3']",216,9
263_4LT001,2283.0933,50.130703,5355.049,['263_4LT001'],216,1,"['PQV9AA1' 'PQV9AB1' 'PQV9AC1' 'PQV9AA2' 'PQV9AB2' 'PQV9AC2' 'PQV9AA3'
 'PQV9AB3' 'PQV9AC3']",216,9
263_5LT001,1349.0797,45.944263,3852.9365,['263_5LT001'],144,1,['LAQGOA1' 'LAQGOB1' 'LAQGOA2' 'LAQGOB2' 'LAQGOA3' 'LAQGOB3'],144,6
264_0LT001,2297.783,50.12346,5327.489,['264_0LT001'],216,1,"['3A1QGA1' '3A1QGB1' '3A1QGD1' '3A1QGA2' '3A1QGB2' '3A1QGD2' '3A1QGA3'
 '3A1QGB3' '3A1QGD3']",216,9
264_1LT001,2111.9438,50.15574,5065.4106,['264_1LT001'],216,1,"['VP9O3A1' 'VP9O3B1' 'VP9O3D1' 'VP9O3A2' 'VP9O3B2' 'VP9O3D2' 'VP9O3A3'
 'VP9O3B3' 'VP9O3D3']",216,9
264_2LT001,880.9501,50.202396,2217.5308,['264_2LT001'],96,1,['VO3QLB1' 'VO3QLD1' 'VO3QLB2' 'VO3QLD2'],96,4
265_0LT001,2258.32,49.658794,5412.4814,['265_0LT001'],216,1,"['AOP9VA1' 'AOP9VB1' 'AOP9VC1' 'AOP9VA2' 'AOP9VB2' 'AOP9VC2' 'AOP9VA3'
 'AOP9VB3' 'AOP9VC3']",216,9
265_1LT001,1315.8057,47.41545,3644.9402,['265_1LT001'],144,1,['L3VQAA1' 'L3VQAB1' 'L3VQAA2' 'L3VQAB2' 'L3VQAA3' 'L3VQAB3'],144,6
266_0LT001,2280.488,50.48798,5425.043,['266_0LT001'],216,1,"['QO1A9A1' 'QO1A9B1' 'QO1A9D1' 'QO1A9A2' 'QO1A9B2' 'QO1A9D2' 'QO1A9A3'
 'QO1A9B3' 'QO1A9D3']",216,9
266_1LT001,486.8133,51.280716,1212.7115,['266_1LT001'],48,1,['APLQVB1' 'APLQVB2'],48,2
267_0LT001,2161.125,49.905376,5605.296,['267_0LT001'],216,1,"['9VGOLA1' '9VGOLB1' '9VGOLD1' '9VGOLA2' '9VGOLB2' '9VGOLD2' '9VGOLA3'
 '9VGOLB3' '9VGOLD3']",216,9
267_1LT001,1477.7418,50.626663,4091.6143,['267_1LT001'],144,1,['Q9ALPA1' 'Q9ALPB1' 'Q9ALPA2' 'Q9ALPB2' 'Q9ALPA3' 'Q9ALPB3'],144,6
268_0LT001,2173.422,48.743073,5599.3945,['268_0LT001'],216,1,"['AO139A1' 'AO139B1' 'AO139C1' 'AO139A2' 'AO139B2' 'AO139C2' 'AO139A3'
 'AO139B3' 'AO139C3']",216,9
268_1LT001,2205.8142,53.07421,5618.3936,['268_1LT001'],216,1,"['AQV3LA1' 'AQV3LB1' 'AQV3LD1' 'AQV3LA2' 'AQV3LB2' 'AQV3LD2' 'AQV3LA3'
 'AQV3LB3' 'AQV3LD3']",216,9
268_2LT001,1025.9047,46.666676,2541.846,['268_2LT001'],96,1,['OQV1GB1' 'OQV1GD1' 'OQV1GB2' 'OQV1GD2'],96,4
268_3LT001,1000.90845,49.04741,2452.6208,['268_3LT001'],96,1,['QAPLVB1' 'QAPLVD1' 'QAPLVB2' 'QAPLVD2'],96,4
269_0LT001,1995.616,48.60742,5345.662,['269_0LT001'],216,1,"['3LPAGA1' '3LPAGB1' '3LPAGD1' '3LPAGA2' '3LPAGB2' '3LPAGD2' '3LPAGA3'
 '3LPAGB3' '3LPAGD3']",216,9
269_1LT001,2316.4968,49.412354,6399.532,['269_1LT001'],240,1,"['3OV9PB1' '3OV9PD1' '3OV9PB2' '3OV9PD2' '3OV9PB3' '3OV9PD3' '3OV9PB4'
 '3OV9PD4' '3OV9PB5' '3OV9PD5']",240,10
270_0LT001,873.14417,52.081196,2158.6382,['270_0LT001'],96,1,['ALP9GB1' 'ALP9GD1' 'ALP9GB2' 'ALP9GD2'],96,4
270_1LT001,474.75516,48.888943,1260.4269,['270_1LT001'],48,1,['391PVB1' '391PVB2'],48,2
270_2LT001,501.7206,51.18982,1197.5258,['270_2LT001'],48,1,['O39GLB1' 'O39GLB2'],48,2
271_0LT001,2150.149,53.097427,5466.379,['271_0LT001'],216,1,"['OP39QA1' 'OP39QB1' 'OP39QC1' 'OP39QA2' 'OP39QB2' 'OP39QC2' 'OP39QA3'
 'OP39QB3' 'OP39QC3']",216,9
271_1LT001,2231.2087,50.435844,5607.031,['271_1LT001'],216,1,"['1PQAGA1' '1PQAGB1' '1PQAGC1' '1PQAGA2' '1PQAGB2' '1PQAGC2' '1PQAGA3'
 '1PQAGB3' '1PQAGC3']",216,9
271_2LT001,887.3019,48.75558,2539.3853,['271_2LT001'],96,1,['OLAPGB1' 'OLAPGD1' 'OLAPGB2' 'OLAPGD2'],96,4
272_0LT001,2085.0098,52.74834,5415.7734,['272_0LT001'],216,1,"['GL9QAA1' 'GL9QAB1' 'GL9QAD1' 'GL9QAA2' 'GL9QAB2' 'GL9QAD2' 'GL9QAA3'
 'GL9QAB3' 'GL9QAD3']",216,9
272_1LT001,2131.4734,49.48066,5437.315,['272_1LT001'],216,1,"['LPV9QA1' 'LPV9QB1' 'LPV9QD1' 'LPV9QA2' 'LPV9QB2' 'LPV9QD2' 'LPV9QA3'
 'LPV9QB3' 'LPV9QD3']",216,9
273_0LT001,954.51184,53.679962,2401.2095,['273_0LT001'],96,1,['QPVA9B1' 'QPVA9D1' 'QPVA9B2' 'QPVA9D2'],96,4
273_1LT001,2122.7617,48.791977,5268.47,['273_1LT001'],216,1,"['G3AOLA1' 'G3AOLB1' 'G3AOLC1' 'G3AOLA2' 'G3AOLB2' 'G3AOLC2' 'G3AOLA3'
 'G3AOLB3' 'G3AOLC3']",216,9
274_0LT001,1382.0494,54.30488,3481.1646,['274_0LT001'],144,1,['PLG1OA1' 'PLG1OB1' 'PLG1OA2' 'PLG1OB2' 'PLG1OA3' 'PLG1OB3'],144,6
274_1LT001,2048.3904,52.59302,5466.711,['274_1LT001'],216,1,"['PQVO3A1' 'PQVO3B1' 'PQVO3D1' 'PQVO3A2' 'PQVO3B2' 'PQVO3D2' 'PQVO3A3'
 'PQVO3B3' 'PQVO3D3']",216,9
274_2LT001,1368.2141,47.584873,3435.691,['274_2LT001'],144,1,['3L19VA1' '3L19VB1' '3L19VA2' '3L19VB2' '3L19VA3' '3L19VB3'],144,6
275_0LT001,1075.3064,47.84599,2500.4917,['275_0LT001'],96,1,['9APLVB1' '9APLVD1' '9APLVB2' '9APLVD2'],96,4
275_1LT001,2240.662,49.877033,5262.738,['275_1LT001'],216,1,"['AP1VLA1' 'AP1VLB1' 'AP1VLD1' 'AP1VLA2' 'AP1VLB2' 'AP1VLD2' 'AP1VLA3'
 'AP1VLB3' 'AP1VLD3']",216,9
276_0LT001,1446.322,48.7769,3561.6216,['276_0LT001'],144,1,['GV31AA1' 'GV31AB1' 'GV31AA2' 'GV31AB2' 'GV31AA3' 'GV31AB3'],144,6
276_1LT001,1026.5919,50.73924,2479.8665,['276_1LT001'],96,1,['VAQP3B1' 'VAQP3D1' 'VAQP3B2' 'VAQP3D2'],96,4
276_2LT001,1410.4875,51.471443,3406.3662,['276_2LT001'],144,1,['G39VPA1' 'G39VPB1' 'G39VPA2' 'G39VPB2' 'G39VPA3' 'G39VPB3'],144,6
276_3LT001,479.0552,54.528362,1055.7776,['276_3LT001'],48,1,['GLQ9VB1' 'GLQ9VB2'],48,2
277_0LT001,1933.2053,47.40515,5141.2646,['277_0LT001'],216,1,"['QGL13A1' 'QGL13B1' 'QGL13C1' 'QGL13A2' 'QGL13B2' 'QGL13C2' 'QGL13A3'
 'QGL13B3' 'QGL13C3']",216,9
277_1LT001,2363.3376,49.46699,6280.769,['277_1LT001'],240,1,"['L3AV1B1' 'L3AV1C1' 'L3AV1B2' 'L3AV1C2' 'L3AV1B3' 'L3AV1C3' 'L3AV1B4'
 'L3AV1C4' 'L3AV1B5' 'L3AV1C5']",240,10
277_2LT001,2198.2466,46.030064,5310.4927,['277_2LT001'],216,1,"['P1A3LA1' 'P1A3LB1' 'P1A3LC1' 'P1A3LA2' 'P1A3LB2' 'P1A3LC2' 'P1A3LA3'
 'P1A3LB3' 'P1A3LC3']",216,9
278_0LT001,986.3035,49.195843,2428.4338,['278_0LT001'],96,1,['O9VA3B1' 'O9VA3D1' 'O9VA3B2' 'O9VA3D2'],96,4
278_1LT001,2504.3782,50.556133,5795.5103,['278_1LT001'],240,1,"['AQ9POB1' 'AQ9POC1' 'AQ9POB2' 'AQ9POC2' 'AQ9POB3' 'AQ9POC3' 'AQ9POB4'
 'AQ9POC4' 'AQ9POB5' 'AQ9POC5']",240,10
278_2LT001,2106.2073,48.39881,5381.7944,['278_2LT001'],216,1,"['VQOL9A1' 'VQOL9B1' 'VQOL9C1' 'VQOL9A2' 'VQOL9B2' 'VQOL9C2' 'VQOL9A3'
 'VQOL9B3' 'VQOL9C3']",216,9
278_3LT001,2275.3733,48.699184,6400.7666,['278_3LT001'],240,1,"['G91PVB1' 'G91PVD1' 'G91PVB2' 'G91PVD2' 'G91PVB3' 'G91PVD3' 'G91PVB4'
 'G91PVD4' 'G91PVB5' 'G91PVD5']",240,10
278_4LT001,2186.482,49.44822,5553.813,['278_4LT001'],216,1,"['ALP91A1' 'ALP91B1' 'ALP91C1' 'ALP91A2' 'ALP91B2' 'ALP91C2' 'ALP91A3'
 'ALP91B3' 'ALP91C3']",216,9
279_0LT001,1542.847,55.053516,3682.439,['279_0LT001'],144,1,['OV1PLA1' 'OV1PLB1' 'OV1PLA2' 'OV1PLB2' 'OV1PLA3' 'OV1PLB3'],144,6
279_1LT001,2015.7449,48.361572,5372.0723,['279_1LT001'],216,1,"['GA1L3A1' 'GA1L3B1' 'GA1L3C1' 'GA1L3A2' 'GA1L3B2' 'GA1L3C2' 'GA1L3A3'
 'GA1L3B3' 'GA1L3C3']",216,9
280_0LT001,2059.1116,50.45865,5534.2407,['280_0LT001'],216,1,"['V3AG1A1' 'V3AG1B1' 'V3AG1D1' 'V3AG1A2' 'V3AG1B2' 'V3AG1D2' 'V3AG1A3'
 'V3AG1B3' 'V3AG1D3']",216,9
280_1LT001,932.4969,53.212414,2526.235,['280_1LT001'],96,1,['APG19B1' 'APG19D1' 'APG19B2' 'APG19D2'],96,4
280_2LT001,495.91733,61.453472,1265.5907,['280_2LT001'],48,1,['QAV3OB1' 'QAV3OB2'],48,2
280_3LT001,2246.375,49.77894,5425.613,['280_3LT001'],216,1,"['39GQVA1' '39GQVB1' '39GQVC1' '39GQVA2' '39GQVB2' '39GQVC2' '39GQVA3'
 '39GQVB3' '39GQVC3']",216,9
280_4LT001,2092.766,49.685448,5389.588,['280_4LT001'],216,1,"['PAV1QA1' 'PAV1QB1' 'PAV1QD1' 'PAV1QA2' 'PAV1QB2' 'PAV1QD2' 'PAV1QA3'
 'PAV1QB3' 'PAV1QD3']",216,9
281_0LT001,1513.6127,47.21086,3582.0354,['281_0LT001'],144,1,['9GAOPA1' '9GAOPB1' '9GAOPA2' '9GAOPB2' '9GAOPA3' '9GAOPB3'],144,6
281_1LT001,2178.3596,48.17508,5009.1772,['281_1LT001'],216,1,"['1PQ9OA1' '1PQ9OB1' '1PQ9OD1' '1PQ9OA2' '1PQ9OB2' '1PQ9OD2' '1PQ9OA3'
 '1PQ9OB3' '1PQ9OD3']",216,9
281_2LT001,2166.4023,51.487507,5305.7505,['281_2LT001'],216,1,"['O3L9QA1' 'O3L9QB1' 'O3L9QD1' 'O3L9QA2' 'O3L9QB2' 'O3L9QD2' 'O3L9QA3'
 'O3L9QB3' 'O3L9QD3']",216,9
281_3LT001,2151.3188,47.21404,5439.718,['281_3LT001'],216,1,"['L3G9VA1' 'L3G9VB1' 'L3G9VD1' 'L3G9VA2' 'L3G9VB2' 'L3G9VD2' 'L3G9VA3'
 'L3G9VB3' 'L3G9VD3']",216,9
282_0LT001,900.9188,53.689014,2284.181,['282_0LT001'],96,1,['O1LPVB1' 'O1LPVD1' 'O1LPVB2' 'O1LPVD2'],96,4
282_1LT001,2274.9995,49.107132,5536.429,['282_1LT001'],216,1,"['OPL1GA1' 'OPL1GB1' 'OPL1GC1' 'OPL1GA2' 'OPL1GB2' 'OPL1GC2' 'OPL1GA3'
 'OPL1GB3' 'OPL1GC3']",216,9
282_2LT001,2107.529,48.451084,5464.7437,['282_2LT001'],216,1,"['3V9ALA1' '3V9ALB1' '3V9ALD1' '3V9ALA2' '3V9ALB2' '3V9ALD2' '3V9ALA3'
 '3V9ALB3' '3V9ALD3']",216,9
283_0LT001,2198.3162,47.31639,5272.2827,['283_0LT001'],216,1,"['3L9GPA1' '3L9GPB1' '3L9GPD1' '3L9GPA2' '3L9GPB2' '3L9GPD2' '3L9GPA3'
 '3L9GPB3' '3L9GPD3']",216,9
283_1LT001,1482.9021,48.161823,3644.4785,['283_1LT001'],144,1,['9PQAVA1' '9PQAVB1' '9PQAVA2' '9PQAVB2' '9PQAVA3' '9PQAVB3'],144,6
283_2LT001,2081.5586,51.545704,5496.0366,['283_2LT001'],216,1,"['GQOVPA1' 'GQOVPB1' 'GQOVPD1' 'GQOVPA2' 'GQOVPB2' 'GQOVPD2' 'GQOVPA3'
 'GQOVPB3' 'GQOVPD3']",216,9
283_3LT001,2227.5618,48.878963,5592.849,['283_3LT001'],216,1,"['V3A1QA1' 'V3A1QB1' 'V3A1QC1' 'V3A1QA2' 'V3A1QB2' 'V3A1QC2' 'V3A1QA3'
 'V3A1QB3' 'V3A1QC3']",216,9
284_0LT001,2047.045,53.039112,5218.034,['284_0LT001'],216,1,"['3L1GVA1' '3L1GVB1' '3L1GVD1' '3L1GVA2' '3L1GVB2' '3L1GVD2' '3L1GVA3'
 '3L1GVB3' '3L1GVD3']",216,9
284_1LT001,2164.9211,51.679916,5271.155,['284_1LT001'],216,1,"['O9A3LA1' 'O9A3LB1' 'O9A3LD1' 'O9A3LA2' 'O9A3LB2' 'O9A3LD2' 'O9A3LA3'
 'O9A3LB3' 'O9A3LD3']",216,9
284_2LT001,2099.012,49.154938,5246.191,['284_2LT001'],216,1,"['V1LA3A1' 'V1LA3B1' 'V1LA3C1' 'V1LA3A2' 'V1LA3B2' 'V1LA3C2' 'V1LA3A3'
 'V1LA3B3' 'V1LA3C3']",216,9
285_0LT001,2258.2708,49.44478,5655.3306,['285_0LT001'],216,1,"['LPQVGA1' 'LPQVGB1' 'LPQVGD1' 'LPQVGA2' 'LPQVGB2' 'LPQVGD2' 'LPQVGA3'
 'LPQVGB3' 'LPQVGD3']",216,9
285_1LT001,2210.566,51.077805,5338.562,['285_1LT001'],216,1,"['QVP9OA1' 'QVP9OB1' 'QVP9OD1' 'QVP9OA2' 'QVP9OB2' 'QVP9OD2' 'QVP9OA3'
 'QVP9OB3' 'QVP9OD3']",216,9
286_0LT001,2234.0886,51.731487,5390.296,['286_0LT001'],216,1,"['QOALGA1' 'QOALGB1' 'QOALGD1' 'QOALGA2' 'QOALGB2' 'QOALGD2' 'QOALGA3'
 'QOALGB3' 'QOALGD3']",216,9
286_1LT001,2186.1582,52.568813,5155.4883,['286_1LT001'],216,1,"['Q19LAA1' 'Q19LAB1' 'Q19LAC1' 'Q19LAA2' 'Q19LAB2' 'Q19LAC2' 'Q19LAA3'
 'Q19LAB3' 'Q19LAC3']",216,9
286_2LT001,2167.584,48.9969,5075.5786,['286_2LT001'],216,1,"['L1AVPA1' 'L1AVPB1' 'L1AVPD1' 'L1AVPA2' 'L1AVPB2' 'L1AVPD2' 'L1AVPA3'
 'L1AVPB3' 'L1AVPD3']",216,9
286_3LT001,2051.0356,48.71826,5652.0063,['286_3LT001'],216,1,"['V31LQA1' 'V31LQB1' 'V31LQD1' 'V31LQA2' 'V31LQB2' 'V31LQD2' 'V31LQA3'
 'V31LQB3' 'V31LQD3']",216,9
286_4LT001,2078.507,48.64226,5239.569,['286_4LT001'],216,1,"['3LG1PA1' '3LG1PB1' '3LG1PC1' '3LG1PA2' '3LG1PB2' '3LG1PC2' '3LG1PA3'
 '3LG1PB3' '3LG1PC3']",216,9
286_5LT001,966.00714,46.226116,2263.2942,['286_5LT001'],96,1,['AQVG3B1' 'AQVG3D1' 'AQVG3B2' 'AQVG3D2'],96,4
287_0LT001,466.0051,55.387547,1217.879,['287_0LT001'],48,1,['VQLG1B1' 'VQLG1B2'],48,2
287_1LT001,2088.5286,50.78505,5633.675,['287_1LT001'],216,1,"['3G9PAA1' '3G9PAB1' '3G9PAC1' '3G9PAA2' '3G9PAB2' '3G9PAC2' '3G9PAA3'
 '3G9PAB3' '3G9PAC3']",216,9
287_2LT001,2153.5115,49.27419,5079.8564,['287_2LT001'],216,1,"['PLVA1A1' 'PLVA1B1' 'PLVA1D1' 'PLVA1A2' 'PLVA1B2' 'PLVA1D2' 'PLVA1A3'
 'PLVA1B3' 'PLVA1D3']",216,9
287_3LT001,2217.573,49.5112,5598.478,['287_3LT001'],216,1,"['QL1APA1' 'QL1APB1' 'QL1APD1' 'QL1APA2' 'QL1APB2' 'QL1APD2' 'QL1APA3'
 'QL1APB3' 'QL1APD3']",216,9
287_4LT001,493.89102,55.342804,1180.3759,['287_4LT001'],48,1,['VGQO1B1' 'VGQO1B2'],48,2
288_0LT001,2074.3076,49.118122,5419.0103,['288_0LT001'],216,1,"['LA9PQA1' 'LA9PQB1' 'LA9PQD1' 'LA9PQA2' 'LA9PQB2' 'LA9PQD2' 'LA9PQA3'
 'LA9PQB3' 'LA9PQD3']",216,9
288_1LT001,2210.6838,47.51126,5712.6187,['288_1LT001'],216,1,"['3AG9QA1' '3AG9QB1' '3AG9QD1' '3AG9QA2' '3AG9QB2' '3AG9QD2' '3AG9QA3'
 '3AG9QB3' '3AG9QD3']",216,9
288_2LT001,2271.3203,48.583004,5577.4375,['288_2LT001'],216,1,"['1VOQGA1' '1VOQGB1' '1VOQGC1' '1VOQGA2' '1VOQGB2' '1VOQGC2' '1VOQGA3'
 '1VOQGB3' '1VOQGC3']",216,9
288_3LT001,2218.543,51.21868,5558.27,['288_3LT001'],216,1,"['A1P3QA1' 'A1P3QB1' 'A1P3QC1' 'A1P3QA2' 'A1P3QB2' 'A1P3QC2' 'A1P3QA3'
 'A1P3QB3' 'A1P3QC3']",216,9
288_4LT001,2366.2627,50.194008,5950.457,['288_4LT001'],240,1,"['A1L3PB1' 'A1L3PD1' 'A1L3PB2' 'A1L3PD2' 'A1L3PB3' 'A1L3PD3' 'A1L3PB4'
 'A1L3PD4' 'A1L3PB5' 'A1L3PD5']",240,10
288_5LT001,506.20068,44.057735,1302.3861,['288_5LT001'],48,1,['G9PQAB1' 'G9PQAB2'],48,2
288_6LT001,486.42776,55.76877,1362.0571,['288_6LT001'],48,1,['L9PQ3B1' 'L9PQ3B2'],48,2
289_0LT001,2103.6692,52.970898,5442.721,['289_0LT001'],216,1,"['1QL3VA1' '1QL3VB1' '1QL3VD1' '1QL3VA2' '1QL3VB2' '1QL3VD2' '1QL3VA3'
 '1QL3VB3' '1QL3VD3']",216,9
289_1LT001,2179.931,50.082542,5134.101,['289_1LT001'],216,1,"['L9PAQA1' 'L9PAQB1' 'L9PAQD1' 'L9PAQA2' 'L9PAQB2' 'L9PAQD2' 'L9PAQA3'
 'L9PAQB3' 'L9PAQD3']",216,9
289_2LT001,2118.6316,49.380074,5616.411,['289_2LT001'],216,1,"['G3ALQA1' 'G3ALQB1' 'G3ALQC1' 'G3ALQA2' 'G3ALQB2' 'G3ALQC2' 'G3ALQA3'
 'G3ALQB3' 'G3ALQC3']",216,9
290_0LT001,504.0718,48.460224,1202.607,['290_0LT001'],48,1,['LOG13B1' 'LOG13B2'],48,2
290_1LT001,2029.3529,50.205902,5406.908,['290_1LT001'],216,1,"['AG3VQA1' 'AG3VQB1' 'AG3VQD1' 'AG3VQA2' 'AG3VQB2' 'AG3VQD2' 'AG3VQA3'
 'AG3VQB3' 'AG3VQD3']",216,9
290_2LT001,504.35355,48.844086,1124.4036,['290_2LT001'],48,1,['1G9APB1' '1G9APB2'],48,2
290_3LT001,1407.9991,47.74402,3496.0952,['290_3LT001'],144,1,['OAVG9A1' 'OAVG9B1' 'OAVG9A2' 'OAVG9B2' 'OAVG9A3' 'OAVG9B3'],144,6
291_0LT001,877.7449,49.482517,2486.7573,['291_0LT001'],96,1,['POV1AB1' 'POV1AD1' 'POV1AB2' 'POV1AD2'],96,4
291_1LT001,2152.4924,55.39128,5091.4224,['291_1LT001'],216,1,"['OVGQPA1' 'OVGQPB1' 'OVGQPD1' 'OVGQPA2' 'OVGQPB2' 'OVGQPD2' 'OVGQPA3'
 'OVGQPB3' 'OVGQPD3']",216,9
291_2LT001,1494.1061,49.6159,3640.0864,['291_2LT001'],144,1,['PO1QGA1' 'PO1QGB1' 'PO1QGA2' 'PO1QGB2' 'PO1QGA3' 'PO1QGB3'],144,6
292_0LT001,2107.4517,48.70322,5466.016,['292_0LT001'],216,1,"['Q3ALVA1' 'Q3ALVB1' 'Q3ALVD1' 'Q3ALVA2' 'Q3ALVB2' 'Q3ALVD2' 'Q3ALVA3'
 'Q3ALVB3' 'Q3ALVD3']",216,9
292_1LT001,1398.6447,48.762856,3724.5479,['292_1LT001'],144,1,['9LAQGA1' '9LAQGB1' '9LAQGA2' '9LAQGB2' '9LAQGA3' '9LAQGB3'],144,6
292_2LT001,982.89044,45.109486,2478.592,['292_2LT001'],96,1,['9AL3PB1' '9AL3PD1' '9AL3PB2' '9AL3PD2'],96,4
292_3LT001,1232.736,48.058228,2697.4329,['292_3LT001'],120,1,['3LO9VB1' '3LO9VB2' '3LO9VB3' '3LO9VB4' '3LO9VB5'],120,5
292_4LT001,2150.2207,51.200237,5381.8477,['292_4LT001'],216,1,"['193ALA1' '193ALB1' '193ALD1' '193ALA2' '193ALB2' '193ALD2' '193ALA3'
 '193ALB3' '193ALD3']",216,9
292_5LT001,1073.5862,45.21559,2211.7249,['292_5LT001'],96,1,['GLAQPB1' 'GLAQPD1' 'GLAQPB2' 'GLAQPD2'],96,4
292_6LT001,2263.501,49.18127,5004.254,['292_6LT001'],216,1,"['QA3V1A1' 'QA3V1B1' 'QA3V1D1' 'QA3V1A2' 'QA3V1B2' 'QA3V1D2' 'QA3V1A3'
 'QA3V1B3' 'QA3V1D3']",216,9
293_0LT001,2297.2114,51.582706,5276.494,['293_0LT001'],216,1,"['V3GQAA1' 'V3GQAB1' 'V3GQAC1' 'V3GQAA2' 'V3GQAB2' 'V3GQAC2' 'V3GQAA3'
 'V3GQAB3' 'V3GQAC3']",216,9
293_1LT001,2290.7705,49.82557,5221.1514,['293_1LT001'],216,1,"['9VO1PA1' '9VO1PB1' '9VO1PC1' '9VO1PA2' '9VO1PB2' '9VO1PC2' '9VO1PA3'
 '9VO1PB3' '9VO1PC3']",216,9
293_2LT001,2112.0747,52.58479,5653.098,['293_2LT001'],216,1,"['A3VOQA1' 'A3VOQB1' 'A3VOQC1' 'A3VOQA2' 'A3VOQB2' 'A3VOQC2' 'A3VOQA3'
 'A3VOQB3' 'A3VOQC3']",216,9
294_0LT001,2111.8242,48.29724,5074.6367,['294_0LT001'],216,1,"['VAOQPA1' 'VAOQPB1' 'VAOQPD1' 'VAOQPA2' 'VAOQPB2' 'VAOQPD2' 'VAOQPA3'
 'VAOQPB3' 'VAOQPD3']",216,9
294_1LT001,2321.0627,46.862038,5158.0083,['294_1LT001'],216,1,"['GV9LAA1' 'GV9LAB1' 'GV9LAC1' 'GV9LAA2' 'GV9LAB2' 'GV9LAC2' 'GV9LAA3'
 'GV9LAB3' 'GV9LAC3']",216,9
294_2LT001,2157.9988,47.950466,5364.105,['294_2LT001'],216,1,"['LPAGQA1' 'LPAGQB1' 'LPAGQC1' 'LPAGQA2' 'LPAGQB2' 'LPAGQC2' 'LPAGQA3'
 'LPAGQB3' 'LPAGQC3']",216,9
294_3LT001,1331.2002,49.155453,3343.6929,['294_3LT001'],144,1,['G91QAA1' 'G91QAB1' 'G91QAA2' 'G91QAB2' 'G91QAA3' 'G91QAB3'],144,6
294_4LT001,2139.8882,48.88059,5539.957,['294_4LT001'],216,1,"['GP9L1A1' 'GP9L1B1' 'GP9L1D1' 'GP9L1A2' 'GP9L1B2' 'GP9L1D2' 'GP9L1A3'
 'GP9L1B3' 'GP9L1D3']",216,9
294_5LT001,1326.0739,50.1119,3782.5176,['294_5LT001'],144,1,['P1VG3A1' 'P1VG3B1' 'P1VG3A2' 'P1VG3B2' 'P1VG3A3' 'P1VG3B3'],144,6
295_0LT001,2065.3552,50.794746,5551.1904,['295_0LT001'],216,1,"['9L3AVA1' '9L3AVB1' '9L3AVD1' '9L3AVA2' '9L3AVB2' '9L3AVD2' '9L3AVA3'
 '9L3AVB3' '9L3AVD3']",216,9
295_1LT001,2224.6626,48.142414,5509.4805,['295_1LT001'],216,1,"['AGQPOA1' 'AGQPOB1' 'AGQPOD1' 'AGQPOA2' 'AGQPOB2' 'AGQPOD2' 'AGQPOA3'
 'AGQPOB3' 'AGQPOD3']",216,9
296_0LT001,461.74426,46.975674,1171.7842,['296_0LT001'],48,1,['91VLAB1' '91VLAB2'],48,2
296_1LT001,461.16895,50.34181,1211.624,['296_1LT001'],48,1,['PV3AQB1' 'PV3AQB2'],48,2
296_2LT001,2148.8784,51.062603,5537.787,['296_2LT001'],216,1,"['VG9OAA1' 'VG9OAB1' 'VG9OAD1' 'VG9OAA2' 'VG9OAB2' 'VG9OAD2' 'VG9OAA3'
 'VG9OAB3' 'VG9OAD3']",216,9
296_3LT001,2269.6638,47.87662,5008.522,['296_3LT001'],216,1,"['O3LA9A1' 'O3LA9B1' 'O3LA9D1' 'O3LA9A2' 'O3LA9B2' 'O3LA9D2' 'O3LA9A3'
 'O3LA9B3' 'O3LA9D3']",216,9
296_4LT001,2218.2488,48.920246,5515.502,['296_4LT001'],216,1,"['3QOGAA1' '3QOGAB1' '3QOGAD1' '3QOGAA2' '3QOGAB2' '3QOGAD2' '3QOGAA3'
 '3QOGAB3' '3QOGAD3']",216,9
296_5LT001,498.67462,45.618637,1090.5791,['296_5LT001'],48,1,['QP931B1' 'QP931B2'],48,2
297_0LT001,465.1269,52.806942,1270.945,['297_0LT001'],48,1,['O1GV3B1' 'O1GV3B2'],48,2
297_1LT001,500.54492,50.412167,1274.2836,['297_1LT001'],48,1,['9POQLB1' '9POQLB2'],48,2
298_0LT001,1497.5266,48.503315,3401.3982,['298_0LT001'],144,1,['O3QAPA1' 'O3QAPB1' 'O3QAPA2' 'O3QAPB2' 'O3QAPA3' 'O3QAPB3'],144,6
298_1LT001,2198.441,47.988155,4854.094,['298_1LT001'],216,1,"['9P31AA1' '9P31AB1' '9P31AC1' '9P31AA2' '9P31AB2' '9P31AC2' '9P31AA3'
 '9P31AB3' '9P31AC3']",216,9
298_2LT001,2254.6125,51.648087,5151.37,['298_2LT001'],216,1,"['LV9QAA1' 'LV9QAB1' 'LV9QAD1' 'LV9QAA2' 'LV9QAB2' 'LV9QAD2' 'LV9QAA3'
 'LV9QAB3' 'LV9QAD3']",216,9
298_3LT001,2183.174,50.989094,5286.535,['298_3LT001'],216,1,"['LO3VQA1' 'LO3VQB1' 'LO3VQC1' 'LO3VQA2' 'LO3VQB2' 'LO3VQC2' 'LO3VQA3'
 'LO3VQB3' 'LO3VQC3']",216,9
299_0LT001,401.6399,47.65092,1178.6493,['299_0LT001'],48,1,['LQOGAB1' 'LQOGAB2'],48,2
299_1LT001,1609.4655,50.058823,3641.1284,['299_1LT001'],144,1,['G1POAA1' 'G1POAB1' 'G1POAA2' 'G1POAB2' 'G1POAA3' 'G1POAB3'],144,6
299_2LT001,2224.0676,48.23183,5744.728,['299_2LT001'],216,1,"['QG1O3A1' 'QG1O3B1' 'QG1O3D1' 'QG1O3A2' 'QG1O3B2' 'QG1O3D2' 'QG1O3A3'
 'QG1O3B3' 'QG1O3D3']",216,9
300_0LT001,963.7919,46.25681,2490.841,['300_0LT001'],96,1,['L19VPB1' 'L19VPD1' 'L19VPB2' 'L19VPD2'],96,4
300_1LT001,413.09134,50.668167,1269.4827,['300_1LT001'],48,1,['OL13VB1' 'OL13VB2'],48,2
300_2LT001,2186.7761,50.396885,5471.473,['300_2LT001'],216,1,"['3V1QAA1' '3V1QAB1' '3V1QAC1' '3V1QAA2' '3V1QAB2' '3V1QAC2' '3V1QAA3'
 '3V1QAB3' '3V1QAC3']",216,9
300_3LT001,2078.6565,48.554295,5390.627,['300_3LT001'],216,1,"['19AQLA1' '19AQLB1' '19AQLD1' '19AQLA2' '19AQLB2' '19AQLD2' '19AQLA3'
 '19AQLB3' '19AQLD3']",216,9
300_4LT001,2219.3723,46.249657,5094.6045,['300_4LT001'],216,1,"['1LQO9A1' '1LQO9B1' '1LQO9D1' '1LQO9A2' '1LQO9B2' '1LQO9D2' '1LQO9A3'
 '1LQO9B3' '1LQO9D3']",216,9
300_5LT001,949.33856,50.904285,2423.213,['300_5LT001'],96,1,['AOLQ9B1' 'AOLQ9D1' 'AOLQ9B2' 'AOLQ9D2'],96,4
301_0LT001,507.44885,43.588497,1015.35535,['301_0LT001'],48,1,['9L1VAB1' '9L1VAB2'],48,2
301_1LT001,1031.5759,50.354416,2424.4224,['301_1LT001'],96,1,['QV91GB1' 'QV91GD1' 'QV91GB2' 'QV91GD2'],96,4
301_2LT001,1557.4675,50.173958,3331.487,['301_2LT001'],144,1,['VAGQ3A1' 'VAGQ3B1' 'VAGQ3A2' 'VAGQ3B2' 'VAGQ3A3' 'VAGQ3B3'],144,6
301_3LT001,444.7449,58.889053,1250.333,['301_3LT001'],48,1,['1QVL9B1' '1QVL9B2'],48,2
301_4LT001,964.02386,56.033005,2411.353,['301_4LT001'],96,1,['9L1QAB1' '9L1QAD1' '9L1QAB2' '9L1QAD2'],96,4
301_5LT001,2185.448,50.334324,5823.2896,['301_5LT001'],216,1,"['G9A1VA1' 'G9A1VB1' 'G9A1VC1' 'G9A1VA2' 'G9A1VB2' 'G9A1VC2' 'G9A1VA3'
 'G9A1VB3' 'G9A1VC3']",216,9
301_6LT001,924.964,47.531677,2404.7952,['301_6LT001'],96,1,['P9VGQB1' 'P9VGQD1' 'P9VGQB2' 'P9VGQD2'],96,4
302_0LT001,498.20837,51.94,1073.3062,['302_0LT001'],48,1,['A1P93B1' 'A1P93B2'],48,2
302_1LT001,2187.174,50.704575,5628.3994,['302_1LT001'],216,1,"['9O13QA1' '9O13QB1' '9O13QD1' '9O13QA2' '9O13QB2' '9O13QD2' '9O13QA3'
 '9O13QB3' '9O13QD3']",216,9
302_2LT001,2291.8147,49.56514,5308.3374,['302_2LT001'],216,1,"['91OPLA1' '91OPLB1' '91OPLD1' '91OPLA2' '91OPLB2' '91OPLD2' '91OPLA3'
 '91OPLB3' '91OPLD3']",216,9
302_3LT001,958.6204,54.399532,2255.475,['302_3LT001'],96,1,['QGLPVB1' 'QGLPVD1' 'QGLPVB2' 'QGLPVD2'],96,4
302_4LT001,2132.206,51.884037,5435.5127,['302_4LT001'],216,1,"['QGA1VA1' 'QGA1VB1' 'QGA1VD1' 'QGA1VA2' 'QGA1VB2' 'QGA1VD2' 'QGA1VA3'
 'QGA1VB3' 'QGA1VD3']",216,9
302_5LT001,2043.8481,50.03032,5833.6333,['302_5LT001'],216,1,"['39V1QA1' '39V1QB1' '39V1QD1' '39V1QA2' '39V1QB2' '39V1QD2' '39V1QA3'
 '39V1QB3' '39V1QD3']",216,9
303_0LT001,2225.4373,49.74543,5124.295,['303_0LT001'],216,1,"['GQ91LA1' 'GQ91LB1' 'GQ91LD1' 'GQ91LA2' 'GQ91LB2' 'GQ91LD2' 'GQ91LA3'
 'GQ91LB3' 'GQ91LD3']",216,9
303_1LT001,2173.0974,49.763405,4826.4585,['303_1LT001'],216,1,"['3L19OA1' '3L19OB1' '3L19OD1' '3L19OA2' '3L19OB2' '3L19OD2' '3L19OA3'
 '3L19OB3' '3L19OD3']",216,9
303_2LT001,2177.419,51.25861,5522.2373,['303_2LT001'],216,1,"['A19QOA1' 'A19QOB1' 'A19QOD1' 'A19QOA2' 'A19QOB2' 'A19QOD2' 'A19QOA3'
 'A19QOB3' 'A19QOD3']",216,9
303_3LT001,1004.63556,45.90802,2411.3708,['303_3LT001'],96,1,['3P19LB1' '3P19LD1' '3P19LB2' '3P19LD2'],96,4
303_4LT001,2189.59,50.1156,4829.6606,['303_4LT001'],216,1,"['9LOP3A1' '9LOP3B1' '9LOP3D1' '9LOP3A2' '9LOP3B2' '9LOP3D2' '9LOP3A3'
 '9LOP3B3' '9LOP3D3']",216,9
304_0LT001,2093.8523,49.85404,5337.642,['304_0LT001'],216,1,"['3QV1PA1' '3QV1PB1' '3QV1PC1' '3QV1PA2' '3QV1PB2' '3QV1PC2' '3QV1PA3'
 '3QV1PB3' '3QV1PC3']",216,9
304_1LT001,971.6519,50.4643,2590.2673,['304_1LT001'],96,1,['9LPGOB1' '9LPGOD1' '9LPGOB2' '9LPGOD2'],96,4
304_2LT001,1338.5227,50.544846,3677.879,['304_2LT001'],144,1,['OQ39PA1' 'OQ39PB1' 'OQ39PA2' 'OQ39PB2' 'OQ39PA3' 'OQ39PB3'],144,6
305_0LT001,941.42633,49.693424,2182.918,['305_0LT001'],96,1,['9AV1GB1' '9AV1GD1' '9AV1GB2' '9AV1GD2'],96,4
305_1LT001,2144.3389,49.11629,5320.65,['305_1LT001'],216,1,"['QVG93A1' 'QVG93B1' 'QVG93C1' 'QVG93A2' 'QVG93B2' 'QVG93C2' 'QVG93A3'
 'QVG93B3' 'QVG93C3']",216,9
306_0LT001,2259.3186,50.691868,5397.338,['306_0LT001'],216,1,"['3A9Q1A1' '3A9Q1B1' '3A9Q1D1' '3A9Q1A2' '3A9Q1B2' '3A9Q1D2' '3A9Q1A3'
 '3A9Q1B3' '3A9Q1D3']",216,9
306_1LT001,2119.8909,50.487667,5370.0913,['306_1LT001'],216,1,"['GO9A3A1' 'GO9A3B1' 'GO9A3C1' 'GO9A3A2' 'GO9A3B2' 'GO9A3C2' 'GO9A3A3'
 'GO9A3B3' 'GO9A3C3']",216,9
306_2LT001,1413.4575,46.46644,3414.023,['306_2LT001'],144,1,['GV3QLA1' 'GV3QLB1' 'GV3QLA2' 'GV3QLB2' 'GV3QLA3' 'GV3QLB3'],144,6
306_3LT001,1086.0187,49.477055,2350.6392,['306_3LT001'],96,1,['V1GQLB1' 'V1GQLD1' 'V1GQLB2' 'V1GQLD2'],96,4
306_4LT001,2076.963,52.44112,5319.431,['306_4LT001'],216,1,"['PL9OAA1' 'PL9OAB1' 'PL9OAD1' 'PL9OAA2' 'PL9OAB2' 'PL9OAD2' 'PL9OAA3'
 'PL9OAB3' 'PL9OAD3']",216,9
307_0LT001,1999.358,51.478073,5872.13,['307_0LT001'],216,1,"['VAPGLA1' 'VAPGLB1' 'VAPGLC1' 'VAPGLA2' 'VAPGLB2' 'VAPGLC2' 'VAPGLA3'
 'VAPGLB3' 'VAPGLC3']",216,9
307_1LT001,2118.229,48.390457,5129.8926,['307_1LT001'],216,1,"['1GVLPA1' '1GVLPB1' '1GVLPC1' '1GVLPA2' '1GVLPB2' '1GVLPC2' '1GVLPA3'
 '1GVLPB3' '1GVLPC3']",216,9
308_0LT001,2127.7227,49.52867,5439.163,['308_0LT001'],216,1,"['L93QGA1' 'L93QGB1' 'L93QGD1' 'L93QGA2' 'L93QGB2' 'L93QGD2' 'L93QGA3'
 'L93QGB3' 'L93QGD3']",216,9
308_1LT001,485.52,42.068684,1362.3782,['308_1LT001'],48,1,['QOA3LB1' 'QOA3LB2'],48,2
309_0LT001,1299.5605,49.77883,3495.169,['309_0LT001'],144,1,['3QOP1A1' '3QOP1B1' '3QOP1A2' '3QOP1B2' '3QOP1A3' '3QOP1B3'],144,6
309_1LT001,2055.3953,52.201725,5265.348,['309_1LT001'],216,1,"['POQ9VA1' 'POQ9VB1' 'POQ9VC1' 'POQ9VA2' 'POQ9VB2' 'POQ9VC2' 'POQ9VA3'
 'POQ9VB3' 'POQ9VC3']",216,9
310_0LT001,2085.557,50.570072,5598.788,['310_0LT001'],216,1,"['9QPLGA1' '9QPLGB1' '9QPLGC1' '9QPLGA2' '9QPLGB2' '9QPLGC2' '9QPLGA3'
 '9QPLGB3' '9QPLGC3']",216,9
310_1LT001,2359.2007,45.742924,5188.234,['310_1LT001'],216,1,"['P1LOGA1' 'P1LOGB1' 'P1LOGC1' 'P1LOGA2' 'P1LOGB2' 'P1LOGC2' 'P1LOGA3'
 'P1LOGB3' 'P1LOGC3']",216,9
310_2LT001,2129.0513,49.99135,5402.0254,['310_2LT001'],216,1,"['G3PLOA1' 'G3PLOB1' 'G3PLOC1' 'G3PLOA2' 'G3PLOB2' 'G3PLOC2' 'G3PLOA3'
 'G3PLOB3' 'G3PLOC3']",216,9
311_0LT001,1011.5522,47.44087,2364.6504,['311_0LT001'],96,1,['AOGQ3B1' 'AOGQ3D1' 'AOGQ3B2' 'AOGQ3D2'],96,4
311_1LT001,1433.651,51.505936,3963.346,['311_1LT001'],144,1,['APGQ9A1' 'APGQ9B1' 'APGQ9A2' 'APGQ9B2' 'APGQ9A3' 'APGQ9B3'],144,6
311_2LT001,2210.5793,46.19034,5309.219,['311_2LT001'],216,1,"['ALVOPA1' 'ALVOPB1' 'ALVOPC1' 'ALVOPA2' 'ALVOPB2' 'ALVOPC2' 'ALVOPA3'
 'ALVOPB3' 'ALVOPC3']",216,9
311_3LT001,2621.4045,50.617386,6475.609,['311_3LT001'],240,1,"['3QLAOB1' '3QLAOD1' '3QLAOB2' '3QLAOD2' '3QLAOB3' '3QLAOD3' '3QLAOB4'
 '3QLAOD4' '3QLAOB5' '3QLAOD5']",240,10
311_4LT001,2415.947,47.254784,5224.742,['311_4LT001'],216,1,"['LGO9PA1' 'LGO9PB1' 'LGO9PC1' 'LGO9PA2' 'LGO9PB2' 'LGO9PC2' 'LGO9PA3'
 'LGO9PB3' 'LGO9PC3']",216,9
311_5LT001,2120.5264,49.46784,5639.7344,['311_5LT001'],216,1,"['AOL9PA1' 'AOL9PB1' 'AOL9PD1' 'AOL9PA2' 'AOL9PB2' 'AOL9PD2' 'AOL9PA3'
 'AOL9PB3' 'AOL9PD3']",216,9
311_6LT001,2147.0361,50.204914,5341.4897,['311_6LT001'],216,1,"['3GAV1A1' '3GAV1B1' '3GAV1D1' '3GAV1A2' '3GAV1B2' '3GAV1D2' '3GAV1A3'
 '3GAV1B3' '3GAV1D3']",216,9
312_0LT001,496.83582,57.88214,1121.9614,['312_0LT001'],48,1,['9OVLQB1' '9OVLQB2'],48,2
312_1LT001,1347.961,46.319016,3794.6064,['312_1LT001'],144,1,['3AOV1A1' '3AOV1B1' '3AOV1A2' '3AOV1B2' '3AOV1A3' '3AOV1B3'],144,6
313_0LT001,2525.948,48.919334,5927.2935,['313_0LT001'],240,1,"['Q1PL3B1' 'Q1PL3D1' 'Q1PL3B2' 'Q1PL3D2' 'Q1PL3B3' 'Q1PL3D3' 'Q1PL3B4'
 'Q1PL3D4' 'Q1PL3B5' 'Q1PL3D5']",240,10
313_1LT001,422.36368,52.411346,1240.2737,['313_1LT001'],48,1,['9G13PB1' '9G13PB2'],48,2
313_2LT001,2330.613,50.251938,5298.306,['313_2LT001'],216,1,"['9POQVA1' '9POQVB1' '9POQVC1' '9POQVA2' '9POQVB2' '9POQVC2' '9POQVA3'
 '9POQVB3' '9POQVC3']",216,9
314_0LT001,996.7494,51.5757,2534.8115,['314_0LT001'],96,1,['9VO3LB1' '9VO3LD1' '9VO3LB2' '9VO3LD2'],96,4
314_1LT001,976.1864,49.397472,2464.0156,['314_1LT001'],96,1,['9AVGOB1' '9AVGOD1' '9AVGOB2' '9AVGOD2'],96,4
315_0LT001,2215.7588,50.170567,5744.5874,['315_0LT001'],216,1,"['G31OLA1' 'G31OLB1' 'G31OLC1' 'G31OLA2' 'G31OLB2' 'G31OLC2' 'G31OLA3'
 'G31OLB3' 'G31OLC3']",216,9
315_1LT001,2132.172,50.48708,5142.3657,['315_1LT001'],216,1,"['L3AGQA1' 'L3AGQB1' 'L3AGQD1' 'L3AGQA2' 'L3AGQB2' 'L3AGQD2' 'L3AGQA3'
 'L3AGQB3' 'L3AGQD3']",216,9
315_2LT001,1483.8019,53.629616,3685.5442,['315_2LT001'],144,1,['QGA9VA1' 'QGA9VB1' 'QGA9VA2' 'QGA9VB2' 'QGA9VA3' 'QGA9VB3'],144,6
316_0LT001,2095.0613,49.703022,5472.324,['316_0LT001'],216,1,"['GOLQ3A1' 'GOLQ3B1' 'GOLQ3D1' 'GOLQ3A2' 'GOLQ3B2' 'GOLQ3D2' 'GOLQ3A3'
 'GOLQ3B3' 'GOLQ3D3']",216,9
316_1LT001,2308.5051,47.533394,4951.816,['316_1LT001'],216,1,"['AOLQVA1' 'AOLQVB1' 'AOLQVD1' 'AOLQVA2' 'AOLQVB2' 'AOLQVD2' 'AOLQVA3'
 'AOLQVB3' 'AOLQVD3']",216,9
316_2LT001,887.3003,50.29243,2224.3306,['316_2LT001'],96,1,['1OG3PB1' '1OG3PD1' '1OG3PB2' '1OG3PD2'],96,4
317_0LT001,2226.0913,47.177895,6247.815,['317_0LT001'],240,1,"['GPOQ9B1' 'GPOQ9D1' 'GPOQ9B2' 'GPOQ9D2' 'GPOQ9B3' 'GPOQ9D3' 'GPOQ9B4'
 'GPOQ9D4' 'GPOQ9B5' 'GPOQ9D5']",240,10
317_1LT001,1478.8115,51.970272,3499.6836,['317_1LT001'],144,1,['1VL3GA1' '1VL3GB1' '1VL3GA2' '1VL3GB2' '1VL3GA3' '1VL3GB3'],144,6
317_2LT001,963.1642,54.68748,2234.2153,['317_2LT001'],96,1,['GOP39B1' 'GOP39D1' 'GOP39B2' 'GOP39D2'],96,4
317_3LT001,2210.2236,51.30207,5489.5537,['317_3LT001'],216,1,"['31AVLA1' '31AVLB1' '31AVLC1' '31AVLA2' '31AVLB2' '31AVLC2' '31AVLA3'
 '31AVLB3' '31AVLC3']",216,9
318_0LT001,476.85995,41.230087,1071.27,['318_0LT001'],48,1,['OVLP1B1' 'OVLP1B2'],48,2
318_1LT001,2064.6172,51.862713,5288.187,['318_1LT001'],216,1,"['G9O3AA1' 'G9O3AB1' 'G9O3AC1' 'G9O3AA2' 'G9O3AB2' 'G9O3AC2' 'G9O3AA3'
 'G9O3AB3' 'G9O3AC3']",216,9
319_0LT001,969.4587,53.124435,2358.531,['319_0LT001'],96,1,['1LGQ3B1' '1LGQ3D1' '1LGQ3B2' '1LGQ3D2'],96,4
319_1LT001,1329.5363,50.20668,3473.101,['319_1LT001'],144,1,['QPO9LA1' 'QPO9LB1' 'QPO9LA2' 'QPO9LB2' 'QPO9LA3' 'QPO9LB3'],144,6
319_2LT001,2259.131,50.289852,5177.935,['319_2LT001'],216,1,"['O93L1A1' 'O93L1B1' 'O93L1C1' 'O93L1A2' 'O93L1B2' 'O93L1C2' 'O93L1A3'
 'O93L1B3' 'O93L1C3']",216,9
320_0LT001,2016.0844,49.393555,5509.918,['320_0LT001'],216,1,"['AQV9OA1' 'AQV9OB1' 'AQV9OD1' 'AQV9OA2' 'AQV9OB2' 'AQV9OD2' 'AQV9OA3'
 'AQV9OB3' 'AQV9OD3']",216,9
320_1LT001,1921.6282,47.89598,5617.853,['320_1LT001'],216,1,"['OAQG3A1' 'OAQG3B1' 'OAQG3C1' 'OAQG3A2' 'OAQG3B2' 'OAQG3C2' 'OAQG3A3'
 'OAQG3B3' 'OAQG3C3']",216,9
321_0LT001,2065.7,53.113297,5223.467,['321_0LT001'],216,1,"['1GOQLA1' '1GOQLB1' '1GOQLC1' '1GOQLA2' '1GOQLB2' '1GOQLC2' '1GOQLA3'
 '1GOQLB3' '1GOQLC3']",216,9
321_1LT001,2041.8146,50.112385,5626.834,['321_1LT001'],216,1,"['9LQ1OA1' '9LQ1OB1' '9LQ1OC1' '9LQ1OA2' '9LQ1OB2' '9LQ1OC2' '9LQ1OA3'
 '9LQ1OB3' '9LQ1OC3']",216,9
321_2LT001,1411.4736,51.02609,3531.8262,['321_2LT001'],144,1,['19PLGA1' '19PLGB1' '19PLGA2' '19PLGB2' '19PLGA3' '19PLGB3'],144,6
321_3LT001,484.10043,56.30379,1182.9247,['321_3LT001'],48,1,['GOLQ9B1' 'GOLQ9B2'],48,2
322_0LT001,2130.4023,51.609253,5418.0586,['322_0LT001'],216,1,"['LV913A1' 'LV913B1' 'LV913D1' 'LV913A2' 'LV913B2' 'LV913D2' 'LV913A3'
 'LV913B3' 'LV913D3']",216,9
322_1LT001,2125.2568,47.6573,5693.006,['322_1LT001'],216,1,"['VAO1QA1' 'VAO1QB1' 'VAO1QC1' 'VAO1QA2' 'VAO1QB2' 'VAO1QC2' 'VAO1QA3'
 'VAO1QB3' 'VAO1QC3']",216,9
323_0LT001,2202.0603,52.897022,5553.777,['323_0LT001'],216,1,"['1AQL3A1' '1AQL3B1' '1AQL3C1' '1AQL3A2' '1AQL3B2' '1AQL3C2' '1AQL3A3'
 '1AQL3B3' '1AQL3C3']",216,9
323_1LT001,2060.7375,52.503605,5062.468,['323_1LT001'],216,1,"['GOP9VA1' 'GOP9VB1' 'GOP9VD1' 'GOP9VA2' 'GOP9VB2' 'GOP9VD2' 'GOP9VA3'
 'GOP9VB3' 'GOP9VD3']",216,9
323_2LT001,2102.803,50.76084,5691.6514,['323_2LT001'],216,1,"['LQ91PA1' 'LQ91PB1' 'LQ91PD1' 'LQ91PA2' 'LQ91PB2' 'LQ91PD2' 'LQ91PA3'
 'LQ91PB3' 'LQ91PD3']",216,9
323_3LT001,948.9702,49.973446,2357.0493,['323_3LT001'],96,1,['AL3V1B1' 'AL3V1D1' 'AL3V1B2' 'AL3V1D2'],96,4
324_0LT001,2145.1792,52.086643,5369.6685,['324_0LT001'],216,1,"['P9O3VA1' 'P9O3VB1' 'P9O3VC1' 'P9O3VA2' 'P9O3VB2' 'P9O3VC2' 'P9O3VA3'
 'P9O3VB3' 'P9O3VC3']",216,9
324_1LT001,2324.4238,49.594425,5483.172,['324_1LT001'],216,1,"['9OG31A1' '9OG31B1' '9OG31D1' '9OG31A2' '9OG31B2' '9OG31D2' '9OG31A3'
 '9OG31B3' '9OG31D3']",216,9
324_2LT001,433.42462,46.77469,1339.9536,['324_2LT001'],48,1,['39VPLB1' '39VPLB2'],48,2
324_3LT001,2258.639,53.11546,5145.1284,['324_3LT001'],216,1,"['LQVG1A1' 'LQVG1B1' 'LQVG1D1' 'LQVG1A2' 'LQVG1B2' 'LQVG1D2' 'LQVG1A3'
 'LQVG1B3' 'LQVG1D3']",216,9
325_0LT001,966.5632,51.8096,2332.6482,['325_0LT001'],96,1,['O9VL1B1' 'O9VL1D1' 'O9VL1B2' 'O9VL1D2'],96,4
325_1LT001,1431.9963,49.413586,3703.8704,['325_1LT001'],144,1,['GALOVA1' 'GALOVB1' 'GALOVA2' 'GALOVB2' 'GALOVA3' 'GALOVB3'],144,6
325_2LT001,868.9223,45.09673,2325.012,['325_2LT001'],96,1,['PVQ93B1' 'PVQ93D1' 'PVQ93B2' 'PVQ93D2'],96,4
326_0LT001,902.83606,46.328003,2174.3496,['326_0LT001'],96,1,['3PLVGB1' '3PLVGD1' '3PLVGB2' '3PLVGD2'],96,4
326_1LT001,2133.412,49.123493,5910.797,['326_1LT001'],216,1,"['AL1Q9A1' 'AL1Q9B1' 'AL1Q9D1' 'AL1Q9A2' 'AL1Q9B2' 'AL1Q9D2' 'AL1Q9A3'
 'AL1Q9B3' 'AL1Q9D3']",216,9
327_0LT001,1056.88,44.378613,2282.0566,['327_0LT001'],96,1,['GQVL3B1' 'GQVL3D1' 'GQVL3B2' 'GQVL3D2'],96,4
327_1LT001,961.5741,50.192463,2423.7773,['327_1LT001'],96,1,['3Q9LVB1' '3Q9LVD1' '3Q9LVB2' '3Q9LVD2'],96,4
328_0LT001,2216.721,51.035244,5391.8066,['328_0LT001'],216,1,"['V1AGPA1' 'V1AGPB1' 'V1AGPD1' 'V1AGPA2' 'V1AGPB2' 'V1AGPD2' 'V1AGPA3'
 'V1AGPB3' 'V1AGPD3']",216,9
328_1LT001,2232.9363,49.95656,5384.2607,['328_1LT001'],216,1,"['AP9OLA1' 'AP9OLB1' 'AP9OLD1' 'AP9OLA2' 'AP9OLB2' 'AP9OLD2' 'AP9OLA3'
 'AP9OLB3' 'AP9OLD3']",216,9
328_2LT001,1332.3258,47.197834,3500.2185,['328_2LT001'],144,1,['OG1QAA1' 'OG1QAB1' 'OG1QAA2' 'OG1QAB2' 'OG1QAA3' 'OG1QAB3'],144,6
329_0LT001,2168.6404,49.081158,5410.9136,['329_0LT001'],216,1,"['3O1QAA1' '3O1QAB1' '3O1QAC1' '3O1QAA2' '3O1QAB2' '3O1QAC2' '3O1QAA3'
 '3O1QAB3' '3O1QAC3']",216,9
329_1LT001,2040.3534,47.24918,5314.3813,['329_1LT001'],216,1,"['39LQPA1' '39LQPB1' '39LQPD1' '39LQPA2' '39LQPB2' '39LQPD2' '39LQPA3'
 '39LQPB3' '39LQPD3']",216,9
330_0LT001,465.3505,42.504677,1108.2467,['330_0LT001'],48,1,['GLOP1B1' 'GLOP1B2'],48,2
330_1LT001,1004.1296,48.998737,2574.4363,['330_1LT001'],96,1,['LQOP9B1' 'LQOP9D1' 'LQOP9B2' 'LQOP9D2'],96,4
330_2LT001,2194.6409,48.071404,5297.6167,['330_2LT001'],216,1,"['9A1VOA1' '9A1VOB1' '9A1VOD1' '9A1VOA2' '9A1VOB2' '9A1VOD2' '9A1VOA3'
 '9A1VOB3' '9A1VOD3']",216,9
330_3LT001,2086.6902,50.83406,5432.231,['330_3LT001'],216,1,"['A9OLQA1' 'A9OLQB1' 'A9OLQC1' 'A9OLQA2' 'A9OLQB2' 'A9OLQC2' 'A9OLQA3'
 'A9OLQB3' 'A9OLQC3']",216,9
331_0LT001,2216.3335,48.308723,5748.16,['331_0LT001'],216,1,"['A1LOVA1' 'A1LOVB1' 'A1LOVC1' 'A1LOVA2' 'A1LOVB2' 'A1LOVC2' 'A1LOVA3'
 'A1LOVB3' 'A1LOVC3']",216,9
331_1LT001,2240.052,50.904915,5289.277,['331_1LT001'],216,1,"['QL9G3A1' 'QL9G3B1' 'QL9G3C1' 'QL9G3A2' 'QL9G3B2' 'QL9G3C2' 'QL9G3A3'
 'QL9G3B3' 'QL9G3C3']",216,9
332_0LT001,566.8479,48.71832,1357.8033,['332_0LT001'],48,1,['AGP1VB1' 'AGP1VB2'],48,2
332_1LT001,1416.6942,50.967663,3761.8027,['332_1LT001'],144,1,['93OVAA1' '93OVAB1' '93OVAA2' '93OVAB2' '93OVAA3' '93OVAB3'],144,6
332_2LT001,1026.8623,47.723114,2465.9429,['332_2LT001'],96,1,['VOLAGB1' 'VOLAGD1' 'VOLAGB2' 'VOLAGD2'],96,4
332_3LT001,2167.3281,49.523415,5573.0254,['332_3LT001'],216,1,"['3G9L1A1' '3G9L1B1' '3G9L1C1' '3G9L1A2' '3G9L1B2' '3G9L1C2' '3G9L1A3'
 '3G9L1B3' '3G9L1C3']",216,9
332_4LT001,2246.7346,49.200665,5571.7144,['332_4LT001'],216,1,"['PALO1A1' 'PALO1B1' 'PALO1D1' 'PALO1A2' 'PALO1B2' 'PALO1D2' 'PALO1A3'
 'PALO1B3' 'PALO1D3']",216,9
332_5LT001,1407.3933,48.135597,3416.0808,['332_5LT001'],144,1,['LV3O9A1' 'LV3O9B1' 'LV3O9A2' 'LV3O9B2' 'LV3O9A3' 'LV3O9B3'],144,6
333_0LT001,2230.187,50.640434,5239.0347,['333_0LT001'],216,1,"['O93AGA1' 'O93AGB1' 'O93AGD1' 'O93AGA2' 'O93AGB2' 'O93AGD2' 'O93AGA3'
 'O93AGB3' 'O93AGD3']",216,9
333_1LT001,2107.7898,52.804768,5076.3916,['333_1LT001'],216,1,"['LGA1QA1' 'LGA1QB1' 'LGA1QD1' 'LGA1QA2' 'LGA1QB2' 'LGA1QD2' 'LGA1QA3'
 'LGA1QB3' 'LGA1QD3']",216,9
334_0LT001,921.9358,49.23267,2485.8005,['334_0LT001'],96,1,['PAOQLB1' 'PAOQLD1' 'PAOQLB2' 'PAOQLD2'],96,4
334_1LT001,2253.9514,49.635696,5463.9785,['334_1LT001'],216,1,"['9L31GA1' '9L31GB1' '9L31GD1' '9L31GA2' '9L31GB2' '9L31GD2' '9L31GA3'
 '9L31GB3' '9L31GD3']",216,9
334_2LT001,2301.0457,49.346306,5374.3135,['334_2LT001'],216,1,"['9VP13A1' '9VP13B1' '9VP13D1' '9VP13A2' '9VP13B2' '9VP13D2' '9VP13A3'
 '9VP13B3' '9VP13D3']",216,9
335_0LT001,2131.924,47.77188,4812.92,['335_0LT001'],216,1,"['GAO3QA1' 'GAO3QB1' 'GAO3QC1' 'GAO3QA2' 'GAO3QB2' 'GAO3QC2' 'GAO3QA3'
 'GAO3QB3' 'GAO3QC3']",216,9
335_1LT001,1304.9431,48.12123,3745.8232,['335_1LT001'],144,1,['AOP13A1' 'AOP13B1' 'AOP13A2' 'AOP13B2' 'AOP13A3' 'AOP13B3'],144,6
335_2LT001,2174.7568,48.46861,5357.209,['335_2LT001'],216,1,"['GVQ3OA1' 'GVQ3OB1' 'GVQ3OD1' 'GVQ3OA2' 'GVQ3OB2' 'GVQ3OD2' 'GVQ3OA3'
 'GVQ3OB3' 'GVQ3OD3']",216,9
336_0LT001,2168.7822,52.16887,5250.7837,['336_0LT001'],216,1,"['9LVA1A1' '9LVA1B1' '9LVA1C1' '9LVA1A2' '9LVA1B2' '9LVA1C2' '9LVA1A3'
 '9LVA1B3' '9LVA1C3']",216,9
336_1LT001,995.9149,50.69487,2514.6013,['336_1LT001'],96,1,['APOLGB1' 'APOLGD1' 'APOLGB2' 'APOLGD2'],96,4
337_0LT001,570.22864,49.03021,1024.3871,['337_0LT001'],48,1,['19G3OB1' '19G3OB2'],48,2
337_1LT001,487.34766,45.55618,1169.2378,['337_1LT001'],48,1,['VQP9OB1' 'VQP9OB2'],48,2
337_2LT001,2154.4746,47.28586,5351.1626,['337_2LT001'],216,1,"['O9QV3A1' 'O9QV3B1' 'O9QV3D1' 'O9QV3A2' 'O9QV3B2' 'O9QV3D2' 'O9QV3A3'
 'O9QV3B3' 'O9QV3D3']",216,9
338_0LT001,1938.9539,49.09296,5643.1665,['338_0LT001'],216,1,"['OQ1L3A1' 'OQ1L3B1' 'OQ1L3D1' 'OQ1L3A2' 'OQ1L3B2' 'OQ1L3D2' 'OQ1L3A3'
 'OQ1L3B3' 'OQ1L3D3']",216,9
338_1LT001,2263.0103,47.299538,5299.8315,['338_1LT001'],216,1,"['VA3LPA1' 'VA3LPB1' 'VA3LPD1' 'VA3LPA2' 'VA3LPB2' 'VA3LPD2' 'VA3LPA3'
 'VA3LPB3' 'VA3LPD3']",216,9
339_0LT001,1433.6803,45.3333,3397.818,['339_0LT001'],144,1,['QLGPVA1' 'QLGPVB1' 'QLGPVA2' 'QLGPVB2' 'QLGPVA3' 'QLGPVB3'],144,6
339_1LT001,532.73584,52.95192,1194.621,['339_1LT001'],48,1,['GV1OPB1' 'GV1OPB2'],48,2
339_2LT001,894.44824,53.77699,2405.1877,['339_2LT001'],96,1,['LV3OGB1' 'LV3OGD1' 'LV3OGB2' 'LV3OGD2'],96,4
339_3LT001,1346.6426,54.558548,3337.4714,['339_3LT001'],144,1,['AOL19A1' 'AOL19B1' 'AOL19A2' 'AOL19B2' 'AOL19A3' 'AOL19B3'],144,6
339_4LT001,427.61584,52.23109,1515.3218,['339_4LT001'],48,1,['VGA1OB1' 'VGA1OB2'],48,2
339_5LT001,901.43713,50.654385,2541.712,['339_5LT001'],96,1,['9QV31B1' '9QV31D1' '9QV31B2' '9QV31D2'],96,4
339_6LT001,2043.5493,52.583664,5293.5117,['339_6LT001'],216,1,"['39AVGA1' '39AVGB1' '39AVGD1' '39AVGA2' '39AVGB2' '39AVGD2' '39AVGA3'
 '39AVGB3' '39AVGD3']",216,9
340_0LT001,1001.81177,55.038242,2504.9915,['340_0LT001'],96,1,['1PQOAB1' '1PQOAD1' '1PQOAB2' '1PQOAD2'],96,4
340_1LT001,2126.5935,49.524185,5465.575,['340_1LT001'],216,1,"['39AOLA1' '39AOLB1' '39AOLD1' '39AOLA2' '39AOLB2' '39AOLD2' '39AOLA3'
 '39AOLB3' '39AOLD3']",216,9
340_2LT001,474.4182,50.914032,1390.4087,['340_2LT001'],48,1,['1PQA9B1' '1PQA9B2'],48,2
341_0LT001,2234.2437,51.104183,5313.72,['341_0LT001'],216,1,"['QPV39A1' 'QPV39B1' 'QPV39D1' 'QPV39A2' 'QPV39B2' 'QPV39D2' 'QPV39A3'
 'QPV39B3' 'QPV39D3']",216,9
341_1LT001,439.38522,54.342422,1243.363,['341_1LT001'],48,1,['QGP9OB1' 'QGP9OB2'],48,2
342_0LT001,1436.0759,48.331833,3588.54,['342_0LT001'],144,1,['PLQVOA1' 'PLQVOB1' 'PLQVOA2' 'PLQVOB2' 'PLQVOA3' 'PLQVOB3'],144,6
342_1LT001,2193.1472,48.34124,5832.3276,['342_1LT001'],216,1,"['31GPVA1' '31GPVB1' '31GPVD1' '31GPVA2' '31GPVB2' '31GPVD2' '31GPVA3'
 '31GPVB3' '31GPVD3']",216,9
342_2LT001,1478.2969,49.905716,3197.2837,['342_2LT001'],144,1,['QL1P9A1' 'QL1P9B1' 'QL1P9A2' 'QL1P9B2' 'QL1P9A3' 'QL1P9B3'],144,6
343_0LT001,2115.1306,49.87801,5492.4194,['343_0LT001'],216,1,"['OQA3VA1' 'OQA3VB1' 'OQA3VD1' 'OQA3VA2' 'OQA3VB2' 'OQA3VD2' 'OQA3VA3'
 'OQA3VB3' 'OQA3VD3']",216,9
343_1LT001,2085.2002,49.24091,5550.13,['343_1LT001'],216,1,"['POQ19A1' 'POQ19B1' 'POQ19C1' 'POQ19A2' 'POQ19B2' 'POQ19C2' 'POQ19A3'
 'POQ19B3' 'POQ19C3']",216,9
344_0LT001,2379.101,49.737717,5057.745,['344_0LT001'],216,1,"['GQ9OAA1' 'GQ9OAB1' 'GQ9OAD1' 'GQ9OAA2' 'GQ9OAB2' 'GQ9OAD2' 'GQ9OAA3'
 'GQ9OAB3' 'GQ9OAD3']",216,9
344_1LT001,447.71732,46.56076,1059.295,['344_1LT001'],48,1,['QG1A9B1' 'QG1A9B2'],48,2
344_2LT001,1021.50543,50.6427,2578.9124,['344_2LT001'],96,1,['1P39VB1' '1P39VD1' '1P39VB2' '1P39VD2'],96,4
345_0LT001,2180.247,49.258163,5701.3594,['345_0LT001'],216,1,"['VQAOPA1' 'VQAOPB1' 'VQAOPD1' 'VQAOPA2' 'VQAOPB2' 'VQAOPD2' 'VQAOPA3'
 'VQAOPB3' 'VQAOPD3']",216,9
345_1LT001,1003.6751,51.80145,2280.5764,['345_1LT001'],96,1,['39LP1B1' '39LP1D1' '39LP1B2' '39LP1D2'],96,4
345_2LT001,2227.4363,48.282375,5287.877,['345_2LT001'],216,1,"['9POALA1' '9POALB1' '9POALD1' '9POALA2' '9POALB2' '9POALD2' '9POALA3'
 '9POALB3' '9POALD3']",216,9
345_3LT001,2082.2722,46.59969,5477.1167,['345_3LT001'],216,1,"['3P9ALA1' '3P9ALB1' '3P9ALD1' '3P9ALA2' '3P9ALB2' '3P9ALD2' '3P9ALA3'
 '3P9ALB3' '3P9ALD3']",216,9
346_0LT001,2135.9458,51.099876,5099.0576,['346_0LT001'],216,1,"['G9OPQA1' 'G9OPQB1' 'G9OPQD1' 'G9OPQA2' 'G9OPQB2' 'G9OPQD2' 'G9OPQA3'
 'G9OPQB3' 'G9OPQD3']",216,9
346_1LT001,2234.128,51.159756,5419.6353,['346_1LT001'],216,1,"['P3GA1A1' 'P3GA1B1' 'P3GA1C1' 'P3GA1A2' 'P3GA1B2' 'P3GA1C2' 'P3GA1A3'
 'P3GA1B3' 'P3GA1C3']",216,9
347_0LT001,2080.6086,47.95454,5096.504,['347_0LT001'],216,1,"['V39QAA1' 'V39QAB1' 'V39QAC1' 'V39QAA2' 'V39QAB2' 'V39QAC2' 'V39QAA3'
 'V39QAB3' 'V39QAC3']",216,9
347_1LT001,1450.1337,51.091476,3362.5063,['347_1LT001'],144,1,['GLOV9A1' 'GLOV9B1' 'GLOV9A2' 'GLOV9B2' 'GLOV9A3' 'GLOV9B3'],144,6
347_2LT001,2265.288,50.651215,5606.796,['347_2LT001'],216,1,"['AO13QA1' 'AO13QB1' 'AO13QD1' 'AO13QA2' 'AO13QB2' 'AO13QD2' 'AO13QA3'
 'AO13QB3' 'AO13QD3']",216,9
347_3LT001,2046.9749,49.769676,5307.679,['347_3LT001'],216,1,"['G9POQA1' 'G9POQB1' 'G9POQD1' 'G9POQA2' 'G9POQB2' 'G9POQD2' 'G9POQA3'
 'G9POQB3' 'G9POQD3']",216,9
348_0LT001,2241.2463,50.896954,5679.433,['348_0LT001'],216,1,"['GOPLQA1' 'GOPLQB1' 'GOPLQD1' 'GOPLQA2' 'GOPLQB2' 'GOPLQD2' 'GOPLQA3'
 'GOPLQB3' 'GOPLQD3']",216,9
348_1LT001,2100.537,50.72452,5746.542,['348_1LT001'],216,1,"['Q9ALOA1' 'Q9ALOB1' 'Q9ALOD1' 'Q9ALOA2' 'Q9ALOB2' 'Q9ALOD2' 'Q9ALOA3'
 'Q9ALOB3' 'Q9ALOD3']",216,9
348_2LT001,1484.0188,50.520782,3859.9568,['348_2LT001'],144,1,['3AOQ1A1' '3AOQ1B1' '3AOQ1A2' '3AOQ1B2' '3AOQ1A3' '3AOQ1B3'],144,6
348_3LT001,1391.6646,55.341766,3599.4592,['348_3LT001'],144,1,['OLAVGA1' 'OLAVGB1' 'OLAVGA2' 'OLAVGB2' 'OLAVGA3' 'OLAVGB3'],144,6
349_0LT001,2199.2366,47.667114,5519.3867,['349_0LT001'],216,1,"['1VPL9A1' '1VPL9B1' '1VPL9C1' '1VPL9A2' '1VPL9B2' '1VPL9C2' '1VPL9A3'
 '1VPL9B3' '1VPL9C3']",216,9
349_1LT001,1015.27344,54.464756,2173.265,['349_1LT001'],96,1,['GL1P3B1' 'GL1P3D1' 'GL1P3B2' 'GL1P3D2'],96,4
350_0LT001,415.74222,48.414814,1107.7921,['350_0LT001'],48,1,['1AP93B1' '1AP93B2'],48,2
350_1LT001,2075.3193,46.864883,5474.07,['350_1LT001'],216,1,"['O9VG3A1' 'O9VG3B1' 'O9VG3D1' 'O9VG3A2' 'O9VG3B2' 'O9VG3D2' 'O9VG3A3'
 'O9VG3B3' 'O9VG3D3']",216,9
350_2LT001,522.43964,48.627975,1191.4784,['350_2LT001'],48,1,['QAO1GB1' 'QAO1GB2'],48,2
351_0LT001,509.3512,54.487396,1265.7208,['351_0LT001'],48,1,['9AP3VB1' '9AP3VB2'],48,2
351_1LT001,1548.7275,51.496403,3455.015,['351_1LT001'],144,1,['P1GQ3A1' 'P1GQ3B1' 'P1GQ3A2' 'P1GQ3B2' 'P1GQ3A3' 'P1GQ3B3'],144,6
352_0LT001,2073.3042,50.324127,5424.364,['352_0LT001'],216,1,"['LVG9QA1' 'LVG9QB1' 'LVG9QC1' 'LVG9QA2' 'LVG9QB2' 'LVG9QC2' 'LVG9QA3'
 'LVG9QB3' 'LVG9QC3']",216,9
352_1LT001,2119.0813,50.673428,5369.055,['352_1LT001'],216,1,"['9L13VA1' '9L13VB1' '9L13VC1' '9L13VA2' '9L13VB2' '9L13VC2' '9L13VA3'
 '9L13VB3' '9L13VC3']",216,9
352_2LT001,2324.2795,49.060818,5251.082,['352_2LT001'],216,1,"['L3QAVA1' 'L3QAVB1' 'L3QAVD1' 'L3QAVA2' 'L3QAVB2' 'L3QAVD2' 'L3QAVA3'
 'L3QAVB3' 'L3QAVD3']",216,9
352_3LT001,545.9334,45.569336,1184.7642,['352_3LT001'],48,1,['Q3P9AB1' 'Q3P9AB2'],48,2
353_0LT001,2208.3882,53.177567,5381.532,['353_0LT001'],216,1,"['PLAO9A1' 'PLAO9B1' 'PLAO9C1' 'PLAO9A2' 'PLAO9B2' 'PLAO9C2' 'PLAO9A3'
 'PLAO9B3' 'PLAO9C3']",216,9
353_1LT001,2036.6062,49.882374,5487.0127,['353_1LT001'],216,1,"['AO31GA1' 'AO31GB1' 'AO31GC1' 'AO31GA2' 'AO31GB2' 'AO31GC2' 'AO31GA3'
 'AO31GB3' 'AO31GC3']",216,9
353_2LT001,2104.0164,51.428467,5372.0625,['353_2LT001'],216,1,"['3P1LQA1' '3P1LQB1' '3P1LQD1' '3P1LQA2' '3P1LQB2' '3P1LQD2' '3P1LQA3'
 '3P1LQB3' '3P1LQD3']",216,9
353_3LT001,480.6016,49.58128,1065.7623,['353_3LT001'],48,1,['1QOPAB1' '1QOPAB2'],48,2
354_0LT001,468.9093,50.095078,1221.4897,['354_0LT001'],48,1,['VA9GQB1' 'VA9GQB2'],48,2
354_1LT001,2205.0903,48.711544,5019.993,['354_1LT001'],216,1,"['OVGPAA1' 'OVGPAB1' 'OVGPAD1' 'OVGPAA2' 'OVGPAB2' 'OVGPAD2' 'OVGPAA3'
 'OVGPAB3' 'OVGPAD3']",216,9
355_0LT001,2265.0461,50.314598,5457.904,['355_0LT001'],216,1,"['P1AG9A1' 'P1AG9B1' 'P1AG9D1' 'P1AG9A2' 'P1AG9B2' 'P1AG9D2' 'P1AG9A3'
 'P1AG9B3' 'P1AG9D3']",216,9
355_1LT001,1499.5358,48.579933,3528.3567,['355_1LT001'],144,1,['V39GPA1' 'V39GPB1' 'V39GPA2' 'V39GPB2' 'V39GPA3' 'V39GPB3'],144,6
355_2LT001,2150.213,46.8057,5558.7476,['355_2LT001'],216,1,"['VL13AA1' 'VL13AB1' 'VL13AC1' 'VL13AA2' 'VL13AB2' 'VL13AC2' 'VL13AA3'
 'VL13AB3' 'VL13AC3']",216,9
355_3LT001,2140.128,52.47504,5260.294,['355_3LT001'],216,1,"['OP19GA1' 'OP19GB1' 'OP19GD1' 'OP19GA2' 'OP19GB2' 'OP19GD2' 'OP19GA3'
 'OP19GB3' 'OP19GD3']",216,9
356_0LT001,1508.4333,52.435116,3506.4993,['356_0LT001'],144,1,['LVP3AA1' 'LVP3AB1' 'LVP3AA2' 'LVP3AB2' 'LVP3AA3' 'LVP3AB3'],144,6
356_1LT001,2238.805,52.340836,5183.919,['356_1LT001'],216,1,"['V3AGPA1' 'V3AGPB1' 'V3AGPC1' 'V3AGPA2' 'V3AGPB2' 'V3AGPC2' 'V3AGPA3'
 'V3AGPB3' 'V3AGPC3']",216,9
356_2LT001,1489.0581,50.725983,3729.409,['356_2LT001'],144,1,['LPVAGA1' 'LPVAGB1' 'LPVAGA2' 'LPVAGB2' 'LPVAGA3' 'LPVAGB3'],144,6
357_0LT001,2116.673,48.808018,5551.6245,['357_0LT001'],216,1,"['3Q9OLA1' '3Q9OLB1' '3Q9OLD1' '3Q9OLA2' '3Q9OLB2' '3Q9OLD2' '3Q9OLA3'
 '3Q9OLB3' '3Q9OLD3']",216,9
357_1LT001,1563.0579,44.925613,3625.6714,['357_1LT001'],144,1,['QVPGLA1' 'QVPGLB1' 'QVPGLA2' 'QVPGLB2' 'QVPGLA3' 'QVPGLB3'],144,6
358_0LT001,2201.979,51.229584,5312.119,['358_0LT001'],216,1,"['3VQGAA1' '3VQGAB1' '3VQGAD1' '3VQGAA2' '3VQGAB2' '3VQGAD2' '3VQGAA3'
 '3VQGAB3' '3VQGAD3']",216,9
358_1LT001,1416.0565,54.673325,3399.4932,['358_1LT001'],144,1,['9G3QVA1' '9G3QVB1' '9G3QVA2' '9G3QVB2' '9G3QVA3' '9G3QVB3'],144,6
359_0LT001,2138.9937,50.42336,5590.597,['359_0LT001'],216,1,"['P1AQ3A1' 'P1AQ3B1' 'P1AQ3D1' 'P1AQ3A2' 'P1AQ3B2' 'P1AQ3D2' 'P1AQ3A3'
 'P1AQ3B3' 'P1AQ3D3']",216,9
359_1LT001,2285.242,48.612762,5344.8125,['359_1LT001'],216,1,"['9G1VLA1' '9G1VLB1' '9G1VLD1' '9G1VLA2' '9G1VLB2' '9G1VLD2' '9G1VLA3'
 '9G1VLB3' '9G1VLD3']",216,9
360_0LT001,2120.2356,51.57392,5288.431,['360_0LT001'],216,1,"['A31QPA1' 'A31QPB1' 'A31QPD1' 'A31QPA2' 'A31QPB2' 'A31QPD2' 'A31QPA3'
 'A31QPB3' 'A31QPD3']",216,9
360_1LT001,906.66113,46.377094,2502.0332,['360_1LT001'],96,1,['31AQLB1' '31AQLD1' '31AQLB2' '31AQLD2'],96,4
361_0LT001,2269.2832,46.465073,5450.331,['361_0LT001'],216,1,"['ALGO3A1' 'ALGO3B1' 'ALGO3D1' 'ALGO3A2' 'ALGO3B2' 'ALGO3D2' 'ALGO3A3'
 'ALGO3B3' 'ALGO3D3']",216,9
361_1LT001,486.09134,57.021854,1223.8108,['361_1LT001'],48,1,['L1A3GB1' 'L1A3GB2'],48,2
361_2LT001,2220.164,46.196285,5195.1865,['361_2LT001'],216,1,"['L3POQA1' 'L3POQB1' 'L3POQD1' 'L3POQA2' 'L3POQB2' 'L3POQD2' 'L3POQA3'
 'L3POQB3' 'L3POQD3']",216,9
361_3LT001,456.22943,45.273407,1078.4595,['361_3LT001'],48,1,['LV9GQB1' 'LV9GQB2'],48,2
361_4LT001,2093.3384,52.155277,5238.6587,['361_4LT001'],216,1,"['3LGAPA1' '3LGAPB1' '3LGAPD1' '3LGAPA2' '3LGAPB2' '3LGAPD2' '3LGAPA3'
 '3LGAPB3' '3LGAPD3']",216,9
361_5LT001,2075.5256,48.303448,5561.785,['361_5LT001'],216,1,"['QLPA3A1' 'QLPA3B1' 'QLPA3C1' 'QLPA3A2' 'QLPA3B2' 'QLPA3C2' 'QLPA3A3'
 'QLPA3B3' 'QLPA3C3']",216,9
362_0LT001,2200.3718,47.651653,5307.438,['362_0LT001'],216,1,"['VQ3G9A1' 'VQ3G9B1' 'VQ3G9C1' 'VQ3G9A2' 'VQ3G9B2' 'VQ3G9C2' 'VQ3G9A3'
 'VQ3G9B3' 'VQ3G9C3']",216,9
362_1LT001,2181.3025,52.720978,5557.131,['362_1LT001'],216,1,"['PQLG9A1' 'PQLG9B1' 'PQLG9D1' 'PQLG9A2' 'PQLG9B2' 'PQLG9D2' 'PQLG9A3'
 'PQLG9B3' 'PQLG9D3']",216,9
363_0LT001,1379.2833,51.21589,3606.3098,['363_0LT001'],144,1,['OPAG1A1' 'OPAG1B1' 'OPAG1A2' 'OPAG1B2' 'OPAG1A3' 'OPAG1B3'],144,6
363_1LT001,938.3357,54.12148,2546.5967,['363_1LT001'],96,1,['VPLQAB1' 'VPLQAD1' 'VPLQAB2' 'VPLQAD2'],96,4
363_2LT001,2138.128,46.504814,5314.676,['363_2LT001'],216,1,"['GA3VPA1' 'GA3VPB1' 'GA3VPD1' 'GA3VPA2' 'GA3VPB2' 'GA3VPD2' 'GA3VPA3'
 'GA3VPB3' 'GA3VPD3']",216,9
363_3LT001,1416.9421,46.24835,3555.2102,['363_3LT001'],144,1,['QPAOGA1' 'QPAOGB1' 'QPAOGA2' 'QPAOGB2' 'QPAOGA3' 'QPAOGB3'],144,6
364_0LT001,2217.6096,47.16138,5235.6577,['364_0LT001'],216,1,"['91G3QA1' '91G3QB1' '91G3QD1' '91G3QA2' '91G3QB2' '91G3QD2' '91G3QA3'
 '91G3QB3' '91G3QD3']",216,9
364_1LT001,2150.734,52.645798,5497.618,['364_1LT001'],216,1,"['9VQ3LA1' '9VQ3LB1' '9VQ3LC1' '9VQ3LA2' '9VQ3LB2' '9VQ3LC2' '9VQ3LA3'
 '9VQ3LB3' '9VQ3LC3']",216,9
364_2LT001,451.93985,49.534744,1221.9827,['364_2LT001'],48,1,['O1QG9B1' 'O1QG9B2'],48,2
365_0LT001,471.19138,48.278896,1170.4146,['365_0LT001'],48,1,['A1QG9B1' 'A1QG9B2'],48,2
365_1LT001,2169.5654,52.54995,5224.588,['365_1LT001'],216,1,"['L3OPAA1' 'L3OPAB1' 'L3OPAD1' 'L3OPAA2' 'L3OPAB2' 'L3OPAD2' 'L3OPAA3'
 'L3OPAB3' 'L3OPAD3']",216,9
365_2LT001,2118.497,50.12422,5747.0874,['365_2LT001'],216,1,"['3V1OLA1' '3V1OLB1' '3V1OLC1' '3V1OLA2' '3V1OLB2' '3V1OLC2' '3V1OLA3'
 '3V1OLB3' '3V1OLC3']",216,9
366_0LT001,1024.1682,50.33627,2392.1973,['366_0LT001'],96,1,['GO9PAB1' 'GO9PAD1' 'GO9PAB2' 'GO9PAD2'],96,4
366_1LT001,524.5368,44.761948,994.2083,['366_1LT001'],48,1,['L3PVQB1' 'L3PVQB2'],48,2
367_0LT001,986.84814,50.88295,2279.1313,['367_0LT001'],96,1,['1G9VPB1' '1G9VPD1' '1G9VPB2' '1G9VPD2'],96,4
367_1LT001,2188.403,49.31193,5429.0835,['367_1LT001'],216,1,"['P9OAVA1' 'P9OAVB1' 'P9OAVC1' 'P9OAVA2' 'P9OAVB2' 'P9OAVC2' 'P9OAVA3'
 'P9OAVB3' 'P9OAVC3']",216,9
367_2LT001,2034.5508,50.11662,5521.1016,['367_2LT001'],216,1,"['Q9VP1A1' 'Q9VP1B1' 'Q9VP1C1' 'Q9VP1A2' 'Q9VP1B2' 'Q9VP1C2' 'Q9VP1A3'
 'Q9VP1B3' 'Q9VP1C3']",216,9
367_3LT001,2119.299,51.219143,5172.9126,['367_3LT001'],216,1,"['LQPG1A1' 'LQPG1B1' 'LQPG1C1' 'LQPG1A2' 'LQPG1B2' 'LQPG1C2' 'LQPG1A3'
 'LQPG1B3' 'LQPG1C3']",216,9
368_0LT001,403.16266,49.920376,1235.7885,['368_0LT001'],48,1,['3L9OGB1' '3L9OGB2'],48,2
368_1LT001,1482.9706,49.494522,3189.5183,['368_1LT001'],144,1,['G19L3A1' 'G19L3B1' 'G19L3A2' 'G19L3B2' 'G19L3A3' 'G19L3B3'],144,6
368_2LT001,1429.419,51.813576,3602.4417,['368_2LT001'],144,1,['GOVQLA1' 'GOVQLB1' 'GOVQLA2' 'GOVQLB2' 'GOVQLA3' 'GOVQLB3'],144,6
369_0LT001,1021.3208,50.92165,2605.3274,['369_0LT001'],96,1,['Q1AG3B1' 'Q1AG3D1' 'Q1AG3B2' 'Q1AG3D2'],96,4
369_1LT001,2150.9053,48.577854,5632.1934,['369_1LT001'],216,1,"['1OQ9PA1' '1OQ9PB1' '1OQ9PC1' '1OQ9PA2' '1OQ9PB2' '1OQ9PC2' '1OQ9PA3'
 '1OQ9PB3' '1OQ9PC3']",216,9
370_0LT001,2205.7644,50.267258,5554.475,['370_0LT001'],216,1,"['3PVL9A1' '3PVL9B1' '3PVL9C1' '3PVL9A2' '3PVL9B2' '3PVL9C2' '3PVL9A3'
 '3PVL9B3' '3PVL9C3']",216,9
370_1LT001,2204.4639,52.073055,5259.849,['370_1LT001'],216,1,"['LVPQ9A1' 'LVPQ9B1' 'LVPQ9D1' 'LVPQ9A2' 'LVPQ9B2' 'LVPQ9D2' 'LVPQ9A3'
 'LVPQ9B3' 'LVPQ9D3']",216,9
370_2LT001,1357.6163,49.60872,3656.7175,['370_2LT001'],144,1,['19GO3A1' '19GO3B1' '19GO3A2' '19GO3B2' '19GO3A3' '19GO3B3'],144,6
370_3LT001,2177.6455,49.783524,5182.092,['370_3LT001'],216,1,"['QG1O9A1' 'QG1O9B1' 'QG1O9C1' 'QG1O9A2' 'QG1O9B2' 'QG1O9C2' 'QG1O9A3'
 'QG1O9B3' 'QG1O9C3']",216,9
371_0LT001,964.4133,48.3169,2506.7166,['371_0LT001'],96,1,['3QGOVB1' '3QGOVD1' '3QGOVB2' '3QGOVD2'],96,4
371_1LT001,880.78107,49.428604,2133.9558,['371_1LT001'],96,1,['31QLPB1' '31QLPD1' '31QLPB2' '31QLPD2'],96,4
372_0LT001,2224.0369,50.846382,5817.4634,['372_0LT001'],216,1,"['POQ93A1' 'POQ93B1' 'POQ93C1' 'POQ93A2' 'POQ93B2' 'POQ93C2' 'POQ93A3'
 'POQ93B3' 'POQ93C3']",216,9
372_1LT001,2083.5535,50.092476,5261.369,['372_1LT001'],216,1,"['VO3A1A1' 'VO3A1B1' 'VO3A1C1' 'VO3A1A2' 'VO3A1B2' 'VO3A1C2' 'VO3A1A3'
 'VO3A1B3' 'VO3A1C3']",216,9
372_2LT001,2066.1516,51.98797,5190.14,['372_2LT001'],216,1,"['AVLPOA1' 'AVLPOB1' 'AVLPOD1' 'AVLPOA2' 'AVLPOB2' 'AVLPOD2' 'AVLPOA3'
 'AVLPOB3' 'AVLPOD3']",216,9
372_3LT001,976.00806,47.231888,2528.1997,['372_3LT001'],96,1,['L1OA3B1' 'L1OA3D1' 'L1OA3B2' 'L1OA3D2'],96,4
373_0LT001,2226.2007,47.941425,5481.607,['373_0LT001'],216,1,"['PVGQ3A1' 'PVGQ3B1' 'PVGQ3C1' 'PVGQ3A2' 'PVGQ3B2' 'PVGQ3C2' 'PVGQ3A3'
 'PVGQ3B3' 'PVGQ3C3']",216,9
373_1LT001,1479.7719,49.77377,3614.1765,['373_1LT001'],144,1,['9QVLAA1' '9QVLAB1' '9QVLAA2' '9QVLAB2' '9QVLAA3' '9QVLAB3'],144,6
373_2LT001,468.91797,47.446445,1153.5012,['373_2LT001'],48,1,['LQPAGB1' 'LQPAGB2'],48,2
374_0LT001,474.3848,51.55997,1153.715,['374_0LT001'],48,1,['PG9LOB1' 'PG9LOB2'],48,2
374_1LT001,1472.8031,50.846222,3395.092,['374_1LT001'],144,1,['A93QOA1' 'A93QOB1' 'A93QOA2' 'A93QOB2' 'A93QOA3' 'A93QOB3'],144,6
374_2LT001,963.1456,46.34435,2530.9414,['374_2LT001'],96,1,['APL9GB1' 'APL9GD1' 'APL9GB2' 'APL9GD2'],96,4
374_3LT001,2104.3635,49.193897,5150.1533,['374_3LT001'],216,1,"['1LQG3A1' '1LQG3B1' '1LQG3C1' '1LQG3A2' '1LQG3B2' '1LQG3C2' '1LQG3A3'
 '1LQG3B3' '1LQG3C3']",216,9
375_0LT001,2125.3428,49.501766,5447.5225,['375_0LT001'],216,1,"['OQAPVA1' 'OQAPVB1' 'OQAPVD1' 'OQAPVA2' 'OQAPVB2' 'OQAPVD2' 'OQAPVA3'
 'OQAPVB3' 'OQAPVD3']",216,9
375_1LT001,1022.7362,53.44067,2294.0605,['375_1LT001'],96,1,['GA391B1' 'GA391D1' 'GA391B2' 'GA391D2'],96,4
375_2LT001,2121.7944,52.462517,4927.9907,['375_2LT001'],216,1,"['OGLV1A1' 'OGLV1B1' 'OGLV1C1' 'OGLV1A2' 'OGLV1B2' 'OGLV1C2' 'OGLV1A3'
 'OGLV1B3' 'OGLV1C3']",216,9
375_3LT001,2149.717,49.856277,5885.3384,['375_3LT001'],216,1,"['VLAGQA1' 'VLAGQB1' 'VLAGQD1' 'VLAGQA2' 'VLAGQB2' 'VLAGQD2' 'VLAGQA3'
 'VLAGQB3' 'VLAGQD3']",216,9
375_4LT001,1407.8347,53.69701,3771.1907,['375_4LT001'],144,1,['31POLA1' '31POLB1' '31POLA2' '31POLB2' '31POLA3' '31POLB3'],144,6
376_0LT001,2026.0725,50.732178,5428.3066,['376_0LT001'],216,1,"['QO1AVA1' 'QO1AVB1' 'QO1AVC1' 'QO1AVA2' 'QO1AVB2' 'QO1AVC2' 'QO1AVA3'
 'QO1AVB3' 'QO1AVC3']",216,9
376_1LT001,2495.6152,50.135426,6067.3765,['376_1LT001'],240,1,"['Q1OA9B1' 'Q1OA9C1' 'Q1OA9B2' 'Q1OA9C2' 'Q1OA9B3' 'Q1OA9C3' 'Q1OA9B4'
 'Q1OA9C4' 'Q1OA9B5' 'Q1OA9C5']",240,10
377_0LT001,478.25385,47.514236,1299.9382,['377_0LT001'],48,1,['QP3V1B1' 'QP3V1B2'],48,2
377_1LT001,896.5759,49.731434,2362.7927,['377_1LT001'],96,1,['9GOPVB1' '9GOPVD1' '9GOPVB2' '9GOPVD2'],96,4
377_2LT001,2139.5378,48.854538,5409.219,['377_2LT001'],216,1,"['GLQ9OA1' 'GLQ9OB1' 'GLQ9OD1' 'GLQ9OA2' 'GLQ9OB2' 'GLQ9OD2' 'GLQ9OA3'
 'GLQ9OB3' 'GLQ9OD3']",216,9
377_3LT001,2039.4006,50.076157,5201.412,['377_3LT001'],216,1,"['A9VPLA1' 'A9VPLB1' 'A9VPLD1' 'A9VPLA2' 'A9VPLB2' 'A9VPLD2' 'A9VPLA3'
 'A9VPLB3' 'A9VPLD3']",216,9
378_0LT001,2157.2559,49.024384,5120.359,['378_0LT001'],216,1,"['P9G13A1' 'P9G13B1' 'P9G13C1' 'P9G13A2' 'P9G13B2' 'P9G13C2' 'P9G13A3'
 'P9G13B3' 'P9G13C3']",216,9
378_1LT001,874.68475,45.93729,2304.4905,['378_1LT001'],96,1,['AO1LPB1' 'AO1LPD1' 'AO1LPB2' 'AO1LPD2'],96,4
378_2LT001,2256.19,44.80643,5193.489,['378_2LT001'],216,1,"['AQ1PVA1' 'AQ1PVB1' 'AQ1PVC1' 'AQ1PVA2' 'AQ1PVB2' 'AQ1PVC2' 'AQ1PVA3'
 'AQ1PVB3' 'AQ1PVC3']",216,9
378_3LT001,2424.657,48.557194,5849.4287,['378_3LT001'],240,1,"['AG1POB1' 'AG1POC1' 'AG1POB2' 'AG1POC2' 'AG1POB3' 'AG1POC3' 'AG1POB4'
 'AG1POC4' 'AG1POB5' 'AG1POC5']",240,10
378_4LT001,2021.1963,49.84118,5729.4233,['378_4LT001'],216,1,"['OA1PVA1' 'OA1PVB1' 'OA1PVD1' 'OA1PVA2' 'OA1PVB2' 'OA1PVD2' 'OA1PVA3'
 'OA1PVB3' 'OA1PVD3']",216,9
378_5LT001,2332.94,51.492237,5350.6006,['378_5LT001'],216,1,"['93VPQA1' '93VPQB1' '93VPQC1' '93VPQA2' '93VPQB2' '93VPQC2' '93VPQA3'
 '93VPQB3' '93VPQC3']",216,9
378_6LT001,2260.245,52.837505,5601.2583,['378_6LT001'],216,1,"['AO1GQA1' 'AO1GQB1' 'AO1GQD1' 'AO1GQA2' 'AO1GQB2' 'AO1GQD2' 'AO1GQA3'
 'AO1GQB3' 'AO1GQD3']",216,9
379_0LT001,456.24545,53.187176,1143.8433,['379_0LT001'],48,1,['O913PB1' 'O913PB2'],48,2
379_1LT001,2253.4167,46.758854,5715.881,['379_1LT001'],216,1,"['APVOLA1' 'APVOLB1' 'APVOLD1' 'APVOLA2' 'APVOLB2' 'APVOLD2' 'APVOLA3'
 'APVOLB3' 'APVOLD3']",216,9
379_2LT001,2159.5303,49.270855,5637.1597,['379_2LT001'],216,1,"['V913LA1' 'V913LB1' 'V913LD1' 'V913LA2' 'V913LB2' 'V913LD2' 'V913LA3'
 'V913LB3' 'V913LD3']",216,9
380_0LT001,969.22925,52.415497,2505.2888,['380_0LT001'],96,1,['QAGLPB1' 'QAGLPD1' 'QAGLPB2' 'QAGLPD2'],96,4
380_1LT001,2109.836,49.79057,5557.8975,['380_1LT001'],216,1,"['1O3LPA1' '1O3LPB1' '1O3LPD1' '1O3LPA2' '1O3LPB2' '1O3LPD2' '1O3LPA3'
 '1O3LPB3' '1O3LPD3']",216,9
380_2LT001,2047.5128,48.74643,5561.285,['380_2LT001'],216,1,"['9L1PVA1' '9L1PVB1' '9L1PVD1' '9L1PVA2' '9L1PVB2' '9L1PVD2' '9L1PVA3'
 '9L1PVB3' '9L1PVD3']",216,9
381_0LT001,2029.734,50.016838,5190.783,['381_0LT001'],216,1,"['GL3QAA1' 'GL3QAB1' 'GL3QAD1' 'GL3QAA2' 'GL3QAB2' 'GL3QAD2' 'GL3QAA3'
 'GL3QAB3' 'GL3QAD3']",216,9
381_1LT001,2089.5486,48.593685,5098.3286,['381_1LT001'],216,1,"['POLG3A1' 'POLG3B1' 'POLG3D1' 'POLG3A2' 'POLG3B2' 'POLG3D2' 'POLG3A3'
 'POLG3B3' 'POLG3D3']",216,9
381_2LT001,1447.4939,46.420933,3846.8772,['381_2LT001'],144,1,['VG1LAA1' 'VG1LAB1' 'VG1LAA2' 'VG1LAB2' 'VG1LAA3' 'VG1LAB3'],144,6
381_3LT001,2099.7915,50.695213,5367.655,['381_3LT001'],216,1,"['GO3LQA1' 'GO3LQB1' 'GO3LQC1' 'GO3LQA2' 'GO3LQB2' 'GO3LQC2' 'GO3LQA3'
 'GO3LQB3' 'GO3LQC3']",216,9
382_0LT001,2092.4954,50.408478,4857.0176,['382_0LT001'],216,1,"['GVLQAA1' 'GVLQAB1' 'GVLQAD1' 'GVLQAA2' 'GVLQAB2' 'GVLQAD2' 'GVLQAA3'
 'GVLQAB3' 'GVLQAD3']",216,9
382_1LT001,436.96857,54.633774,1309.4215,['382_1LT001'],48,1,['GL19VB1' 'GL19VB2'],48,2
382_2LT001,967.05865,46.818554,2448.1492,['382_2LT001'],96,1,['PGOVAB1' 'PGOVAD1' 'PGOVAB2' 'PGOVAD2'],96,4
382_3LT001,1465.9978,51.23703,3719.205,['382_3LT001'],144,1,['GPA9QA1' 'GPA9QB1' 'GPA9QA2' 'GPA9QB2' 'GPA9QA3' 'GPA9QB3'],144,6
383_0LT001,2157.1338,50.27646,5604.803,['383_0LT001'],216,1,"['3GVAQA1' '3GVAQB1' '3GVAQC1' '3GVAQA2' '3GVAQB2' '3GVAQC2' '3GVAQA3'
 '3GVAQB3' '3GVAQC3']",216,9
383_1LT001,974.835,44.637005,2447.2576,['383_1LT001'],96,1,['91VA3B1' '91VA3D1' '91VA3B2' '91VA3D2'],96,4
384_0LT001,1405.4071,51.362125,3747.0854,['384_0LT001'],144,1,['L1AQ3A1' 'L1AQ3B1' 'L1AQ3A2' 'L1AQ3B2' 'L1AQ3A3' 'L1AQ3B3'],144,6
384_1LT001,1435.3362,51.91097,4037.2004,['384_1LT001'],144,1,['G9O3LA1' 'G9O3LB1' 'G9O3LA2' 'G9O3LB2' 'G9O3LA3' 'G9O3LB3'],144,6
384_2LT001,459.28702,54.99301,1272.3541,['384_2LT001'],48,1,['AP93GB1' 'AP93GB2'],48,2
384_3LT001,1427.6923,54.078075,3770.528,['384_3LT001'],144,1,['3G9OQA1' '3G9OQB1' '3G9OQA2' '3G9OQB2' '3G9OQA3' '3G9OQB3'],144,6
384_4LT001,2229.407,49.101143,5489.314,['384_4LT001'],216,1,"['OLAPVA1' 'OLAPVB1' 'OLAPVC1' 'OLAPVA2' 'OLAPVB2' 'OLAPVC2' 'OLAPVA3'
 'OLAPVB3' 'OLAPVC3']",216,9
385_0LT001,2193.313,52.12376,5715.373,['385_0LT001'],216,1,"['3PAL1A1' '3PAL1B1' '3PAL1D1' '3PAL1A2' '3PAL1B2' '3PAL1D2' '3PAL1A3'
 '3PAL1B3' '3PAL1D3']",216,9
385_1LT001,2251.406,50.947212,5316.5693,['385_1LT001'],216,1,"['AQL1GA1' 'AQL1GB1' 'AQL1GC1' 'AQL1GA2' 'AQL1GB2' 'AQL1GC2' 'AQL1GA3'
 'AQL1GB3' 'AQL1GC3']",216,9
385_2LT001,2300.5352,47.86477,5721.6885,['385_2LT001'],216,1,"['P39QLA1' 'P39QLB1' 'P39QLD1' 'P39QLA2' 'P39QLB2' 'P39QLD2' 'P39QLA3'
 'P39QLB3' 'P39QLD3']",216,9
385_3LT001,1430.9529,51.695217,3620.208,['385_3LT001'],144,1,['AO3V9A1' 'AO3V9B1' 'AO3V9A2' 'AO3V9B2' 'AO3V9A3' 'AO3V9B3'],144,6
386_0LT001,1461.1774,45.295563,3795.5647,['386_0LT001'],144,1,['9PGO3A1' '9PGO3B1' '9PGO3A2' '9PGO3B2' '9PGO3A3' '9PGO3B3'],144,6
386_1LT001,2284.949,52.04168,5157.0938,['386_1LT001'],216,1,"['V9PQLA1' 'V9PQLB1' 'V9PQLD1' 'V9PQLA2' 'V9PQLB2' 'V9PQLD2' 'V9PQLA3'
 'V9PQLB3' 'V9PQLD3']",216,9
387_0LT001,2134.3074,52.08848,5300.734,['387_0LT001'],216,1,"['LQVP9A1' 'LQVP9B1' 'LQVP9C1' 'LQVP9A2' 'LQVP9B2' 'LQVP9C2' 'LQVP9A3'
 'LQVP9B3' 'LQVP9C3']",216,9
387_1LT001,2014.1442,52.25959,5624.5537,['387_1LT001'],216,1,"['V91PLA1' 'V91PLB1' 'V91PLD1' 'V91PLA2' 'V91PLB2' 'V91PLD2' 'V91PLA3'
 'V91PLB3' 'V91PLD3']",216,9
387_2LT001,523.98004,56.284367,1209.5576,['387_2LT001'],48,1,['QVOLAB1' 'QVOLAB2'],48,2
387_3LT001,2198.5752,51.877506,5209.9194,['387_3LT001'],216,1,"['OL1PGA1' 'OL1PGB1' 'OL1PGD1' 'OL1PGA2' 'OL1PGB2' 'OL1PGD2' 'OL1PGA3'
 'OL1PGB3' 'OL1PGD3']",216,9
387_4LT001,2111.5857,48.811527,5439.7764,['387_4LT001'],216,1,"['LQO9VA1' 'LQO9VB1' 'LQO9VD1' 'LQO9VA2' 'LQO9VB2' 'LQO9VD2' 'LQO9VA3'
 'LQO9VB3' 'LQO9VD3']",216,9
387_5LT001,1237.7642,53.427616,3058.6714,['387_5LT001'],120,1,['GP1Q9B1' 'GP1Q9B2' 'GP1Q9B3' 'GP1Q9B4' 'GP1Q9B5'],120,5
388_0LT001,484.1958,48.3591,1250.0347,['388_0LT001'],48,1,['39APVB1' '39APVB2'],48,2
388_1LT001,2232.5227,48.07823,5372.3936,['388_1LT001'],216,1,"['9OQVPA1' '9OQVPB1' '9OQVPD1' '9OQVPA2' '9OQVPB2' '9OQVPD2' '9OQVPA3'
 '9OQVPB3' '9OQVPD3']",216,9
389_0LT001,1448.1777,49.74994,3436.457,['389_0LT001'],144,1,['1QOLAA1' '1QOLAB1' '1QOLAA2' '1QOLAB2' '1QOLAA3' '1QOLAB3'],144,6
389_1LT001,2246.8784,47.230495,6014.4136,['389_1LT001'],216,1,"['AO3P9A1' 'AO3P9B1' 'AO3P9C1' 'AO3P9A2' 'AO3P9B2' 'AO3P9C2' 'AO3P9A3'
 'AO3P9B3' 'AO3P9C3']",216,9
389_2LT001,2238.4336,46.553818,5163.553,['389_2LT001'],216,1,"['93QPGA1' '93QPGB1' '93QPGC1' '93QPGA2' '93QPGB2' '93QPGC2' '93QPGA3'
 '93QPGB3' '93QPGC3']",216,9
389_3LT001,2031.1707,49.33981,5423.157,['389_3LT001'],216,1,"['1A9VQA1' '1A9VQB1' '1A9VQD1' '1A9VQA2' '1A9VQB2' '1A9VQD2' '1A9VQA3'
 '1A9VQB3' '1A9VQD3']",216,9
389_4LT001,1505.609,52.37647,3739.128,['389_4LT001'],144,1,['OPA1GA1' 'OPA1GB1' 'OPA1GA2' 'OPA1GB2' 'OPA1GA3' 'OPA1GB3'],144,6
390_0LT001,1495.7954,52.304874,3355.19,['390_0LT001'],144,1,['O1APQA1' 'O1APQB1' 'O1APQA2' 'O1APQB2' 'O1APQA3' 'O1APQB3'],144,6
390_1LT001,569.4455,50.313065,1017.9331,['390_1LT001'],48,1,['GPOVQB1' 'GPOVQB2'],48,2
390_2LT001,2175.849,48.764576,5439.0107,['390_2LT001'],216,1,"['O1APGA1' 'O1APGB1' 'O1APGC1' 'O1APGA2' 'O1APGB2' 'O1APGC2' 'O1APGA3'
 'O1APGB3' 'O1APGC3']",216,9
390_3LT001,2251.682,51.65704,5363.775,['390_3LT001'],216,1,"['13A9LA1' '13A9LB1' '13A9LD1' '13A9LA2' '13A9LB2' '13A9LD2' '13A9LA3'
 '13A9LB3' '13A9LD3']",216,9
391_0LT001,2316.5027,52.196865,5383.2476,['391_0LT001'],216,1,"['PVQA1A1' 'PVQA1B1' 'PVQA1C1' 'PVQA1A2' 'PVQA1B2' 'PVQA1C2' 'PVQA1A3'
 'PVQA1B3' 'PVQA1C3']",216,9
391_1LT001,1488.8458,54.187904,3781.7236,['391_1LT001'],144,1,['VG3AOA1' 'VG3AOB1' 'VG3AOA2' 'VG3AOB2' 'VG3AOA3' 'VG3AOB3'],144,6
391_2LT001,2237.833,51.411453,5238.6694,['391_2LT001'],216,1,"['GLAO3A1' 'GLAO3B1' 'GLAO3D1' 'GLAO3A2' 'GLAO3B2' 'GLAO3D2' 'GLAO3A3'
 'GLAO3B3' 'GLAO3D3']",216,9
392_0LT001,2257.7231,51.968124,5383.7363,['392_0LT001'],216,1,"['GVLOPA1' 'GVLOPB1' 'GVLOPD1' 'GVLOPA2' 'GVLOPB2' 'GVLOPD2' 'GVLOPA3'
 'GVLOPB3' 'GVLOPD3']",216,9
392_1LT001,486.71646,48.976746,1320.1075,['392_1LT001'],48,1,['9Q3ALB1' '9Q3ALB2'],48,2
393_0LT001,1515.6793,53.2856,3546.838,['393_0LT001'],144,1,['391ALA1' '391ALB1' '391ALA2' '391ALB2' '391ALA3' '391ALB3'],144,6
393_1LT001,536.6519,46.17842,1062.0681,['393_1LT001'],48,1,['L9Q3VB1' 'L9Q3VB2'],48,2
393_2LT001,2080.4111,47.920334,5353.1655,['393_2LT001'],216,1,"['L3QG9A1' 'L3QG9B1' 'L3QG9D1' 'L3QG9A2' 'L3QG9B2' 'L3QG9D2' 'L3QG9A3'
 'L3QG9B3' 'L3QG9D3']",216,9
393_3LT001,1397.719,50.946663,3668.7107,['393_3LT001'],144,1,['3Q1LGA1' '3Q1LGB1' '3Q1LGA2' '3Q1LGB2' '3Q1LGA3' '3Q1LGB3'],144,6
394_0LT001,1367.921,54.246265,3536.0938,['394_0LT001'],144,1,['VG9PAA1' 'VG9PAB1' 'VG9PAA2' 'VG9PAB2' 'VG9PAA3' 'VG9PAB3'],144,6
394_1LT001,2095.2344,47.751995,5376.561,['394_1LT001'],216,1,"['VQO31A1' 'VQO31B1' 'VQO31D1' 'VQO31A2' 'VQO31B2' 'VQO31D2' 'VQO31A3'
 'VQO31B3' 'VQO31D3']",216,9
394_2LT001,2141.812,49.871273,5282.7793,['394_2LT001'],216,1,"['PGAOQA1' 'PGAOQB1' 'PGAOQD1' 'PGAOQA2' 'PGAOQB2' 'PGAOQD2' 'PGAOQA3'
 'PGAOQB3' 'PGAOQD3']",216,9
394_3LT001,2261.465,49.027065,5160.7656,['394_3LT001'],216,1,"['1LAO3A1' '1LAO3B1' '1LAO3D1' '1LAO3A2' '1LAO3B2' '1LAO3D2' '1LAO3A3'
 '1LAO3B3' '1LAO3D3']",216,9
395_0LT001,495.1387,50.77946,1137.8331,['395_0LT001'],48,1,['OV93PB1' 'OV93PB2'],48,2
395_1LT001,2112.0056,47.438454,5291.9688,['395_1LT001'],216,1,"['LV1O3A1' 'LV1O3B1' 'LV1O3C1' 'LV1O3A2' 'LV1O3B2' 'LV1O3C2' 'LV1O3A3'
 'LV1O3B3' 'LV1O3C3']",216,9
396_0LT001,2027.1123,49.247875,4989.545,['396_0LT001'],216,1,"['LQVAOA1' 'LQVAOB1' 'LQVAOD1' 'LQVAOA2' 'LQVAOB2' 'LQVAOD2' 'LQVAOA3'
 'LQVAOB3' 'LQVAOD3']",216,9
396_1LT001,412.6319,50.682423,1213.4211,['396_1LT001'],48,1,['1Q3OAB1' '1Q3OAB2'],48,2
396_2LT001,1349.3424,47.362823,3708.7888,['396_2LT001'],144,1,['A9Q3LA1' 'A9Q3LB1' 'A9Q3LA2' 'A9Q3LB2' 'A9Q3LA3' 'A9Q3LB3'],144,6
396_3LT001,2069.1758,51.465813,5422.971,['396_3LT001'],216,1,"['9GL3PA1' '9GL3PB1' '9GL3PC1' '9GL3PA2' '9GL3PB2' '9GL3PC2' '9GL3PA3'
 '9GL3PB3' '9GL3PC3']",216,9
397_0LT001,1079.8647,43.746887,2354.931,['397_0LT001'],96,1,['OVP1GB1' 'OVP1GD1' 'OVP1GB2' 'OVP1GD2'],96,4
397_1LT001,2121.0671,47.003963,5096.9385,['397_1LT001'],216,1,"['3AQ1PA1' '3AQ1PB1' '3AQ1PD1' '3AQ1PA2' '3AQ1PB2' '3AQ1PD2' '3AQ1PA3'
 '3AQ1PB3' '3AQ1PD3']",216,9
397_2LT001,1325.3594,52.08074,3559.0554,['397_2LT001'],144,1,['LAOVGA1' 'LAOVGB1' 'LAOVGA2' 'LAOVGB2' 'LAOVGA3' 'LAOVGB3'],144,6
398_0LT001,452.7504,47.80254,1192.3833,['398_0LT001'],48,1,['AQ1P3B1' 'AQ1P3B2'],48,2
398_1LT001,2062.8325,52.134083,5442.453,['398_1LT001'],216,1,"['QP9LAA1' 'QP9LAB1' 'QP9LAD1' 'QP9LAA2' 'QP9LAB2' 'QP9LAD2' 'QP9LAA3'
 'QP9LAB3' 'QP9LAD3']",216,9
399_0LT001,2142.4429,50.187447,5733.414,['399_0LT001'],216,1,"['91VL3A1' '91VL3B1' '91VL3C1' '91VL3A2' '91VL3B2' '91VL3C2' '91VL3A3'
 '91VL3B3' '91VL3C3']",216,9
399_1LT001,484.73877,51.59445,1138.2842,['399_1LT001'],48,1,['LVA3QB1' 'LVA3QB2'],48,2
399_2LT001,2245.3647,44.65034,5497.207,['399_2LT001'],216,1,"['VO3GAA1' 'VO3GAB1' 'VO3GAC1' 'VO3GAA2' 'VO3GAB2' 'VO3GAC2' 'VO3GAA3'
 'VO3GAB3' 'VO3GAC3']",216,9
399_3LT001,2195.4949,52.217575,5486.123,['399_3LT001'],216,1,"['GO9LPA1' 'GO9LPB1' 'GO9LPC1' 'GO9LPA2' 'GO9LPB2' 'GO9LPC2' 'GO9LPA3'
 'GO9LPB3' 'GO9LPC3']",216,9
399_4LT001,2049.4353,48.029514,5113.016,['399_4LT001'],216,1,"['PVQ9AA1' 'PVQ9AB1' 'PVQ9AC1' 'PVQ9AA2' 'PVQ9AB2' 'PVQ9AC2' 'PVQ9AA3'
 'PVQ9AB3' 'PVQ9AC3']",216,9
400_0LT001,2010.4664,47.909023,5496.316,['400_0LT001'],216,1,"['9PQALA1' '9PQALB1' '9PQALD1' '9PQALA2' '9PQALB2' '9PQALD2' '9PQALA3'
 '9PQALB3' '9PQALD3']",216,9
400_1LT001,1554.7672,45.82253,3743.0007,['400_1LT001'],144,1,['GP9VLA1' 'GP9VLB1' 'GP9VLA2' 'GP9VLB2' 'GP9VLA3' 'GP9VLB3'],144,6
401_0LT001,898.1415,48.35443,2564.6274,['401_0LT001'],96,1,['9AQ3OB1' '9AQ3OD1' '9AQ3OB2' '9AQ3OD2'],96,4
401_1LT001,993.07874,47.564045,2539.61,['401_1LT001'],96,1,['GVPQ1B1' 'GVPQ1D1' 'GVPQ1B2' 'GVPQ1D2'],96,4
401_2LT001,2227.121,50.87509,5165.8237,['401_2LT001'],216,1,"['9GL1OA1' '9GL1OB1' '9GL1OD1' '9GL1OA2' '9GL1OB2' '9GL1OD2' '9GL1OA3'
 '9GL1OB3' '9GL1OD3']",216,9
401_3LT001,2142.7905,53.283623,5482.374,['401_3LT001'],216,1,"['PO9VLA1' 'PO9VLB1' 'PO9VLC1' 'PO9VLA2' 'PO9VLB2' 'PO9VLC2' 'PO9VLA3'
 'PO9VLB3' 'PO9VLC3']",216,9
401_4LT001,2077.5403,49.94165,5477.17,['401_4LT001'],216,1,"['GVP13A1' 'GVP13B1' 'GVP13C1' 'GVP13A2' 'GVP13B2' 'GVP13C2' 'GVP13A3'
 'GVP13B3' 'GVP13C3']",216,9
401_5LT001,2079.3901,52.660988,5230.5215,['401_5LT001'],216,1,"['P9OVGA1' 'P9OVGB1' 'P9OVGD1' 'P9OVGA2' 'P9OVGB2' 'P9OVGD2' 'P9OVGA3'
 'P9OVGB3' 'P9OVGD3']",216,9
402_0LT001,2145.3118,51.254642,5806.878,['402_0LT001'],216,1,"['QOG1AA1' 'QOG1AB1' 'QOG1AD1' 'QOG1AA2' 'QOG1AB2' 'QOG1AD2' 'QOG1AA3'
 'QOG1AB3' 'QOG1AD3']",216,9
402_1LT001,2082.7283,49.04937,5680.6245,['402_1LT001'],216,1,"['V9OPGA1' 'V9OPGB1' 'V9OPGD1' 'V9OPGA2' 'V9OPGB2' 'V9OPGD2' 'V9OPGA3'
 'V9OPGB3' 'V9OPGD3']",216,9
402_2LT001,2231.2856,49.008724,5798.776,['402_2LT001'],240,1,"['3LOQ1B1' '3LOQ1D1' '3LOQ1B2' '3LOQ1D2' '3LOQ1B3' '3LOQ1D3' '3LOQ1B4'
 '3LOQ1D4' '3LOQ1B5' '3LOQ1D5']",240,10
402_3LT001,1324.476,48.412235,3658.2476,['402_3LT001'],144,1,['P3Q91A1' 'P3Q91B1' 'P3Q91A2' 'P3Q91B2' 'P3Q91A3' 'P3Q91B3'],144,6
403_0LT001,1044.8231,51.089783,2448.6912,['403_0LT001'],96,1,['OGVP3B1' 'OGVP3D1' 'OGVP3B2' 'OGVP3D2'],96,4
403_1LT001,2173.6775,45.513115,5824.7495,['403_1LT001'],216,1,"['3AL9VA1' '3AL9VB1' '3AL9VD1' '3AL9VA2' '3AL9VB2' '3AL9VD2' '3AL9VA3'
 '3AL9VB3' '3AL9VD3']",216,9
403_2LT001,2277.0566,50.070305,5190.2485,['403_2LT001'],216,1,"['13GLAA1' '13GLAB1' '13GLAC1' '13GLAA2' '13GLAB2' '13GLAC2' '13GLAA3'
 '13GLAB3' '13GLAC3']",216,9
403_3LT001,2160.3118,49.40942,5785.388,['403_3LT001'],216,1,"['APLO3A1' 'APLO3B1' 'APLO3D1' 'APLO3A2' 'APLO3B2' 'APLO3D2' 'APLO3A3'
 'APLO3B3' 'APLO3D3']",216,9
403_4LT001,2184.7559,50.214863,5721.548,['403_4LT001'],216,1,"['9LGA3A1' '9LGA3B1' '9LGA3D1' '9LGA3A2' '9LGA3B2' '9LGA3D2' '9LGA3A3'
 '9LGA3B3' '9LGA3D3']",216,9
403_5LT001,2168.233,51.39389,5551.8726,['403_5LT001'],216,1,"['QGO9PA1' 'QGO9PB1' 'QGO9PC1' 'QGO9PA2' 'QGO9PB2' 'QGO9PC2' 'QGO9PA3'
 'QGO9PB3' 'QGO9PC3']",216,9
404_0LT001,2077.087,47.939423,5314.1553,['404_0LT001'],216,1,"['PAGQ3A1' 'PAGQ3B1' 'PAGQ3D1' 'PAGQ3A2' 'PAGQ3B2' 'PAGQ3D2' 'PAGQ3A3'
 'PAGQ3B3' 'PAGQ3D3']",216,9
404_1LT001,850.9185,47.47179,2207.6812,['404_1LT001'],96,1,['91QVAB1' '91QVAD1' '91QVAB2' '91QVAD2'],96,4
405_0LT001,2012.5442,51.98296,5524.15,['405_0LT001'],216,1,"['GLPVOA1' 'GLPVOB1' 'GLPVOD1' 'GLPVOA2' 'GLPVOB2' 'GLPVOD2' 'GLPVOA3'
 'GLPVOB3' 'GLPVOD3']",216,9
405_1LT001,1428.1825,49.385635,3202.1392,['405_1LT001'],144,1,['39OQAA1' '39OQAB1' '39OQAA2' '39OQAB2' '39OQAA3' '39OQAB3'],144,6
405_2LT001,1447.2935,53.769424,3825.3867,['405_2LT001'],144,1,['GPLVOA1' 'GPLVOB1' 'GPLVOA2' 'GPLVOB2' 'GPLVOA3' 'GPLVOB3'],144,6
406_0LT001,2399.2393,49.59644,6009.6245,['406_0LT001'],240,1,"['3GL91B1' '3GL91C1' '3GL91B2' '3GL91C2' '3GL91B3' '3GL91C3' '3GL91B4'
 '3GL91C4' '3GL91B5' '3GL91C5']",240,10
406_1LT001,2200.8127,48.955475,5430.106,['406_1LT001'],216,1,"['3AVLOA1' '3AVLOB1' '3AVLOC1' '3AVLOA2' '3AVLOB2' '3AVLOC2' '3AVLOA3'
 '3AVLOB3' '3AVLOC3']",216,9
406_2LT001,2123.1733,51.419865,5084.7314,['406_2LT001'],216,1,"['GV3L9A1' 'GV3L9B1' 'GV3L9C1' 'GV3L9A2' 'GV3L9B2' 'GV3L9C2' 'GV3L9A3'
 'GV3L9B3' 'GV3L9C3']",216,9
406_3LT001,2056.755,50.532837,5499.071,['406_3LT001'],216,1,"['OPAV9A1' 'OPAV9B1' 'OPAV9D1' 'OPAV9A2' 'OPAV9B2' 'OPAV9D2' 'OPAV9A3'
 'OPAV9B3' 'OPAV9D3']",216,9
406_4LT001,1051.373,54.712154,2362.3672,['406_4LT001'],96,1,['LV1A9B1' 'LV1A9D1' 'LV1A9B2' 'LV1A9D2'],96,4
406_5LT001,561.5614,49.1477,1167.8573,['406_5LT001'],48,1,['9GQ3OB1' '9GQ3OB2'],48,2
406_6LT001,1039.4691,49.177708,2126.5361,['406_6LT001'],96,1,['VQO9GB1' 'VQO9GD1' 'VQO9GB2' 'VQO9GD2'],96,4
407_0LT001,2412.619,46.547127,6085.695,['407_0LT001'],240,1,"['A3O9GB1' 'A3O9GD1' 'A3O9GB2' 'A3O9GD2' 'A3O9GB3' 'A3O9GD3' 'A3O9GB4'
 'A3O9GD4' 'A3O9GB5' 'A3O9GD5']",240,10
407_1LT001,502.80984,48.287323,1224.9893,['407_1LT001'],48,1,['1VGL9B1' '1VGL9B2'],48,2
407_2LT001,2114.6433,50.330807,5566.1978,['407_2LT001'],216,1,"['AGQ3LA1' 'AGQ3LB1' 'AGQ3LD1' 'AGQ3LA2' 'AGQ3LB2' 'AGQ3LD2' 'AGQ3LA3'
 'AGQ3LB3' 'AGQ3LD3']",216,9
407_3LT001,2181.9634,49.01811,5316.061,['407_3LT001'],216,1,"['VQL3PA1' 'VQL3PB1' 'VQL3PD1' 'VQL3PA2' 'VQL3PB2' 'VQL3PD2' 'VQL3PA3'
 'VQL3PB3' 'VQL3PD3']",216,9
407_4LT001,912.4123,50.649628,2312.4043,['407_4LT001'],96,1,['3L91PB1' '3L91PD1' '3L91PB2' '3L91PD2'],96,4
408_0LT001,2290.2334,52.308403,5404.54,['408_0LT001'],216,1,"['P19LGA1' 'P19LGB1' 'P19LGC1' 'P19LGA2' 'P19LGB2' 'P19LGC2' 'P19LGA3'
 'P19LGB3' 'P19LGC3']",216,9
408_1LT001,2203.4717,50.79065,5468.3135,['408_1LT001'],216,1,"['VOLAQA1' 'VOLAQB1' 'VOLAQC1' 'VOLAQA2' 'VOLAQB2' 'VOLAQC2' 'VOLAQA3'
 'VOLAQB3' 'VOLAQC3']",216,9
408_2LT001,897.26166,51.83753,2485.4607,['408_2LT001'],96,1,['91OQPB1' '91OQPD1' '91OQPB2' '91OQPD2'],96,4
408_3LT001,2161.3071,51.970413,5528.668,['408_3LT001'],216,1,"['OG1A9A1' 'OG1A9B1' 'OG1A9D1' 'OG1A9A2' 'OG1A9B2' 'OG1A9D2' 'OG1A9A3'
 'OG1A9B3' 'OG1A9D3']",216,9
408_4LT001,1473.0525,53.716534,3616.1921,['408_4LT001'],144,1,['AGPO3A1' 'AGPO3B1' 'AGPO3A2' 'AGPO3B2' 'AGPO3A3' 'AGPO3B3'],144,6
409_0LT001,438.57397,50.134266,1323.4814,['409_0LT001'],48,1,['9O3L1B1' '9O3L1B2'],48,2
409_1LT001,2221.1416,47.939175,5519.524,['409_1LT001'],216,1,"['PV3AGA1' 'PV3AGB1' 'PV3AGD1' 'PV3AGA2' 'PV3AGB2' 'PV3AGD2' 'PV3AGA3'
 'PV3AGB3' 'PV3AGD3']",216,9
409_2LT001,936.35187,52.63986,2238.0244,['409_2LT001'],96,1,['P1OVGB1' 'P1OVGD1' 'P1OVGB2' 'P1OVGD2'],96,4
409_3LT001,2278.5286,54.482307,5378.79,['409_3LT001'],216,1,"['19OQVA1' '19OQVB1' '19OQVC1' '19OQVA2' '19OQVB2' '19OQVC2' '19OQVA3'
 '19OQVB3' '19OQVC3']",216,9
409_4LT001,1352.1433,49.70001,3467.7913,['409_4LT001'],144,1,['OVP9GA1' 'OVP9GB1' 'OVP9GA2' 'OVP9GB2' 'OVP9GA3' 'OVP9GB3'],144,6
409_5LT001,2227.3157,53.82596,5506.6846,['409_5LT001'],216,1,"['OLGAVA1' 'OLGAVB1' 'OLGAVC1' 'OLGAVA2' 'OLGAVB2' 'OLGAVC2' 'OLGAVA3'
 'OLGAVB3' 'OLGAVC3']",216,9
410_0LT001,2223.823,48.843163,5333.942,['410_0LT001'],216,1,"['3QOLVA1' '3QOLVB1' '3QOLVC1' '3QOLVA2' '3QOLVB2' '3QOLVC2' '3QOLVA3'
 '3QOLVB3' '3QOLVC3']",216,9
410_1LT001,1057.8682,49.151733,2256.8533,['410_1LT001'],96,1,['QAO9GB1' 'QAO9GD1' 'QAO9GB2' 'QAO9GD2'],96,4
410_2LT001,2180.1965,48.56235,5230.415,['410_2LT001'],216,1,"['P931OA1' 'P931OB1' 'P931OD1' 'P931OA2' 'P931OB2' 'P931OD2' 'P931OA3'
 'P931OB3' 'P931OD3']",216,9
411_0LT001,2302.4307,47.963394,5599.1626,['411_0LT001'],216,1,"['39GA1A1' '39GA1B1' '39GA1D1' '39GA1A2' '39GA1B2' '39GA1D2' '39GA1A3'
 '39GA1B3' '39GA1D3']",216,9
411_1LT001,527.5633,46.573833,1077.7476,['411_1LT001'],48,1,['Q1LGVB1' 'Q1LGVB2'],48,2
411_2LT001,514.65216,43.178547,1243.7284,['411_2LT001'],48,1,['LVQ3AB1' 'LVQ3AB2'],48,2
411_3LT001,2288.0896,49.197334,4907.1978,['411_3LT001'],216,1,"['3VL1QA1' '3VL1QB1' '3VL1QC1' '3VL1QA2' '3VL1QB2' '3VL1QC2' '3VL1QA3'
 '3VL1QB3' '3VL1QC3']",216,9
412_0LT001,2093.859,48.68981,5154.41,['412_0LT001'],216,1,"['L9AQPA1' 'L9AQPB1' 'L9AQPD1' 'L9AQPA2' 'L9AQPB2' 'L9AQPD2' 'L9AQPA3'
 'L9AQPB3' 'L9AQPD3']",216,9
412_1LT001,993.39526,50.97453,2308.9565,['412_1LT001'],96,1,['3AP1LB1' '3AP1LD1' '3AP1LB2' '3AP1LD2'],96,4
412_2LT001,519.94037,45.680164,1149.6621,['412_2LT001'],48,1,['1LG9QB1' '1LG9QB2'],48,2
413_0LT001,2455.157,48.052265,5845.027,['413_0LT001'],240,1,"['GV9AQB1' 'GV9AQC1' 'GV9AQB2' 'GV9AQC2' 'GV9AQB3' 'GV9AQC3' 'GV9AQB4'
 'GV9AQC4' 'GV9AQB5' 'GV9AQC5']",240,10
413_1LT001,899.0865,47.688244,2466.107,['413_1LT001'],96,1,['G1LA9B1' 'G1LA9D1' 'G1LA9B2' 'G1LA9D2'],96,4
413_2LT001,2216.256,50.2667,5447.123,['413_2LT001'],216,1,"['1VGOLA1' '1VGOLB1' '1VGOLC1' '1VGOLA2' '1VGOLB2' '1VGOLC2' '1VGOLA3'
 '1VGOLB3' '1VGOLC3']",216,9
413_3LT001,2078.923,47.583504,5061.8657,['413_3LT001'],216,1,"['13OQ9A1' '13OQ9B1' '13OQ9C1' '13OQ9A2' '13OQ9B2' '13OQ9C2' '13OQ9A3'
 '13OQ9B3' '13OQ9C3']",216,9
413_4LT001,930.6452,47.235126,2148.1333,['413_4LT001'],96,1,['9G3OLB1' '9G3OLD1' '9G3OLB2' '9G3OLD2'],96,4
413_5LT001,2240.5125,51.91293,5087.165,['413_5LT001'],216,1,"['PGA9OA1' 'PGA9OB1' 'PGA9OD1' 'PGA9OA2' 'PGA9OB2' 'PGA9OD2' 'PGA9OA3'
 'PGA9OB3' 'PGA9OD3']",216,9
414_0LT001,911.72687,51.83278,2297.3826,['414_0LT001'],96,1,['VOLA3B1' 'VOLA3D1' 'VOLA3B2' 'VOLA3D2'],96,4
414_1LT001,2558.9373,48.282356,6011.2188,['414_1LT001'],240,1,"['GPV3OB1' 'GPV3OC1' 'GPV3OB2' 'GPV3OC2' 'GPV3OB3' 'GPV3OC3' 'GPV3OB4'
 'GPV3OC4' 'GPV3OB5' 'GPV3OC5']",240,10
415_0LT001,2206.4014,47.75286,5338.8335,['415_0LT001'],216,1,"['VLPOAA1' 'VLPOAB1' 'VLPOAC1' 'VLPOAA2' 'VLPOAB2' 'VLPOAC2' 'VLPOAA3'
 'VLPOAB3' 'VLPOAC3']",216,9
415_1LT001,1469.5787,49.160904,3788.8801,['415_1LT001'],144,1,['LAQO1A1' 'LAQO1B1' 'LAQO1A2' 'LAQO1B2' 'LAQO1A3' 'LAQO1B3'],144,6
415_2LT001,1081.9165,45.72292,2427.9534,['415_2LT001'],96,1,['L13AOB1' 'L13AOD1' 'L13AOB2' 'L13AOD2'],96,4
415_3LT001,2381.1511,49.09204,5931.338,['415_3LT001'],240,1,"['QP1V9B1' 'QP1V9D1' 'QP1V9B2' 'QP1V9D2' 'QP1V9B3' 'QP1V9D3' 'QP1V9B4'
 'QP1V9D4' 'QP1V9B5' 'QP1V9D5']",240,10
415_4LT001,2235.2922,46.679478,5709.3276,['415_4LT001'],216,1,"['3VQO1A1' '3VQO1B1' '3VQO1D1' '3VQO1A2' '3VQO1B2' '3VQO1D2' '3VQO1A3'
 '3VQO1B3' '3VQO1D3']",216,9
416_0LT001,1314.0192,49.50795,3501.2449,['416_0LT001'],144,1,['OLP9QA1' 'OLP9QB1' 'OLP9QA2' 'OLP9QB2' 'OLP9QA3' 'OLP9QB3'],144,6
416_1LT001,2119.3867,47.430424,5213.3003,['416_1LT001'],216,1,"['L9Q1VA1' 'L9Q1VB1' 'L9Q1VD1' 'L9Q1VA2' 'L9Q1VB2' 'L9Q1VD2' 'L9Q1VA3'
 'L9Q1VB3' 'L9Q1VD3']",216,9
416_2LT001,1455.1676,50.53383,3628.1448,['416_2LT001'],144,1,['P3V1AA1' 'P3V1AB1' 'P3V1AA2' 'P3V1AB2' 'P3V1AA3' 'P3V1AB3'],144,6
417_0LT001,839.1609,48.70403,2410.6091,['417_0LT001'],96,1,['1V9G3B1' '1V9G3D1' '1V9G3B2' '1V9G3D2'],96,4
417_1LT001,893.1883,52.555283,2436.8828,['417_1LT001'],96,1,['OG3L9B1' 'OG3L9D1' 'OG3L9B2' 'OG3L9D2'],96,4
417_2LT001,921.8565,49.884445,2335.7275,['417_2LT001'],96,1,['GV19AB1' 'GV19AD1' 'GV19AB2' 'GV19AD2'],96,4
418_0LT001,2066.1113,52.4882,5509.065,['418_0LT001'],216,1,"['GAOQ1A1' 'GAOQ1B1' 'GAOQ1C1' 'GAOQ1A2' 'GAOQ1B2' 'GAOQ1C2' 'GAOQ1A3'
 'GAOQ1B3' 'GAOQ1C3']",216,9
418_1LT001,1373.623,50.00618,3519.567,['418_1LT001'],144,1,['1Q3PLA1' '1Q3PLB1' '1Q3PLA2' '1Q3PLB2' '1Q3PLA3' '1Q3PLB3'],144,6
418_2LT001,2157.7617,47.505337,5542.1846,['418_2LT001'],216,1,"['1PA9GA1' '1PA9GB1' '1PA9GC1' '1PA9GA2' '1PA9GB2' '1PA9GC2' '1PA9GA3'
 '1PA9GB3' '1PA9GC3']",216,9
418_3LT001,2242.771,50.800518,5436.8975,['418_3LT001'],216,1,"['1LO3PA1' '1LO3PB1' '1LO3PC1' '1LO3PA2' '1LO3PB2' '1LO3PC2' '1LO3PA3'
 '1LO3PB3' '1LO3PC3']",216,9
419_0LT001,2291.4548,53.231594,5385.752,['419_0LT001'],216,1,"['Q9VLPA1' 'Q9VLPB1' 'Q9VLPD1' 'Q9VLPA2' 'Q9VLPB2' 'Q9VLPD2' 'Q9VLPA3'
 'Q9VLPB3' 'Q9VLPD3']",216,9
419_1LT001,2178.3533,49.740917,5674.1626,['419_1LT001'],216,1,"['9GOLQA1' '9GOLQB1' '9GOLQC1' '9GOLQA2' '9GOLQB2' '9GOLQC2' '9GOLQA3'
 '9GOLQB3' '9GOLQC3']",216,9
420_0LT001,2101.4897,50.00372,4874.496,['420_0LT001'],216,1,"['AO93LA1' 'AO93LB1' 'AO93LD1' 'AO93LA2' 'AO93LB2' 'AO93LD2' 'AO93LA3'
 'AO93LB3' 'AO93LD3']",216,9
420_1LT001,454.63046,49.29421,1326.5326,['420_1LT001'],48,1,['L1V3QB1' 'L1V3QB2'],48,2
420_2LT001,1463.7863,48.248024,3472.3486,['420_2LT001'],144,1,['9VOG3A1' '9VOG3B1' '9VOG3A2' '9VOG3B2' '9VOG3A3' '9VOG3B3'],144,6
420_3LT001,2052.6248,49.68792,5183.8335,['420_3LT001'],216,1,"['13OLAA1' '13OLAB1' '13OLAD1' '13OLAA2' '13OLAB2' '13OLAD2' '13OLAA3'
 '13OLAB3' '13OLAD3']",216,9
421_0LT001,1222.0454,51.034214,2920.2607,['421_0LT001'],120,1,['PGQ31B1' 'PGQ31B2' 'PGQ31B3' 'PGQ31B4' 'PGQ31B5'],120,5
421_1LT001,2217.8037,48.69957,5385.9443,['421_1LT001'],216,1,"['LV39GA1' 'LV39GB1' 'LV39GD1' 'LV39GA2' 'LV39GB2' 'LV39GD2' 'LV39GA3'
 'LV39GB3' 'LV39GD3']",216,9
422_0LT001,946.90985,48.600033,2426.1292,['422_0LT001'],96,1,['O3ALVB1' 'O3ALVD1' 'O3ALVB2' 'O3ALVD2'],96,4
422_1LT001,2162.4226,51.73401,4980.062,['422_1LT001'],216,1,"['1OVAQA1' '1OVAQB1' '1OVAQD1' '1OVAQA2' '1OVAQB2' '1OVAQD2' '1OVAQA3'
 '1OVAQB3' '1OVAQD3']",216,9
422_2LT001,914.94104,55.377773,2321.9248,['422_2LT001'],96,1,['39Q1AB1' '39Q1AD1' '39Q1AB2' '39Q1AD2'],96,4
423_0LT001,2360.8608,50.515324,5914.1553,['423_0LT001'],240,1,"['1A9PLB1' '1A9PLD1' '1A9PLB2' '1A9PLD2' '1A9PLB3' '1A9PLD3' '1A9PLB4'
 '1A9PLD4' '1A9PLB5' '1A9PLD5']",240,10
423_1LT001,2061.2158,52.285515,5359.4805,['423_1LT001'],216,1,"['Q1GOPA1' 'Q1GOPB1' 'Q1GOPC1' 'Q1GOPA2' 'Q1GOPB2' 'Q1GOPC2' 'Q1GOPA3'
 'Q1GOPB3' 'Q1GOPC3']",216,9
423_2LT001,2133.562,52.39571,5256.195,['423_2LT001'],216,1,"['L19PQA1' 'L19PQB1' 'L19PQC1' 'L19PQA2' 'L19PQB2' 'L19PQC2' 'L19PQA3'
 'L19PQB3' 'L19PQC3']",216,9
424_0LT001,1083.7795,49.819874,2329.548,['424_0LT001'],96,1,['VP3AGB1' 'VP3AGD1' 'VP3AGB2' 'VP3AGD2'],96,4
424_1LT001,2321.0857,49.437668,5450.0312,['424_1LT001'],216,1,"['QO1AGA1' 'QO1AGB1' 'QO1AGD1' 'QO1AGA2' 'QO1AGB2' 'QO1AGD2' 'QO1AGA3'
 'QO1AGB3' 'QO1AGD3']",216,9
424_2LT001,2303.6006,47.520996,5474.234,['424_2LT001'],216,1,"['3QAGVA1' '3QAGVB1' '3QAGVD1' '3QAGVA2' '3QAGVB2' '3QAGVD2' '3QAGVA3'
 '3QAGVB3' '3QAGVD3']",216,9
424_3LT001,1511.9811,46.79176,3785.2485,['424_3LT001'],144,1,['3V1GLA1' '3V1GLB1' '3V1GLA2' '3V1GLB2' '3V1GLA3' '3V1GLB3'],144,6
425_0LT001,1377.2577,51.93003,3632.4106,['425_0LT001'],144,1,['Q9A13A1' 'Q9A13B1' 'Q9A13A2' 'Q9A13B2' 'Q9A13A3' 'Q9A13B3'],144,6
425_1LT001,2204.425,48.29307,5459.2407,['425_1LT001'],216,1,"['VG3A9A1' 'VG3A9B1' 'VG3A9C1' 'VG3A9A2' 'VG3A9B2' 'VG3A9C2' 'VG3A9A3'
 'VG3A9B3' 'VG3A9C3']",216,9
426_0LT001,960.1324,50.868683,2512.387,['426_0LT001'],96,1,['VQPL3B1' 'VQPL3D1' 'VQPL3B2' 'VQPL3D2'],96,4
426_1LT001,1025.281,43.461246,2172.0881,['426_1LT001'],96,1,['93VLOB1' '93VLOD1' '93VLOB2' '93VLOD2'],96,4
427_0LT001,457.73724,47.397953,1181.2115,['427_0LT001'],48,1,['VQPLGB1' 'VQPLGB2'],48,2
427_1LT001,897.72614,51.749634,2345.0066,['427_1LT001'],96,1,['A3OQPB1' 'A3OQPD1' 'A3OQPB2' 'A3OQPD2'],96,4
428_0LT001,2235.0486,53.19502,5622.9697,['428_0LT001'],216,1,"['OLQ13A1' 'OLQ13B1' 'OLQ13D1' 'OLQ13A2' 'OLQ13B2' 'OLQ13D2' 'OLQ13A3'
 'OLQ13B3' 'OLQ13D3']",216,9
428_1LT001,1399.7953,48.844273,3514.2822,['428_1LT001'],144,1,['9O1GPA1' '9O1GPB1' '9O1GPA2' '9O1GPB2' '9O1GPA3' '9O1GPB3'],144,6
428_2LT001,2146.6072,49.59979,5453.432,['428_2LT001'],216,1,"['9GO3QA1' '9GO3QB1' '9GO3QD1' '9GO3QA2' '9GO3QB2' '9GO3QD2' '9GO3QA3'
 '9GO3QB3' '9GO3QD3']",216,9
428_3LT001,467.02066,45.5799,1123.2583,['428_3LT001'],48,1,['VGOA3B1' 'VGOA3B2'],48,2
428_4LT001,2218.3213,52.184834,5888.8037,['428_4LT001'],216,1,"['L19AVA1' 'L19AVB1' 'L19AVC1' 'L19AVA2' 'L19AVB2' 'L19AVC2' 'L19AVA3'
 'L19AVB3' 'L19AVC3']",216,9
428_5LT001,2302.356,48.864536,6182.7944,['428_5LT001'],240,1,"['9GO1PB1' '9GO1PC1' '9GO1PB2' '9GO1PC2' '9GO1PB3' '9GO1PC3' '9GO1PB4'
 '9GO1PC4' '9GO1PB5' '9GO1PC5']",240,10
428_6LT001,2309.5625,48.60612,5388.8223,['428_6LT001'],216,1,"['193GQA1' '193GQB1' '193GQC1' '193GQA2' '193GQB2' '193GQC2' '193GQA3'
 '193GQB3' '193GQC3']",216,9
429_0LT001,2021.817,52.31044,4997.9766,['429_0LT001'],216,1,"['A1G3VA1' 'A1G3VB1' 'A1G3VC1' 'A1G3VA2' 'A1G3VB2' 'A1G3VC2' 'A1G3VA3'
 'A1G3VB3' 'A1G3VC3']",216,9
429_1LT001,505.58377,55.09848,1106.9178,['429_1LT001'],48,1,['QVOLGB1' 'QVOLGB2'],48,2
429_2LT001,2097.6384,49.287624,5415.0757,['429_2LT001'],216,1,"['LP9G3A1' 'LP9G3B1' 'LP9G3C1' 'LP9G3A2' 'LP9G3B2' 'LP9G3C2' 'LP9G3A3'
 'LP9G3B3' 'LP9G3C3']",216,9
429_3LT001,2112.0605,48.987568,5327.895,['429_3LT001'],216,1,"['GO931A1' 'GO931B1' 'GO931D1' 'GO931A2' 'GO931B2' 'GO931D2' 'GO931A3'
 'GO931B3' 'GO931D3']",216,9
429_4LT001,2221.399,52.910664,5617.2954,['429_4LT001'],216,1,"['PVLQOA1' 'PVLQOB1' 'PVLQOD1' 'PVLQOA2' 'PVLQOB2' 'PVLQOD2' 'PVLQOA3'
 'PVLQOB3' 'PVLQOD3']",216,9
430_0LT001,2152.2432,45.489597,5784.0366,['430_0LT001'],216,1,"['O1GLVA1' 'O1GLVB1' 'O1GLVD1' 'O1GLVA2' 'O1GLVB2' 'O1GLVD2' 'O1GLVA3'
 'O1GLVB3' 'O1GLVD3']",216,9
430_1LT001,2369.1638,52.872093,6174.491,['430_1LT001'],240,1,"['AVG1QB1' 'AVG1QC1' 'AVG1QB2' 'AVG1QC2' 'AVG1QB3' 'AVG1QC3' 'AVG1QB4'
 'AVG1QC4' 'AVG1QB5' 'AVG1QC5']",240,10
430_2LT001,510.31656,45.289387,1071.7563,['430_2LT001'],48,1,['1QG3OB1' '1QG3OB2'],48,2
430_3LT001,882.1717,51.66092,2623.0872,['430_3LT001'],96,1,['P19ALB1' 'P19ALD1' 'P19ALB2' 'P19ALD2'],96,4
430_4LT001,2204.1401,51.029144,5317.187,['430_4LT001'],216,1,"['O9GLQA1' 'O9GLQB1' 'O9GLQD1' 'O9GLQA2' 'O9GLQB2' 'O9GLQD2' 'O9GLQA3'
 'O9GLQB3' 'O9GLQD3']",216,9
430_5LT001,991.6053,50.08806,2584.1516,['430_5LT001'],96,1,['V9GLQB1' 'V9GLQD1' 'V9GLQB2' 'V9GLQD2'],96,4
430_6LT001,2195.925,49.475967,5848.5044,['430_6LT001'],216,1,"['93GLVA1' '93GLVB1' '93GLVD1' '93GLVA2' '93GLVB2' '93GLVD2' '93GLVA3'
 '93GLVB3' '93GLVD3']",216,9
431_0LT001,2081.6174,51.17219,5485.1206,['431_0LT001'],216,1,"['VAL19A1' 'VAL19B1' 'VAL19D1' 'VAL19A2' 'VAL19B2' 'VAL19D2' 'VAL19A3'
 'VAL19B3' 'VAL19D3']",216,9
431_1LT001,2180.725,50.688156,5593.19,['431_1LT001'],216,1,"['AQLO9A1' 'AQLO9B1' 'AQLO9C1' 'AQLO9A2' 'AQLO9B2' 'AQLO9C2' 'AQLO9A3'
 'AQLO9B3' 'AQLO9C3']",216,9
432_0LT001,1505.3993,50.33075,3323.4578,['432_0LT001'],144,1,['APV1OA1' 'APV1OB1' 'APV1OA2' 'APV1OB2' 'APV1OA3' 'APV1OB3'],144,6
432_1LT001,478.06195,53.03166,1447.9178,['432_1LT001'],48,1,['QOAG9B1' 'QOAG9B2'],48,2
432_2LT001,1541.4215,50.078705,3674.0107,['432_2LT001'],144,1,['AGO13A1' 'AGO13B1' 'AGO13A2' 'AGO13B2' 'AGO13A3' 'AGO13B3'],144,6
432_3LT001,2117.39,54.33452,5338.396,['432_3LT001'],216,1,"['LPVOQA1' 'LPVOQB1' 'LPVOQC1' 'LPVOQA2' 'LPVOQB2' 'LPVOQC2' 'LPVOQA3'
 'LPVOQB3' 'LPVOQC3']",216,9
432_4LT001,445.26538,55.012302,1081.8854,['432_4LT001'],48,1,['9P3OLB1' '9P3OLB2'],48,2
432_5LT001,2322.672,48.196087,6036.851,['432_5LT001'],240,1,"['1LGQVB1' '1LGQVC1' '1LGQVB2' '1LGQVC2' '1LGQVB3' '1LGQVC3' '1LGQVB4'
 '1LGQVC4' '1LGQVB5' '1LGQVC5']",240,10
433_0LT001,2171.3015,51.662163,5164.52,['433_0LT001'],216,1,"['VLPA3A1' 'VLPA3B1' 'VLPA3D1' 'VLPA3A2' 'VLPA3B2' 'VLPA3D2' 'VLPA3A3'
 'VLPA3B3' 'VLPA3D3']",216,9
433_1LT001,2181.999,51.017628,5565.765,['433_1LT001'],216,1,"['QPVOAA1' 'QPVOAB1' 'QPVOAC1' 'QPVOAA2' 'QPVOAB2' 'QPVOAC2' 'QPVOAA3'
 'QPVOAB3' 'QPVOAC3']",216,9
434_0LT001,1170.4059,48.7557,3049.3533,['434_0LT001'],120,1,['1LPO3B1' '1LPO3B2' '1LPO3B3' '1LPO3B4' '1LPO3B5'],120,5
434_1LT001,2231.9805,48.897488,5356.628,['434_1LT001'],216,1,"['PA3QOA1' 'PA3QOB1' 'PA3QOD1' 'PA3QOA2' 'PA3QOB2' 'PA3QOD2' 'PA3QOA3'
 'PA3QOB3' 'PA3QOD3']",216,9
434_2LT001,1459.2509,52.11039,3474.6284,['434_2LT001'],144,1,['VGQ19A1' 'VGQ19B1' 'VGQ19A2' 'VGQ19B2' 'VGQ19A3' 'VGQ19B3'],144,6
434_3LT001,1008.8981,57.539967,2314.2827,['434_3LT001'],96,1,['QV91PB1' 'QV91PD1' 'QV91PB2' 'QV91PD2'],96,4
435_0LT001,512.9382,52.820232,1175.6925,['435_0LT001'],48,1,['P1O9VB1' 'P1O9VB2'],48,2
435_1LT001,2233.511,49.33604,5155.0425,['435_1LT001'],216,1,"['3A9LOA1' '3A9LOB1' '3A9LOC1' '3A9LOA2' '3A9LOB2' '3A9LOC2' '3A9LOA3'
 '3A9LOB3' '3A9LOC3']",216,9
436_0LT001,442.98557,46.46808,1218.2826,['436_0LT001'],48,1,['PGAO3B1' 'PGAO3B2'],48,2
436_1LT001,2144.2407,48.752277,5406.0347,['436_1LT001'],216,1,"['319VLA1' '319VLB1' '319VLD1' '319VLA2' '319VLB2' '319VLD2' '319VLA3'
 '319VLB3' '319VLD3']",216,9
437_0LT001,2577.3691,51.042038,6026.851,['437_0LT001'],240,1,"['AGQ13B1' 'AGQ13D1' 'AGQ13B2' 'AGQ13D2' 'AGQ13B3' 'AGQ13D3' 'AGQ13B4'
 'AGQ13D4' 'AGQ13B5' 'AGQ13D5']",240,10
437_1LT001,2118.805,47.12476,5323.0654,['437_1LT001'],216,1,"['G19LVA1' 'G19LVB1' 'G19LVC1' 'G19LVA2' 'G19LVB2' 'G19LVC2' 'G19LVA3'
 'G19LVB3' 'G19LVC3']",216,9
437_2LT001,1420.7898,46.90711,3432.3293,['437_2LT001'],144,1,['3ALGQA1' '3ALGQB1' '3ALGQA2' '3ALGQB2' '3ALGQA3' '3ALGQB3'],144,6
438_0LT001,1055.8807,50.10322,2617.4092,['438_0LT001'],96,1,['LOV1PB1' 'LOV1PD1' 'LOV1PB2' 'LOV1PD2'],96,4
438_1LT001,2108.2312,48.431633,5449.327,['438_1LT001'],216,1,"['QPLA3A1' 'QPLA3B1' 'QPLA3D1' 'QPLA3A2' 'QPLA3B2' 'QPLA3D2' 'QPLA3A3'
 'QPLA3B3' 'QPLA3D3']",216,9
439_0LT001,2278.2634,46.69889,5982.081,['439_0LT001'],240,1,"['VGLA3B1' 'VGLA3D1' 'VGLA3B2' 'VGLA3D2' 'VGLA3B3' 'VGLA3D3' 'VGLA3B4'
 'VGLA3D4' 'VGLA3B5' 'VGLA3D5']",240,10
439_1LT001,484.0589,43.44463,1079.6558,['439_1LT001'],48,1,['QGPAVB1' 'QGPAVB2'],48,2
439_2LT001,1472.2456,48.035152,3391.7676,['439_2LT001'],144,1,['3AGV1A1' '3AGV1B1' '3AGV1A2' '3AGV1B2' '3AGV1A3' '3AGV1B3'],144,6
440_0LT001,473.90286,49.33357,1297.6711,['440_0LT001'],48,1,['OVLAPB1' 'OVLAPB2'],48,2
440_1LT001,2312.7598,47.893948,6022.0596,['440_1LT001'],240,1,"['3OQLVB1' '3OQLVD1' '3OQLVB2' '3OQLVD2' '3OQLVB3' '3OQLVD3' '3OQLVB4'
 '3OQLVD4' '3OQLVB5' '3OQLVD5']",240,10
441_0LT001,2191.0957,51.20679,5482.4556,['441_0LT001'],216,1,"['19ALVA1' '19ALVB1' '19ALVC1' '19ALVA2' '19ALVB2' '19ALVC2' '19ALVA3'
 '19ALVB3' '19ALVC3']",216,9
441_1LT001,478.7203,45.549572,1114.4152,['441_1LT001'],48,1,['QPV31B1' 'QPV31B2'],48,2
441_2LT001,1989.0812,49.496567,5596.6367,['441_2LT001'],216,1,"['VA9PLA1' 'VA9PLB1' 'VA9PLD1' 'VA9PLA2' 'VA9PLB2' 'VA9PLD2' 'VA9PLA3'
 'VA9PLB3' 'VA9PLD3']",216,9
441_3LT001,2164.5144,46.496845,5045.9473,['441_3LT001'],216,1,"['VA1G9A1' 'VA1G9B1' 'VA1G9C1' 'VA1G9A2' 'VA1G9B2' 'VA1G9C2' 'VA1G9A3'
 'VA1G9B3' 'VA1G9C3']",216,9
441_4LT001,1352.0599,51.52324,3810.1133,['441_4LT001'],144,1,['L3PVOA1' 'L3PVOB1' 'L3PVOA2' 'L3PVOB2' 'L3PVOA3' 'L3PVOB3'],144,6
442_0LT001,2220.7944,49.361744,5243.5103,['442_0LT001'],216,1,"['13LVPA1' '13LVPB1' '13LVPD1' '13LVPA2' '13LVPB2' '13LVPD2' '13LVPA3'
 '13LVPB3' '13LVPD3']",216,9
442_1LT001,2290.9404,48.58116,5348.915,['442_1LT001'],216,1,"['VOG3PA1' 'VOG3PB1' 'VOG3PC1' 'VOG3PA2' 'VOG3PB2' 'VOG3PC2' 'VOG3PA3'
 'VOG3PB3' 'VOG3PC3']",216,9
443_0LT001,1502.7952,47.963123,3417.6885,['443_0LT001'],144,1,['1QPVLA1' '1QPVLB1' '1QPVLA2' '1QPVLB2' '1QPVLA3' '1QPVLB3'],144,6
443_1LT001,2221.5159,51.508724,5764.035,['443_1LT001'],216,1,"['APGLVA1' 'APGLVB1' 'APGLVC1' 'APGLVA2' 'APGLVB2' 'APGLVC2' 'APGLVA3'
 'APGLVB3' 'APGLVC3']",216,9
443_2LT001,2182.8865,48.589287,5152.659,['443_2LT001'],216,1,"['1P9LOA1' '1P9LOB1' '1P9LOD1' '1P9LOA2' '1P9LOB2' '1P9LOD2' '1P9LOA3'
 '1P9LOB3' '1P9LOD3']",216,9
444_0LT001,405.47806,52.875225,1188.2263,['444_0LT001'],48,1,['1V9LOB1' '1V9LOB2'],48,2
444_1LT001,2118.15,50.347675,5483.842,['444_1LT001'],216,1,"['G1QVOA1' 'G1QVOB1' 'G1QVOD1' 'G1QVOA2' 'G1QVOB2' 'G1QVOD2' 'G1QVOA3'
 'G1QVOB3' 'G1QVOD3']",216,9
445_0LT001,563.2738,54.217724,1119.636,['445_0LT001'],48,1,['AL1G9B1' 'AL1G9B2'],48,2
445_1LT001,419.3386,46.692852,1166.6307,['445_1LT001'],48,1,['VQA9LB1' 'VQA9LB2'],48,2
446_0LT001,1408.8553,48.736553,3666.3413,['446_0LT001'],144,1,['OGP3VA1' 'OGP3VB1' 'OGP3VA2' 'OGP3VB2' 'OGP3VA3' 'OGP3VB3'],144,6
446_1LT001,2348.6748,50.80175,5322.537,['446_1LT001'],216,1,"['V3Q1AA1' 'V3Q1AB1' 'V3Q1AD1' 'V3Q1AA2' 'V3Q1AB2' 'V3Q1AD2' 'V3Q1AA3'
 'V3Q1AB3' 'V3Q1AD3']",216,9
447_0LT001,2152.404,54.806973,5222.0513,['447_0LT001'],216,1,"['OAGP9A1' 'OAGP9B1' 'OAGP9C1' 'OAGP9A2' 'OAGP9B2' 'OAGP9C2' 'OAGP9A3'
 'OAGP9B3' 'OAGP9C3']",216,9
447_1LT001,976.0496,47.104626,2171.512,['447_1LT001'],96,1,['Q3VLGB1' 'Q3VLGD1' 'Q3VLGB2' 'Q3VLGD2'],96,4
447_2LT001,2201.6887,49.064777,5615.076,['447_2LT001'],216,1,"['LVPOAA1' 'LVPOAB1' 'LVPOAD1' 'LVPOAA2' 'LVPOAB2' 'LVPOAD2' 'LVPOAA3'
 'LVPOAB3' 'LVPOAD3']",216,9
448_0LT001,534.5654,46.89761,1395.3763,['448_0LT001'],48,1,['AP391B1' 'AP391B2'],48,2
448_1LT001,2109.495,52.247234,5226.797,['448_1LT001'],216,1,"['OVLG3A1' 'OVLG3B1' 'OVLG3D1' 'OVLG3A2' 'OVLG3B2' 'OVLG3D2' 'OVLG3A3'
 'OVLG3B3' 'OVLG3D3']",216,9
448_2LT001,2263.3484,47.112373,5377.3306,['448_2LT001'],216,1,"['1GLVPA1' '1GLVPB1' '1GLVPC1' '1GLVPA2' '1GLVPB2' '1GLVPC2' '1GLVPA3'
 '1GLVPB3' '1GLVPC3']",216,9
449_0LT001,2117.1936,48.058243,5325.0044,['449_0LT001'],216,1,"['QPLVAA1' 'QPLVAB1' 'QPLVAC1' 'QPLVAA2' 'QPLVAB2' 'QPLVAC2' 'QPLVAA3'
 'QPLVAB3' 'QPLVAC3']",216,9
449_1LT001,2090.3638,47.679024,5435.839,['449_1LT001'],216,1,"['PLOQ1A1' 'PLOQ1B1' 'PLOQ1D1' 'PLOQ1A2' 'PLOQ1B2' 'PLOQ1D2' 'PLOQ1A3'
 'PLOQ1B3' 'PLOQ1D3']",216,9
449_2LT001,2115.3286,47.374508,5319.9287,['449_2LT001'],216,1,"['39QOLA1' '39QOLB1' '39QOLC1' '39QOLA2' '39QOLB2' '39QOLC2' '39QOLA3'
 '39QOLB3' '39QOLC3']",216,9
449_3LT001,992.3662,55.123947,2447.6775,['449_3LT001'],96,1,['VPGLAB1' 'VPGLAD1' 'VPGLAB2' 'VPGLAD2'],96,4
450_0LT001,2130.7302,49.66196,5529.376,['450_0LT001'],216,1,"['VLGQOA1' 'VLGQOB1' 'VLGQOD1' 'VLGQOA2' 'VLGQOB2' 'VLGQOD2' 'VLGQOA3'
 'VLGQOB3' 'VLGQOD3']",216,9
450_1LT001,1996.9625,50.300373,5249.2695,['450_1LT001'],216,1,"['LAV3GA1' 'LAV3GB1' 'LAV3GC1' 'LAV3GA2' 'LAV3GB2' 'LAV3GC2' 'LAV3GA3'
 'LAV3GB3' 'LAV3GC3']",216,9
450_2LT001,1399.4305,48.532852,3730.7751,['450_2LT001'],144,1,['LQOAVA1' 'LQOAVB1' 'LQOAVA2' 'LQOAVB2' 'LQOAVA3' 'LQOAVB3'],144,6
450_3LT001,2197.832,51.261826,5428.274,['450_3LT001'],216,1,"['L31OPA1' 'L31OPB1' 'L31OPD1' 'L31OPA2' 'L31OPB2' 'L31OPD2' 'L31OPA3'
 'L31OPB3' 'L31OPD3']",216,9
451_0LT001,1515.998,47.428055,3486.6958,['451_0LT001'],144,1,['AOVG9A1' 'AOVG9B1' 'AOVG9A2' 'AOVG9B2' 'AOVG9A3' 'AOVG9B3'],144,6
451_1LT001,2257.7705,49.091827,5328.6064,['451_1LT001'],216,1,"['9OPAGA1' '9OPAGB1' '9OPAGD1' '9OPAGA2' '9OPAGB2' '9OPAGD2' '9OPAGA3'
 '9OPAGB3' '9OPAGD3']",216,9
451_2LT001,514.1972,47.491047,1210.8784,['451_2LT001'],48,1,['3G91OB1' '3G91OB2'],48,2
452_0LT001,2246.2317,48.171646,5373.1665,['452_0LT001'],216,1,"['AVG3OA1' 'AVG3OB1' 'AVG3OC1' 'AVG3OA2' 'AVG3OB2' 'AVG3OC2' 'AVG3OA3'
 'AVG3OB3' 'AVG3OC3']",216,9
452_1LT001,2193.1145,49.223087,5283.0728,['452_1LT001'],216,1,"['LGAQVA1' 'LGAQVB1' 'LGAQVD1' 'LGAQVA2' 'LGAQVB2' 'LGAQVD2' 'LGAQVA3'
 'LGAQVB3' 'LGAQVD3']",216,9
452_2LT001,2259.2778,51.37378,5449.339,['452_2LT001'],216,1,"['Q3VOGA1' 'Q3VOGB1' 'Q3VOGD1' 'Q3VOGA2' 'Q3VOGB2' 'Q3VOGD2' 'Q3VOGA3'
 'Q3VOGB3' 'Q3VOGD3']",216,9
452_3LT001,2288.9473,48.889744,4930.964,['452_3LT001'],216,1,"['L1GOQA1' 'L1GOQB1' 'L1GOQC1' 'L1GOQA2' 'L1GOQB2' 'L1GOQC2' 'L1GOQA3'
 'L1GOQB3' 'L1GOQC3']",216,9
452_4LT001,2122.357,54.575634,5451.8994,['452_4LT001'],216,1,"['9GAVQA1' '9GAVQB1' '9GAVQC1' '9GAVQA2' '9GAVQB2' '9GAVQC2' '9GAVQA3'
 '9GAVQB3' '9GAVQC3']",216,9
452_5LT001,1443.7826,52.700687,3891.6243,['452_5LT001'],144,1,['PAVLOA1' 'PAVLOB1' 'PAVLOA2' 'PAVLOB2' 'PAVLOA3' 'PAVLOB3'],144,6
453_0LT001,2210.181,47.580933,5254.055,['453_0LT001'],216,1,"['LG13VA1' 'LG13VB1' 'LG13VD1' 'LG13VA2' 'LG13VB2' 'LG13VD2' 'LG13VA3'
 'LG13VB3' 'LG13VD3']",216,9
453_1LT001,539.9884,47.304398,1182.4688,['453_1LT001'],48,1,['9L1VPB1' '9L1VPB2'],48,2
453_2LT001,455.83875,44.98569,1300.6282,['453_2LT001'],48,1,['V1O39B1' 'V1O39B2'],48,2
453_3LT001,2133.2366,51.495678,5291.648,['453_3LT001'],216,1,"['3VLG1A1' '3VLG1B1' '3VLG1C1' '3VLG1A2' '3VLG1B2' '3VLG1C2' '3VLG1A3'
 '3VLG1B3' '3VLG1C3']",216,9
454_0LT001,2262.1458,51.551334,5714.805,['454_0LT001'],216,1,"['LOG39A1' 'LOG39B1' 'LOG39D1' 'LOG39A2' 'LOG39B2' 'LOG39D2' 'LOG39A3'
 'LOG39B3' 'LOG39D3']",216,9
454_1LT001,1022.7434,55.84051,2374.106,['454_1LT001'],96,1,['QVPLAB1' 'QVPLAD1' 'QVPLAB2' 'QVPLAD2'],96,4
455_0LT001,2226.1665,49.876194,5207.7295,['455_0LT001'],216,1,"['QAO13A1' 'QAO13B1' 'QAO13D1' 'QAO13A2' 'QAO13B2' 'QAO13D2' 'QAO13A3'
 'QAO13B3' 'QAO13D3']",216,9
455_1LT001,2357.962,50.391235,5370.3545,['455_1LT001'],216,1,"['G9L3QA1' 'G9L3QB1' 'G9L3QD1' 'G9L3QA2' 'G9L3QB2' 'G9L3QD2' 'G9L3QA3'
 'G9L3QB3' 'G9L3QD3']",216,9
456_0LT001,2055.7922,51.377438,5489.643,['456_0LT001'],216,1,"['V931GA1' 'V931GB1' 'V931GC1' 'V931GA2' 'V931GB2' 'V931GC2' 'V931GA3'
 'V931GB3' 'V931GC3']",216,9
456_1LT001,1000.2877,54.259262,2375.1475,['456_1LT001'],96,1,['9GPL1B1' '9GPL1D1' '9GPL1B2' '9GPL1D2'],96,4
456_2LT001,2122.0374,54.313065,5265.9062,['456_2LT001'],216,1,"['9VA3OA1' '9VA3OB1' '9VA3OD1' '9VA3OA2' '9VA3OB2' '9VA3OD2' '9VA3OA3'
 '9VA3OB3' '9VA3OD3']",216,9
456_3LT001,952.93036,49.935795,2579.6628,['456_3LT001'],96,1,['3PVAQB1' '3PVAQD1' '3PVAQB2' '3PVAQD2'],96,4
457_0LT001,2196.6018,49.195774,5301.3364,['457_0LT001'],216,1,"['1GVOPA1' '1GVOPB1' '1GVOPC1' '1GVOPA2' '1GVOPB2' '1GVOPC2' '1GVOPA3'
 '1GVOPB3' '1GVOPC3']",216,9
457_1LT001,523.3927,50.320904,1105.4585,['457_1LT001'],48,1,['L1AOGB1' 'L1AOGB2'],48,2
458_0LT001,2104.0303,51.413506,5263.7637,['458_0LT001'],216,1,"['P3QVAA1' 'P3QVAB1' 'P3QVAD1' 'P3QVAA2' 'P3QVAB2' 'P3QVAD2' 'P3QVAA3'
 'P3QVAB3' 'P3QVAD3']",216,9
458_1LT001,2140.1025,52.079475,5090.7393,['458_1LT001'],216,1,"['LAQ3OA1' 'LAQ3OB1' 'LAQ3OD1' 'LAQ3OA2' 'LAQ3OB2' 'LAQ3OD2' 'LAQ3OA3'
 'LAQ3OB3' 'LAQ3OD3']",216,9
458_2LT001,2377.0317,49.88032,5093.673,['458_2LT001'],216,1,"['9AG3PA1' '9AG3PB1' '9AG3PD1' '9AG3PA2' '9AG3PB2' '9AG3PD2' '9AG3PA3'
 '9AG3PB3' '9AG3PD3']",216,9
459_0LT001,873.0605,50.63521,2392.9258,['459_0LT001'],96,1,['9QPOAB1' '9QPOAD1' '9QPOAB2' '9QPOAD2'],96,4
459_1LT001,2239.243,51.59355,5580.874,['459_1LT001'],216,1,"['VAQPLA1' 'VAQPLB1' 'VAQPLC1' 'VAQPLA2' 'VAQPLB2' 'VAQPLC2' 'VAQPLA3'
 'VAQPLB3' 'VAQPLC3']",216,9
460_0LT001,2222.7312,48.219353,5496.3228,['460_0LT001'],216,1,"['L9QO1A1' 'L9QO1B1' 'L9QO1D1' 'L9QO1A2' 'L9QO1B2' 'L9QO1D2' 'L9QO1A3'
 'L9QO1B3' 'L9QO1D3']",216,9
460_1LT001,514.7393,41.243603,1324.6115,['460_1LT001'],48,1,['Q9PV3B1' 'Q9PV3B2'],48,2
460_2LT001,480.00763,45.01711,1406.3652,['460_2LT001'],48,1,['1LO3QB1' '1LO3QB2'],48,2
460_3LT001,1381.6339,48.77162,3662.1182,['460_3LT001'],144,1,['L1OAGA1' 'L1OAGB1' 'L1OAGA2' 'L1OAGB2' 'L1OAGA3' 'L1OAGB3'],144,6
461_0LT001,995.1443,49.28587,2508.613,['461_0LT001'],96,1,['AO3QPB1' 'AO3QPD1' 'AO3QPB2' 'AO3QPD2'],96,4
461_1LT001,886.0819,49.6658,2456.6807,['461_1LT001'],96,1,['PG19OB1' 'PG19OD1' 'PG19OB2' 'PG19OD2'],96,4
461_2LT001,2271.2144,50.659206,5410.68,['461_2LT001'],216,1,"['OGQAVA1' 'OGQAVB1' 'OGQAVC1' 'OGQAVA2' 'OGQAVB2' 'OGQAVC2' 'OGQAVA3'
 'OGQAVB3' 'OGQAVC3']",216,9
461_3LT001,550.5875,52.974575,1285.4724,['461_3LT001'],48,1,['93VQLB1' '93VQLB2'],48,2
462_0LT001,482.35086,46.15825,1259.893,['462_0LT001'],48,1,['GQAOPB1' 'GQAOPB2'],48,2
462_1LT001,2176.3015,49.271465,5132.2114,['462_1LT001'],216,1,"['9OGVAA1' '9OGVAB1' '9OGVAC1' '9OGVAA2' '9OGVAB2' '9OGVAC2' '9OGVAA3'
 '9OGVAB3' '9OGVAC3']",216,9
463_0LT001,2181.9802,48.575832,5174.87,['463_0LT001'],216,1,"['APVO3A1' 'APVO3B1' 'APVO3D1' 'APVO3A2' 'APVO3B2' 'APVO3D2' 'APVO3A3'
 'APVO3B3' 'APVO3D3']",216,9
463_1LT001,446.36865,47.99805,1214.6982,['463_1LT001'],48,1,['LQ3A1B1' 'LQ3A1B2'],48,2
463_2LT001,2156.6108,48.723232,5337.6904,['463_2LT001'],216,1,"['P1A3VA1' 'P1A3VB1' 'P1A3VD1' 'P1A3VA2' 'P1A3VB2' 'P1A3VD2' 'P1A3VA3'
 'P1A3VB3' 'P1A3VD3']",216,9
464_0LT001,1021.84033,50.32918,2364.6794,['464_0LT001'],96,1,['ALOPVB1' 'ALOPVD1' 'ALOPVB2' 'ALOPVD2'],96,4
464_1LT001,2045.0095,51.243076,5544.119,['464_1LT001'],216,1,"['VQG39A1' 'VQG39B1' 'VQG39C1' 'VQG39A2' 'VQG39B2' 'VQG39C2' 'VQG39A3'
 'VQG39B3' 'VQG39C3']",216,9
465_0LT001,2118.5862,52.61304,5216.8003,['465_0LT001'],216,1,"['OQVP9A1' 'OQVP9B1' 'OQVP9D1' 'OQVP9A2' 'OQVP9B2' 'OQVP9D2' 'OQVP9A3'
 'OQVP9B3' 'OQVP9D3']",216,9
465_1LT001,2178.6345,50.073055,5533.1426,['465_1LT001'],216,1,"['AGP9OA1' 'AGP9OB1' 'AGP9OD1' 'AGP9OA2' 'AGP9OB2' 'AGP9OD2' 'AGP9OA3'
 'AGP9OB3' 'AGP9OD3']",216,9
465_2LT001,984.86914,52.051365,2630.553,['465_2LT001'],96,1,['QLGAPB1' 'QLGAPD1' 'QLGAPB2' 'QLGAPD2'],96,4
466_0LT001,2091.8364,52.591007,5332.3965,['466_0LT001'],216,1,"['PVOQ3A1' 'PVOQ3B1' 'PVOQ3C1' 'PVOQ3A2' 'PVOQ3B2' 'PVOQ3C2' 'PVOQ3A3'
 'PVOQ3B3' 'PVOQ3C3']",216,9
466_1LT001,1476.1617,49.721653,3343.8457,['466_1LT001'],144,1,['AG9QLA1' 'AG9QLB1' 'AG9QLA2' 'AG9QLB2' 'AG9QLA3' 'AG9QLB3'],144,6
466_2LT001,2223.3894,49.02129,5336.671,['466_2LT001'],216,1,"['9O3Q1A1' '9O3Q1B1' '9O3Q1D1' '9O3Q1A2' '9O3Q1B2' '9O3Q1D2' '9O3Q1A3'
 '9O3Q1B3' '9O3Q1D3']",216,9
466_3LT001,1223.2358,53.315197,3104.7922,['466_3LT001'],120,1,['9A31PB1' '9A31PB2' '9A31PB3' '9A31PB4' '9A31PB5'],120,5
467_0LT001,2109.3523,51.291454,5299.1743,['467_0LT001'],216,1,"['AQ9LGA1' 'AQ9LGB1' 'AQ9LGD1' 'AQ9LGA2' 'AQ9LGB2' 'AQ9LGD2' 'AQ9LGA3'
 'AQ9LGB3' 'AQ9LGD3']",216,9
467_1LT001,515.5281,48.322384,1159.1052,['467_1LT001'],48,1,['ALG91B1' 'ALG91B2'],48,2
467_2LT001,2146.2114,54.051983,5702.2324,['467_2LT001'],216,1,"['QO3A1A1' 'QO3A1B1' 'QO3A1D1' 'QO3A1A2' 'QO3A1B2' 'QO3A1D2' 'QO3A1A3'
 'QO3A1B3' 'QO3A1D3']",216,9
467_3LT001,1433.2992,46.414253,3534.3865,['467_3LT001'],144,1,['V1LO3A1' 'V1LO3B1' 'V1LO3A2' 'V1LO3B2' 'V1LO3A3' 'V1LO3B3'],144,6
467_4LT001,2275.971,49.43373,5575.554,['467_4LT001'],216,1,"['19OPVA1' '19OPVB1' '19OPVD1' '19OPVA2' '19OPVB2' '19OPVD2' '19OPVA3'
 '19OPVB3' '19OPVD3']",216,9
467_5LT001,1002.5371,49.826687,2335.4292,['467_5LT001'],96,1,['9LA3VB1' '9LA3VD1' '9LA3VB2' '9LA3VD2'],96,4
467_6LT001,978.59186,50.82695,2400.9692,['467_6LT001'],96,1,['QOLGAB1' 'QOLGAD1' 'QOLGAB2' 'QOLGAD2'],96,4
468_0LT001,2183.9768,53.012924,5463.3125,['468_0LT001'],216,1,"['1P9LVA1' '1P9LVB1' '1P9LVD1' '1P9LVA2' '1P9LVB2' '1P9LVD2' '1P9LVA3'
 '1P9LVB3' '1P9LVD3']",216,9
468_1LT001,1359.9105,48.316216,3645.8228,['468_1LT001'],144,1,['O3APQA1' 'O3APQB1' 'O3APQA2' 'O3APQB2' 'O3APQA3' 'O3APQB3'],144,6
468_2LT001,964.56244,49.78751,2271.3962,['468_2LT001'],96,1,['1OGQVB1' '1OGQVD1' '1OGQVB2' '1OGQVD2'],96,4
469_0LT001,1499.3105,49.884857,3471.2278,['469_0LT001'],144,1,['1AG9OA1' '1AG9OB1' '1AG9OA2' '1AG9OB2' '1AG9OA3' '1AG9OB3'],144,6
469_1LT001,974.71814,52.361958,2367.715,['469_1LT001'],96,1,['1AOPLB1' '1AOPLD1' '1AOPLB2' '1AOPLD2'],96,4
469_2LT001,944.71545,52.787533,2490.7341,['469_2LT001'],96,1,['G39VOB1' 'G39VOD1' 'G39VOB2' 'G39VOD2'],96,4
470_0LT001,2141.3848,51.353394,5638.588,['470_0LT001'],216,1,"['PV1LAA1' 'PV1LAB1' 'PV1LAC1' 'PV1LAA2' 'PV1LAB2' 'PV1LAC2' 'PV1LAA3'
 'PV1LAB3' 'PV1LAC3']",216,9
470_1LT001,2218.9258,46.077126,5044.7656,['470_1LT001'],216,1,"['OG1VAA1' 'OG1VAB1' 'OG1VAD1' 'OG1VAA2' 'OG1VAB2' 'OG1VAD2' 'OG1VAA3'
 'OG1VAB3' 'OG1VAD3']",216,9
471_0LT001,500.74716,52.614624,1045.875,['471_0LT001'],48,1,['G9AQ3B1' 'G9AQ3B2'],48,2
471_1LT001,1355.3473,51.532394,3899.7578,['471_1LT001'],144,1,['Q3OPLA1' 'Q3OPLB1' 'Q3OPLA2' 'Q3OPLB2' 'Q3OPLA3' 'Q3OPLB3'],144,6
472_0LT001,2177.8184,51.24619,5726.611,['472_0LT001'],216,1,"['POGAQA1' 'POGAQB1' 'POGAQC1' 'POGAQA2' 'POGAQB2' 'POGAQC2' 'POGAQA3'
 'POGAQB3' 'POGAQC3']",216,9
472_1LT001,494.1482,47.094883,1243.0238,['472_1LT001'],48,1,['O1GLAB1' 'O1GLAB2'],48,2
472_2LT001,2090.0693,46.173153,5283.7725,['472_2LT001'],216,1,"['1LOVQA1' '1LOVQB1' '1LOVQD1' '1LOVQA2' '1LOVQB2' '1LOVQD2' '1LOVQA3'
 '1LOVQB3' '1LOVQD3']",216,9
473_0LT001,2061.0276,50.278557,5521.7393,['473_0LT001'],216,1,"['1QLGAA1' '1QLGAB1' '1QLGAD1' '1QLGAA2' '1QLGAB2' '1QLGAD2' '1QLGAA3'
 '1QLGAB3' '1QLGAD3']",216,9
473_1LT001,1416.7705,47.293953,3309.9663,['473_1LT001'],144,1,['93VAQA1' '93VAQB1' '93VAQA2' '93VAQB2' '93VAQA3' '93VAQB3'],144,6
473_2LT001,1472.9199,45.682487,3593.2434,['473_2LT001'],144,1,['QVP1GA1' 'QVP1GB1' 'QVP1GA2' 'QVP1GB2' 'QVP1GA3' 'QVP1GB3'],144,6
473_3LT001,2205.7532,49.885464,5355.6416,['473_3LT001'],216,1,"['QVO9GA1' 'QVO9GB1' 'QVO9GD1' 'QVO9GA2' 'QVO9GB2' 'QVO9GD2' 'QVO9GA3'
 'QVO9GB3' 'QVO9GD3']",216,9
474_0LT001,944.0846,50.17509,2526.4238,['474_0LT001'],96,1,['3OPLQB1' '3OPLQD1' '3OPLQB2' '3OPLQD2'],96,4
474_1LT001,2201.5923,50.39746,5580.0146,['474_1LT001'],216,1,"['A193VA1' 'A193VB1' 'A193VC1' 'A193VA2' 'A193VB2' 'A193VC2' 'A193VA3'
 'A193VB3' 'A193VC3']",216,9
474_2LT001,2067.335,49.37493,5332.497,['474_2LT001'],216,1,"['931APA1' '931APB1' '931APD1' '931APA2' '931APB2' '931APD2' '931APA3'
 '931APB3' '931APD3']",216,9
474_3LT001,2214.2537,49.688534,4933.0635,['474_3LT001'],216,1,"['APV9OA1' 'APV9OB1' 'APV9OD1' 'APV9OA2' 'APV9OB2' 'APV9OD2' 'APV9OA3'
 'APV9OB3' 'APV9OD3']",216,9
475_0LT001,2120.4363,50.75866,5447.943,['475_0LT001'],216,1,"['OLQG3A1' 'OLQG3B1' 'OLQG3D1' 'OLQG3A2' 'OLQG3B2' 'OLQG3D2' 'OLQG3A3'
 'OLQG3B3' 'OLQG3D3']",216,9
475_1LT001,1534.0464,51.399765,3234.3767,['475_1LT001'],144,1,['3OLPAA1' '3OLPAB1' '3OLPAA2' '3OLPAB2' '3OLPAA3' '3OLPAB3'],144,6
476_0LT001,2244.6816,51.186275,5536.936,['476_0LT001'],216,1,"['9GQ3LA1' '9GQ3LB1' '9GQ3LD1' '9GQ3LA2' '9GQ3LB2' '9GQ3LD2' '9GQ3LA3'
 '9GQ3LB3' '9GQ3LD3']",216,9
476_1LT001,2170.3594,50.039585,5345.13,['476_1LT001'],216,1,"['P3GQOA1' 'P3GQOB1' 'P3GQOC1' 'P3GQOA2' 'P3GQOB2' 'P3GQOC2' 'P3GQOA3'
 'P3GQOB3' 'P3GQOC3']",216,9
476_2LT001,2481.2263,48.303238,5698.7266,['476_2LT001'],240,1,"['QAV91B1' 'QAV91C1' 'QAV91B2' 'QAV91C2' 'QAV91B3' 'QAV91C3' 'QAV91B4'
 'QAV91C4' 'QAV91B5' 'QAV91C5']",240,10
476_3LT001,2283.056,51.080624,5311.4717,['476_3LT001'],216,1,"['LGA3PA1' 'LGA3PB1' 'LGA3PD1' 'LGA3PA2' 'LGA3PB2' 'LGA3PD2' 'LGA3PA3'
 'LGA3PB3' 'LGA3PD3']",216,9
476_4LT001,2109.5708,50.52678,5136.401,['476_4LT001'],216,1,"['3OPA1A1' '3OPA1B1' '3OPA1D1' '3OPA1A2' '3OPA1B2' '3OPA1D2' '3OPA1A3'
 '3OPA1B3' '3OPA1D3']",216,9
476_5LT001,1528.4446,48.086,3542.123,['476_5LT001'],144,1,['OLQVPA1' 'OLQVPB1' 'OLQVPA2' 'OLQVPB2' 'OLQVPA3' 'OLQVPB3'],144,6
476_6LT001,2097.0312,49.442085,5185.923,['476_6LT001'],216,1,"['3QA9VA1' '3QA9VB1' '3QA9VD1' '3QA9VA2' '3QA9VB2' '3QA9VD2' '3QA9VA3'
 '3QA9VB3' '3QA9VD3']",216,9
476_7LT001,2160.894,53.97998,5489.9644,['476_7LT001'],216,1,"['VAO1GA1' 'VAO1GB1' 'VAO1GD1' 'VAO1GA2' 'VAO1GB2' 'VAO1GD2' 'VAO1GA3'
 'VAO1GB3' 'VAO1GD3']",216,9
476_8LT001,2163.6184,49.481937,5420.3286,['476_8LT001'],216,1,"['QGPO9A1' 'QGPO9B1' 'QGPO9C1' 'QGPO9A2' 'QGPO9B2' 'QGPO9C2' 'QGPO9A3'
 'QGPO9B3' 'QGPO9C3']",216,9
476_9LT001,1021.1588,52.254925,2452.7246,['476_9LT001'],96,1,['Q1O9AB1' 'Q1O9AD1' 'Q1O9AB2' 'Q1O9AD2'],96,4
477_0LT001,2179.918,50.885468,5419.1616,['477_0LT001'],216,1,"['LQPOAA1' 'LQPOAB1' 'LQPOAD1' 'LQPOAA2' 'LQPOAB2' 'LQPOAD2' 'LQPOAA3'
 'LQPOAB3' 'LQPOAD3']",216,9
477_1LT001,2195.263,46.762203,5393.1772,['477_1LT001'],216,1,"['GAPV3A1' 'GAPV3B1' 'GAPV3D1' 'GAPV3A2' 'GAPV3B2' 'GAPV3D2' 'GAPV3A3'
 'GAPV3B3' 'GAPV3D3']",216,9
477_2LT001,965.1599,45.437084,2249.6763,['477_2LT001'],96,1,['9V31GB1' '9V31GD1' '9V31GB2' '9V31GD2'],96,4
477_3LT001,898.52637,48.566452,2431.3994,['477_3LT001'],96,1,['QLG9PB1' 'QLG9PD1' 'QLG9PB2' 'QLG9PD2'],96,4
477_4LT001,1385.7692,51.570206,3551.1746,['477_4LT001'],144,1,['GA3VQA1' 'GA3VQB1' 'GA3VQA2' 'GA3VQB2' 'GA3VQA3' 'GA3VQB3'],144,6
477_5LT001,1458.0175,53.998257,3581.6526,['477_5LT001'],144,1,['QVA9OA1' 'QVA9OB1' 'QVA9OA2' 'QVA9OB2' 'QVA9OA3' 'QVA9OB3'],144,6
477_6LT001,1274.3682,50.72149,3438.7354,['477_6LT001'],144,1,['VOLQ9A1' 'VOLQ9B1' 'VOLQ9A2' 'VOLQ9B2' 'VOLQ9A3' 'VOLQ9B3'],144,6
477_7LT001,469.33206,58.480145,1265.6056,['477_7LT001'],48,1,['GOLAVB1' 'GOLAVB2'],48,2
477_8LT001,2118.937,47.972076,5425.458,['477_8LT001'],216,1,"['AQVL3A1' 'AQVL3B1' 'AQVL3D1' 'AQVL3A2' 'AQVL3B2' 'AQVL3D2' 'AQVL3A3'
 'AQVL3B3' 'AQVL3D3']",216,9
478_0LT001,2133.61,53.97852,5415.527,['478_0LT001'],216,1,"['L9G13A1' 'L9G13B1' 'L9G13D1' 'L9G13A2' 'L9G13B2' 'L9G13D2' 'L9G13A3'
 'L9G13B3' 'L9G13D3']",216,9
478_1LT001,2340.0547,48.071136,4837.7715,['478_1LT001'],216,1,"['GQPAVA1' 'GQPAVB1' 'GQPAVD1' 'GQPAVA2' 'GQPAVB2' 'GQPAVD2' 'GQPAVA3'
 'GQPAVB3' 'GQPAVD3']",216,9
478_2LT001,2146.3228,50.033604,5484.982,['478_2LT001'],216,1,"['OV91AA1' 'OV91AB1' 'OV91AD1' 'OV91AA2' 'OV91AB2' 'OV91AD2' 'OV91AA3'
 'OV91AB3' 'OV91AD3']",216,9
478_3LT001,1443.2351,44.673702,3579.2498,['478_3LT001'],144,1,['AQ1GLA1' 'AQ1GLB1' 'AQ1GLA2' 'AQ1GLB2' 'AQ1GLA3' 'AQ1GLB3'],144,6
479_0LT001,2273.7166,50.63379,5630.6455,['479_0LT001'],240,1,"['QAV3GB1' 'QAV3GC1' 'QAV3GB2' 'QAV3GC2' 'QAV3GB3' 'QAV3GC3' 'QAV3GB4'
 'QAV3GC4' 'QAV3GB5' 'QAV3GC5']",240,10
479_1LT001,2334.5007,50.337246,5956.5557,['479_1LT001'],240,1,"['AVP91B1' 'AVP91D1' 'AVP91B2' 'AVP91D2' 'AVP91B3' 'AVP91D3' 'AVP91B4'
 'AVP91D4' 'AVP91B5' 'AVP91D5']",240,10
480_0LT001,504.38034,49.405895,1155.2264,['480_0LT001'],48,1,['AG3VLB1' 'AG3VLB2'],48,2
480_1LT001,2222.3735,50.17427,5319.016,['480_1LT001'],216,1,"['VGPL1A1' 'VGPL1B1' 'VGPL1D1' 'VGPL1A2' 'VGPL1B2' 'VGPL1D2' 'VGPL1A3'
 'VGPL1B3' 'VGPL1D3']",216,9
480_2LT001,2194.4053,49.719406,5193.153,['480_2LT001'],216,1,"['PG3Q1A1' 'PG3Q1B1' 'PG3Q1D1' 'PG3Q1A2' 'PG3Q1B2' 'PG3Q1D2' 'PG3Q1A3'
 'PG3Q1B3' 'PG3Q1D3']",216,9
480_3LT001,379.8237,49.274868,1017.2253,['480_3LT001'],48,1,['LAPV1B1' 'LAPV1B2'],48,2
480_4LT001,2186.663,47.19114,5836.2583,['480_4LT001'],216,1,"['P39QAA1' 'P39QAB1' 'P39QAD1' 'P39QAA2' 'P39QAB2' 'P39QAD2' 'P39QAA3'
 'P39QAB3' 'P39QAD3']",216,9
480_5LT001,565.56665,50.899174,1041.6731,['480_5LT001'],48,1,['OGLAVB1' 'OGLAVB2'],48,2
480_6LT001,2279.6643,50.679344,6239.704,['480_6LT001'],240,1,"['3L91AB1' '3L91AC1' '3L91AB2' '3L91AC2' '3L91AB3' '3L91AC3' '3L91AB4'
 '3L91AC4' '3L91AB5' '3L91AC5']",240,10
480_7LT001,2299.3167,47.788265,5525.644,['480_7LT001'],216,1,"['1QV93A1' '1QV93B1' '1QV93C1' '1QV93A2' '1QV93B2' '1QV93C2' '1QV93A3'
 '1QV93B3' '1QV93C3']",216,9
481_0LT001,2084.1074,47.06934,5316.3115,['481_0LT001'],216,1,"['LP3GVA1' 'LP3GVB1' 'LP3GVD1' 'LP3GVA2' 'LP3GVB2' 'LP3GVD2' 'LP3GVA3'
 'LP3GVB3' 'LP3GVD3']",216,9
481_1LT001,2323.2473,50.292595,5625.6543,['481_1LT001'],216,1,"['39PAOA1' '39PAOB1' '39PAOD1' '39PAOA2' '39PAOB2' '39PAOD2' '39PAOA3'
 '39PAOB3' '39PAOD3']",216,9
481_2LT001,460.23654,48.710815,1310.3754,['481_2LT001'],48,1,['AGO91B1' 'AGO91B2'],48,2
481_3LT001,2123.9624,50.262333,5613.6587,['481_3LT001'],216,1,"['QG3AVA1' 'QG3AVB1' 'QG3AVC1' 'QG3AVA2' 'QG3AVB2' 'QG3AVC2' 'QG3AVA3'
 'QG3AVB3' 'QG3AVC3']",216,9
482_0LT001,490.76392,47.218235,1362.5372,['482_0LT001'],48,1,['LAPVOB1' 'LAPVOB2'],48,2
482_1LT001,2192.061,52.113445,5005.394,['482_1LT001'],216,1,"['GV1QAA1' 'GV1QAB1' 'GV1QAD1' 'GV1QAA2' 'GV1QAB2' 'GV1QAD2' 'GV1QAA3'
 'GV1QAB3' 'GV1QAD3']",216,9
482_2LT001,2216.813,49.5549,5439.9624,['482_2LT001'],216,1,"['PLO1GA1' 'PLO1GB1' 'PLO1GD1' 'PLO1GA2' 'PLO1GB2' 'PLO1GD2' 'PLO1GA3'
 'PLO1GB3' 'PLO1GD3']",216,9
483_0LT001,1400.5823,52.06827,3381.6943,['483_0LT001'],144,1,['LQPGOA1' 'LQPGOB1' 'LQPGOA2' 'LQPGOB2' 'LQPGOA3' 'LQPGOB3'],144,6
483_1LT001,2285.841,47.12549,5312.009,['483_1LT001'],216,1,"['O13PVA1' 'O13PVB1' 'O13PVD1' 'O13PVA2' 'O13PVB2' 'O13PVD2' 'O13PVA3'
 'O13PVB3' 'O13PVD3']",216,9
483_2LT001,1435.8755,51.299026,3498.9998,['483_2LT001'],144,1,['Q9A1VA1' 'Q9A1VB1' 'Q9A1VA2' 'Q9A1VB2' 'Q9A1VA3' 'Q9A1VB3'],144,6
483_3LT001,2228.801,47.460625,5303.291,['483_3LT001'],216,1,"['PQVALA1' 'PQVALB1' 'PQVALD1' 'PQVALA2' 'PQVALB2' 'PQVALD2' 'PQVALA3'
 'PQVALB3' 'PQVALD3']",216,9
483_4LT001,2278.018,51.766,5212.537,['483_4LT001'],216,1,"['9LQPOA1' '9LQPOB1' '9LQPOD1' '9LQPOA2' '9LQPOB2' '9LQPOD2' '9LQPOA3'
 '9LQPOB3' '9LQPOD3']",216,9
483_5LT001,2266.003,49.162476,5689.2617,['483_5LT001'],216,1,"['GQLA3A1' 'GQLA3B1' 'GQLA3D1' 'GQLA3A2' 'GQLA3B2' 'GQLA3D2' 'GQLA3A3'
 'GQLA3B3' 'GQLA3D3']",216,9
483_6LT001,2151.266,52.120995,5552.7734,['483_6LT001'],216,1,"['GO3V9A1' 'GO3V9B1' 'GO3V9D1' 'GO3V9A2' 'GO3V9B2' 'GO3V9D2' 'GO3V9A3'
 'GO3V9B3' 'GO3V9D3']",216,9
483_7LT001,2233.0405,53.90126,5414.692,['483_7LT001'],216,1,"['PO91QA1' 'PO91QB1' 'PO91QD1' 'PO91QA2' 'PO91QB2' 'PO91QD2' 'PO91QA3'
 'PO91QB3' 'PO91QD3']",216,9
483_8LT001,1373.4924,48.03999,3572.9395,['483_8LT001'],144,1,['9OGPLA1' '9OGPLB1' '9OGPLA2' '9OGPLB2' '9OGPLA3' '9OGPLB3'],144,6
484_0LT001,2235.7969,47.025364,5420.676,['484_0LT001'],216,1,"['V1OA9A1' 'V1OA9B1' 'V1OA9D1' 'V1OA9A2' 'V1OA9B2' 'V1OA9D2' 'V1OA9A3'
 'V1OA9B3' 'V1OA9D3']",216,9
484_1LT001,2203.7979,48.40739,5192.704,['484_1LT001'],216,1,"['VLP3GA1' 'VLP3GB1' 'VLP3GD1' 'VLP3GA2' 'VLP3GB2' 'VLP3GD2' 'VLP3GA3'
 'VLP3GB3' 'VLP3GD3']",216,9
484_2LT001,497.92914,49.071293,1160.9297,['484_2LT001'],48,1,['PGQALB1' 'PGQALB2'],48,2
484_3LT001,510.8453,47.417233,987.0522,['484_3LT001'],48,1,['VLQ9PB1' 'VLQ9PB2'],48,2
484_4LT001,2305.0957,48.325737,5450.6387,['484_4LT001'],216,1,"['V3A9PA1' 'V3A9PB1' 'V3A9PD1' 'V3A9PA2' 'V3A9PB2' 'V3A9PD2' 'V3A9PA3'
 'V3A9PB3' 'V3A9PD3']",216,9
484_5LT001,540.1529,48.861057,1177.0536,['484_5LT001'],48,1,['1QLVAB1' '1QLVAB2'],48,2
484_6LT001,2217.3262,51.409496,5397.366,['484_6LT001'],216,1,"['3PAG9A1' '3PAG9B1' '3PAG9D1' '3PAG9A2' '3PAG9B2' '3PAG9D2' '3PAG9A3'
 '3PAG9B3' '3PAG9D3']",216,9
484_7LT001,2041.0052,50.780853,5365.5825,['484_7LT001'],216,1,"['AV3L9A1' 'AV3L9B1' 'AV3L9C1' 'AV3L9A2' 'AV3L9B2' 'AV3L9C2' 'AV3L9A3'
 'AV3L9B3' 'AV3L9C3']",216,9
484_8LT001,528.01697,53.463364,1102.7931,['484_8LT001'],48,1,['QALOPB1' 'QALOPB2'],48,2
485_0LT001,951.5133,52.96686,2135.2656,['485_0LT001'],96,1,['PLV19B1' 'PLV19D1' 'PLV19B2' 'PLV19D2'],96,4
485_1LT001,1389.2317,51.070057,3894.3562,['485_1LT001'],144,1,['OPQA9A1' 'OPQA9B1' 'OPQA9A2' 'OPQA9B2' 'OPQA9A3' 'OPQA9B3'],144,6
485_2LT001,2096.6458,53.554253,5622.1807,['485_2LT001'],216,1,"['OPGVAA1' 'OPGVAB1' 'OPGVAD1' 'OPGVAA2' 'OPGVAB2' 'OPGVAD2' 'OPGVAA3'
 'OPGVAB3' 'OPGVAD3']",216,9
485_3LT001,2061.124,49.904037,5087.841,['485_3LT001'],216,1,"['AV3LOA1' 'AV3LOB1' 'AV3LOD1' 'AV3LOA2' 'AV3LOB2' 'AV3LOD2' 'AV3LOA3'
 'AV3LOB3' 'AV3LOD3']",216,9
485_4LT001,1402.8774,51.059338,3417.6038,['485_4LT001'],144,1,['GO391A1' 'GO391B1' 'GO391A2' 'GO391B2' 'GO391A3' 'GO391B3'],144,6
485_5LT001,2169.0261,51.808662,5283.2485,['485_5LT001'],216,1,"['9A3VQA1' '9A3VQB1' '9A3VQD1' '9A3VQA2' '9A3VQB2' '9A3VQD2' '9A3VQA3'
 '9A3VQB3' '9A3VQD3']",216,9
485_6LT001,2254.7534,50.784687,5290.02,['485_6LT001'],216,1,"['3PO9GA1' '3PO9GB1' '3PO9GD1' '3PO9GA2' '3PO9GB2' '3PO9GD2' '3PO9GA3'
 '3PO9GB3' '3PO9GD3']",216,9
485_7LT001,990.4449,48.30574,2389.5115,['485_7LT001'],96,1,['V1OAGB1' 'V1OAGD1' 'V1OAGB2' 'V1OAGD2'],96,4
486_0LT001,2133.7134,53.579613,5015.021,['486_0LT001'],216,1,"['9QA31A1' '9QA31B1' '9QA31C1' '9QA31A2' '9QA31B2' '9QA31C2' '9QA31A3'
 '9QA31B3' '9QA31C3']",216,9
486_1LT001,2343.3079,49.360058,5246.7183,['486_1LT001'],216,1,"['VP31GA1' 'VP31GB1' 'VP31GD1' 'VP31GA2' 'VP31GB2' 'VP31GD2' 'VP31GA3'
 'VP31GB3' 'VP31GD3']",216,9
486_2LT001,2195.898,50.056152,5684.647,['486_2LT001'],216,1,"['PQ9GAA1' 'PQ9GAB1' 'PQ9GAD1' 'PQ9GAA2' 'PQ9GAB2' 'PQ9GAD2' 'PQ9GAA3'
 'PQ9GAB3' 'PQ9GAD3']",216,9
486_3LT001,2341.8953,45.878788,6302.209,['486_3LT001'],240,1,"['L913GB1' 'L913GD1' 'L913GB2' 'L913GD2' 'L913GB3' 'L913GD3' 'L913GB4'
 'L913GD4' 'L913GB5' 'L913GD5']",240,10
486_4LT001,2221.5542,51.74607,5781.5605,['486_4LT001'],216,1,"['L1OGAA1' 'L1OGAB1' 'L1OGAC1' 'L1OGAA2' 'L1OGAB2' 'L1OGAC2' 'L1OGAA3'
 'L1OGAB3' 'L1OGAC3']",216,9
486_5LT001,2155.9026,50.00212,5566.6436,['486_5LT001'],216,1,"['P19GLA1' 'P19GLB1' 'P19GLD1' 'P19GLA2' 'P19GLB2' 'P19GLD2' 'P19GLA3'
 'P19GLB3' 'P19GLD3']",216,9
486_6LT001,1029.8154,49.908436,2399.244,['486_6LT001'],96,1,['P3GQLB1' 'P3GQLD1' 'P3GQLB2' 'P3GQLD2'],96,4
486_7LT001,1535.621,47.66534,3695.2488,['486_7LT001'],144,1,['A9PO3A1' 'A9PO3B1' 'A9PO3A2' 'A9PO3B2' 'A9PO3A3' 'A9PO3B3'],144,6
486_8LT001,937.82996,47.380703,2425.4387,['486_8LT001'],96,1,['93L1VB1' '93L1VD1' '93L1VB2' '93L1VD2'],96,4
486_9LT001,2071.4438,50.562737,5330.259,['486_9LT001'],216,1,"['GQ31PA1' 'GQ31PB1' 'GQ31PC1' 'GQ31PA2' 'GQ31PB2' 'GQ31PC2' 'GQ31PA3'
 'GQ31PB3' 'GQ31PC3']",216,9
487_0LT001,2275.901,46.28798,5467.1113,['487_0LT001'],216,1,"['GV9Q3A1' 'GV9Q3B1' 'GV9Q3C1' 'GV9Q3A2' 'GV9Q3B2' 'GV9Q3C2' 'GV9Q3A3'
 'GV9Q3B3' 'GV9Q3C3']",216,9
487_1LT001,2162.122,46.928413,5176.6553,['487_1LT001'],216,1,"['Q1A3PA1' 'Q1A3PB1' 'Q1A3PD1' 'Q1A3PA2' 'Q1A3PB2' 'Q1A3PD2' 'Q1A3PA3'
 'Q1A3PB3' 'Q1A3PD3']",216,9
487_2LT001,2157.3398,51.005222,5565.4272,['487_2LT001'],216,1,"['PO1GVA1' 'PO1GVB1' 'PO1GVC1' 'PO1GVA2' 'PO1GVB2' 'PO1GVC2' 'PO1GVA3'
 'PO1GVB3' 'PO1GVC3']",216,9
488_0LT001,2246.3894,50.616768,5850.611,['488_0LT001'],216,1,"['13PVAA1' '13PVAB1' '13PVAD1' '13PVAA2' '13PVAB2' '13PVAD2' '13PVAA3'
 '13PVAB3' '13PVAD3']",216,9
488_1LT001,2089.605,48.131634,5621.2773,['488_1LT001'],216,1,"['A3VL1A1' 'A3VL1B1' 'A3VL1D1' 'A3VL1A2' 'A3VL1B2' 'A3VL1D2' 'A3VL1A3'
 'A3VL1B3' 'A3VL1D3']",216,9
488_2LT001,1367.2839,53.352253,3331.9456,['488_2LT001'],144,1,['3QLOAA1' '3QLOAB1' '3QLOAA2' '3QLOAB2' '3QLOAA3' '3QLOAB3'],144,6
488_3LT001,2353.3838,50.97205,5282.764,['488_3LT001'],216,1,"['9PVLGA1' '9PVLGB1' '9PVLGD1' '9PVLGA2' '9PVLGB2' '9PVLGD2' '9PVLGA3'
 '9PVLGB3' '9PVLGD3']",216,9
488_4LT001,2092.6526,55.464085,5432.504,['488_4LT001'],216,1,"['P1GLOA1' 'P1GLOB1' 'P1GLOC1' 'P1GLOA2' 'P1GLOB2' 'P1GLOC2' 'P1GLOA3'
 'P1GLOB3' 'P1GLOC3']",216,9
488_5LT001,1031.2075,49.310345,2451.4268,['488_5LT001'],96,1,['PQ1O9B1' 'PQ1O9D1' 'PQ1O9B2' 'PQ1O9D2'],96,4
488_6LT001,2198.9038,51.85362,5262.717,['488_6LT001'],216,1,"['G9QO3A1' 'G9QO3B1' 'G9QO3D1' 'G9QO3A2' 'G9QO3B2' 'G9QO3D2' 'G9QO3A3'
 'G9QO3B3' 'G9QO3D3']",216,9
488_7LT001,2132.1768,50.06382,5523.041,['488_7LT001'],216,1,"['QP1AVA1' 'QP1AVB1' 'QP1AVC1' 'QP1AVA2' 'QP1AVB2' 'QP1AVC2' 'QP1AVA3'
 'QP1AVB3' 'QP1AVC3']",216,9
488_8LT001,2287.0605,49.052067,5454.286,['488_8LT001'],216,1,"['OV9A3A1' 'OV9A3B1' 'OV9A3C1' 'OV9A3A2' 'OV9A3B2' 'OV9A3C2' 'OV9A3A3'
 'OV9A3B3' 'OV9A3C3']",216,9
488_9LT001,2125.9612,48.506565,5624.1733,['488_9LT001'],216,1,"['AO91PA1' 'AO91PB1' 'AO91PD1' 'AO91PA2' 'AO91PB2' 'AO91PD2' 'AO91PA3'
 'AO91PB3' 'AO91PD3']",216,9
489_0LT001,2209.6719,46.898495,5161.196,['489_0LT001'],216,1,"['93A1OA1' '93A1OB1' '93A1OD1' '93A1OA2' '93A1OB2' '93A1OD2' '93A1OA3'
 '93A1OB3' '93A1OD3']",216,9
489_1LT001,2096.888,51.42822,5726.681,['489_1LT001'],216,1,"['A1PLVA1' 'A1PLVB1' 'A1PLVD1' 'A1PLVA2' 'A1PLVB2' 'A1PLVD2' 'A1PLVA3'
 'A1PLVB3' 'A1PLVD3']",216,9
489_2LT001,2300.805,50.532543,5607.912,['489_2LT001'],216,1,"['L3V19A1' 'L3V19B1' 'L3V19C1' 'L3V19A2' 'L3V19B2' 'L3V19C2' 'L3V19A3'
 'L3V19B3' 'L3V19C3']",216,9
489_3LT001,525.0782,49.733196,1357.2869,['489_3LT001'],48,1,['P9AO3B1' 'P9AO3B2'],48,2
489_4LT001,966.2966,47.233353,2527.1516,['489_4LT001'],96,1,['3QVG9B1' '3QVG9D1' '3QVG9B2' '3QVG9D2'],96,4
489_5LT001,502.49777,48.584972,1352.4391,['489_5LT001'],48,1,['3L1APB1' '3L1APB2'],48,2
489_6LT001,443.3906,40.79017,1114.996,['489_6LT001'],48,1,['L31OGB1' 'L31OGB2'],48,2
489_7LT001,2309.4485,46.920723,5024.9585,['489_7LT001'],216,1,"['POAGQA1' 'POAGQB1' 'POAGQC1' 'POAGQA2' 'POAGQB2' 'POAGQC2' 'POAGQA3'
 'POAGQB3' 'POAGQC3']",216,9
489_8LT001,353.97452,45.846134,1340.8777,['489_8LT001'],48,1,['O1AP9B1' 'O1AP9B2'],48,2
489_9LT001,2039.2306,46.67656,5044.9106,['489_9LT001'],216,1,"['GV3ALA1' 'GV3ALB1' 'GV3ALC1' 'GV3ALA2' 'GV3ALB2' 'GV3ALC2' 'GV3ALA3'
 'GV3ALB3' 'GV3ALC3']",216,9
490_0LT001,1999.1243,49.406544,5328.7476,['490_0LT001'],216,1,"['319AOA1' '319AOB1' '319AOC1' '319AOA2' '319AOB2' '319AOC2' '319AOA3'
 '319AOB3' '319AOC3']",216,9
490_1LT001,1493.9252,50.668644,3466.9683,['490_1LT001'],144,1,['V9LQ3A1' 'V9LQ3B1' 'V9LQ3A2' 'V9LQ3B2' 'V9LQ3A3' 'V9LQ3B3'],144,6
490_2LT001,2315.504,48.454006,5268.5015,['490_2LT001'],216,1,"['G39LQA1' 'G39LQB1' 'G39LQD1' 'G39LQA2' 'G39LQB2' 'G39LQD2' 'G39LQA3'
 'G39LQB3' 'G39LQD3']",216,9
491_0LT001,509.2574,48.690292,1258.2812,['491_0LT001'],48,1,['LVPAOB1' 'LVPAOB2'],48,2
491_1LT001,2120.641,51.76788,5327.2236,['491_1LT001'],216,1,"['9PL1OA1' '9PL1OB1' '9PL1OD1' '9PL1OA2' '9PL1OB2' '9PL1OD2' '9PL1OA3'
 '9PL1OB3' '9PL1OD3']",216,9
492_0LT001,2149.2544,47.71954,5443.249,['492_0LT001'],216,1,"['AQ13LA1' 'AQ13LB1' 'AQ13LD1' 'AQ13LA2' 'AQ13LB2' 'AQ13LD2' 'AQ13LA3'
 'AQ13LB3' 'AQ13LD3']",216,9
492_1LT001,2320.7659,45.84176,5649.138,['492_1LT001'],240,1,"['O3VLQB1' 'O3VLQD1' 'O3VLQB2' 'O3VLQD2' 'O3VLQB3' 'O3VLQD3' 'O3VLQB4'
 'O3VLQD4' 'O3VLQB5' 'O3VLQD5']",240,10
493_0LT001,2088.4502,47.50383,5093.2666,['493_0LT001'],216,1,"['PQ9O1A1' 'PQ9O1B1' 'PQ9O1C1' 'PQ9O1A2' 'PQ9O1B2' 'PQ9O1C2' 'PQ9O1A3'
 'PQ9O1B3' 'PQ9O1C3']",216,9
493_1LT001,2278.5134,51.135384,5551.543,['493_1LT001'],216,1,"['3O1AQA1' '3O1AQB1' '3O1AQC1' '3O1AQA2' '3O1AQB2' '3O1AQC2' '3O1AQA3'
 '3O1AQB3' '3O1AQC3']",216,9
493_2LT001,964.97894,46.381054,2661.2896,['493_2LT001'],96,1,['VGLOQB1' 'VGLOQD1' 'VGLOQB2' 'VGLOQD2'],96,4
494_0LT001,2038.037,50.60662,5459.818,['494_0LT001'],216,1,"['1AQO3A1' '1AQO3B1' '1AQO3D1' '1AQO3A2' '1AQO3B2' '1AQO3D2' '1AQO3A3'
 '1AQO3B3' '1AQO3D3']",216,9
494_1LT001,2237.076,46.259136,5332.297,['494_1LT001'],216,1,"['931QOA1' '931QOB1' '931QOC1' '931QOA2' '931QOB2' '931QOC2' '931QOA3'
 '931QOB3' '931QOC3']",216,9
494_2LT001,947.29407,43.983784,2403.4329,['494_2LT001'],96,1,['QV1GOB1' 'QV1GOD1' 'QV1GOB2' 'QV1GOD2'],96,4
494_3LT001,1142.5513,50.640266,3020.863,['494_3LT001'],120,1,['OG3VQB1' 'OG3VQB2' 'OG3VQB3' 'OG3VQB4' 'OG3VQB5'],120,5
495_0LT001,2108.84,51.35898,5548.3643,['495_0LT001'],216,1,"['93PQLA1' '93PQLB1' '93PQLD1' '93PQLA2' '93PQLB2' '93PQLD2' '93PQLA3'
 '93PQLB3' '93PQLD3']",216,9
495_1LT001,2082.286,52.487545,5440.223,['495_1LT001'],216,1,"['PLQO1A1' 'PLQO1B1' 'PLQO1D1' 'PLQO1A2' 'PLQO1B2' 'PLQO1D2' 'PLQO1A3'
 'PLQO1B3' 'PLQO1D3']",216,9
495_2LT001,2169.7693,47.53521,5388.173,['495_2LT001'],216,1,"['Q3AO1A1' 'Q3AO1B1' 'Q3AO1D1' 'Q3AO1A2' 'Q3AO1B2' 'Q3AO1D2' 'Q3AO1A3'
 'Q3AO1B3' 'Q3AO1D3']",216,9
495_3LT001,1485.8864,49.445827,3349.3215,['495_3LT001'],144,1,['9QLG3A1' '9QLG3B1' '9QLG3A2' '9QLG3B2' '9QLG3A3' '9QLG3B3'],144,6
495_4LT001,2233.57,49.69047,5376.971,['495_4LT001'],216,1,"['3QV9OA1' '3QV9OB1' '3QV9OD1' '3QV9OA2' '3QV9OB2' '3QV9OD2' '3QV9OA3'
 '3QV9OB3' '3QV9OD3']",216,9
495_5LT001,2119.4028,46.09903,5189.984,['495_5LT001'],216,1,"['1GAOPA1' '1GAOPB1' '1GAOPD1' '1GAOPA2' '1GAOPB2' '1GAOPD2' '1GAOPA3'
 '1GAOPB3' '1GAOPD3']",216,9
496_0LT001,460.80222,48.383835,1314.1504,['496_0LT001'],48,1,['VPGQOB1' 'VPGQOB2'],48,2
496_1LT001,2415.574,49.770523,6434.8125,['496_1LT001'],240,1,"['OVPGLB1' 'OVPGLC1' 'OVPGLB2' 'OVPGLC2' 'OVPGLB3' 'OVPGLC3' 'OVPGLB4'
 'OVPGLC4' 'OVPGLB5' 'OVPGLC5']",240,10
496_2LT001,2076.2095,49.35761,5590.8877,['496_2LT001'],216,1,"['QAGO9A1' 'QAGO9B1' 'QAGO9C1' 'QAGO9A2' 'QAGO9B2' 'QAGO9C2' 'QAGO9A3'
 'QAGO9B3' 'QAGO9C3']",216,9
497_0LT001,981.53735,52.305008,2424.0645,['497_0LT001'],96,1,['V9POGB1' 'V9POGD1' 'V9POGB2' 'V9POGD2'],96,4
497_1LT001,2198.2983,48.080856,5340.55,['497_1LT001'],216,1,"['9A3QOA1' '9A3QOB1' '9A3QOD1' '9A3QOA2' '9A3QOB2' '9A3QOD2' '9A3QOA3'
 '9A3QOB3' '9A3QOD3']",216,9
498_0LT001,2180.3413,52.5899,5203.5146,['498_0LT001'],216,1,"['GL3VAA1' 'GL3VAB1' 'GL3VAC1' 'GL3VAA2' 'GL3VAB2' 'GL3VAC2' 'GL3VAA3'
 'GL3VAB3' 'GL3VAC3']",216,9
498_1LT001,870.5104,41.958954,2667.3582,['498_1LT001'],96,1,['OV9GQB1' 'OV9GQD1' 'OV9GQB2' 'OV9GQD2'],96,4
498_2LT001,2085.142,47.184807,5554.121,['498_2LT001'],216,1,"['3V9QAA1' '3V9QAB1' '3V9QAC1' '3V9QAA2' '3V9QAB2' '3V9QAC2' '3V9QAA3'
 '3V9QAB3' '3V9QAC3']",216,9
499_0LT001,2072.2268,50.153633,5466.0386,['499_0LT001'],216,1,"['QGP39A1' 'QGP39B1' 'QGP39D1' 'QGP39A2' 'QGP39B2' 'QGP39D2' 'QGP39A3'
 'QGP39B3' 'QGP39D3']",216,9
499_1LT001,1435.0261,49.34221,3654.166,['499_1LT001'],144,1,['L9G1OA1' 'L9G1OB1' 'L9G1OA2' 'L9G1OB2' 'L9G1OA3' 'L9G1OB3'],144,6
500_0LT001,2333.0698,48.641727,4912.512,['500_0LT001'],216,1,"['AQGP1A1' 'AQGP1B1' 'AQGP1D1' 'AQGP1A2' 'AQGP1B2' 'AQGP1D2' 'AQGP1A3'
 'AQGP1B3' 'AQGP1D3']",216,9
500_1LT001,462.85614,54.395313,1417.0079,['500_1LT001'],48,1,['GL3Q9B1' 'GL3Q9B2'],48,2
500_2LT001,2252.4236,48.303192,5569.8877,['500_2LT001'],216,1,"['QPV13A1' 'QPV13B1' 'QPV13D1' 'QPV13A2' 'QPV13B2' 'QPV13D2' 'QPV13A3'
 'QPV13B3' 'QPV13D3']",216,9
501_0LT001,1388.7319,50.554092,3770.8525,['501_0LT001'],144,1,['PV3LOA1' 'PV3LOB1' 'PV3LOA2' 'PV3LOB2' 'PV3LOA3' 'PV3LOB3'],144,6
501_1LT001,2157.6045,50.52476,5447.574,['501_1LT001'],216,1,"['93QPOA1' '93QPOB1' '93QPOD1' '93QPOA2' '93QPOB2' '93QPOD2' '93QPOA3'
 '93QPOB3' '93QPOD3']",216,9
501_2LT001,2126.6948,50.795288,5357.4385,['501_2LT001'],216,1,"['O91ALA1' 'O91ALB1' 'O91ALD1' 'O91ALA2' 'O91ALB2' 'O91ALD2' 'O91ALA3'
 'O91ALB3' 'O91ALD3']",216,9
501_3LT001,2252.4944,48.346333,5743.2104,['501_3LT001'],216,1,"['P3A9OA1' 'P3A9OB1' 'P3A9OD1' 'P3A9OA2' 'P3A9OB2' 'P3A9OD2' 'P3A9OA3'
 'P3A9OB3' 'P3A9OD3']",216,9
502_0LT001,1525.7064,49.727997,3541.4453,['502_0LT001'],144,1,['VG3Q9A1' 'VG3Q9B1' 'VG3Q9A2' 'VG3Q9B2' 'VG3Q9A3' 'VG3Q9B3'],144,6
502_1LT001,2085.9583,52.554684,5375.8926,['502_1LT001'],216,1,"['GL93QA1' 'GL93QB1' 'GL93QC1' 'GL93QA2' 'GL93QB2' 'GL93QC2' 'GL93QA3'
 'GL93QB3' 'GL93QC3']",216,9
502_2LT001,2127.57,47.007835,5184.6455,['502_2LT001'],216,1,"['OG3A1A1' 'OG3A1B1' 'OG3A1D1' 'OG3A1A2' 'OG3A1B2' 'OG3A1D2' 'OG3A1A3'
 'OG3A1B3' 'OG3A1D3']",216,9
503_0LT001,1580.0432,48.021587,3649.989,['503_0LT001'],144,1,['1VO9QA1' '1VO9QB1' '1VO9QA2' '1VO9QB2' '1VO9QA3' '1VO9QB3'],144,6
503_1LT001,2342.3984,49.9612,5557.055,['503_1LT001'],216,1,"['VOGL1A1' 'VOGL1B1' 'VOGL1C1' 'VOGL1A2' 'VOGL1B2' 'VOGL1C2' 'VOGL1A3'
 'VOGL1B3' 'VOGL1C3']",216,9
504_0LT001,1419.4656,46.930027,3387.8115,['504_0LT001'],144,1,['V39QOA1' 'V39QOB1' 'V39QOA2' 'V39QOB2' 'V39QOA3' 'V39QOB3'],144,6
504_1LT001,506.31653,52.06365,1150.09,['504_1LT001'],48,1,['L31PVB1' 'L31PVB2'],48,2
504_2LT001,2226.5015,51.558304,5606.1445,['504_2LT001'],216,1,"['GOPLAA1' 'GOPLAB1' 'GOPLAD1' 'GOPLAA2' 'GOPLAB2' 'GOPLAD2' 'GOPLAA3'
 'GOPLAB3' 'GOPLAD3']",216,9
505_0LT001,946.6719,47.834705,2568.8452,['505_0LT001'],96,1,['G3PA1B1' 'G3PA1D1' 'G3PA1B2' 'G3PA1D2'],96,4
505_1LT001,974.82324,49.972977,2317.7659,['505_1LT001'],96,1,['QAOLVB1' 'QAOLVD1' 'QAOLVB2' 'QAOLVD2'],96,4
505_2LT001,2030.234,52.947144,5089.0713,['505_2LT001'],216,1,"['A3LQPA1' 'A3LQPB1' 'A3LQPD1' 'A3LQPA2' 'A3LQPB2' 'A3LQPD2' 'A3LQPA3'
 'A3LQPB3' 'A3LQPD3']",216,9
505_3LT001,2159.1138,50.773293,5416.669,['505_3LT001'],216,1,"['Q1A9PA1' 'Q1A9PB1' 'Q1A9PC1' 'Q1A9PA2' 'Q1A9PB2' 'Q1A9PC2' 'Q1A9PA3'
 'Q1A9PB3' 'Q1A9PC3']",216,9
506_0LT001,2117.3337,48.36573,5866.351,['506_0LT001'],216,1,"['V9AG3A1' 'V9AG3B1' 'V9AG3D1' 'V9AG3A2' 'V9AG3B2' 'V9AG3D2' 'V9AG3A3'
 'V9AG3B3' 'V9AG3D3']",216,9
506_1LT001,2007.0703,48.754707,5657.509,['506_1LT001'],216,1,"['9A1PLA1' '9A1PLB1' '9A1PLD1' '9A1PLA2' '9A1PLB2' '9A1PLD2' '9A1PLA3'
 '9A1PLB3' '9A1PLD3']",216,9
506_2LT001,1445.8428,53.13024,3381.4963,['506_2LT001'],144,1,['QPV3LA1' 'QPV3LB1' 'QPV3LA2' 'QPV3LB2' 'QPV3LA3' 'QPV3LB3'],144,6
506_3LT001,841.26086,56.48588,2457.3545,['506_3LT001'],96,1,['QO1VAB1' 'QO1VAD1' 'QO1VAB2' 'QO1VAD2'],96,4
507_0LT001,2165.295,50.38364,5664.554,['507_0LT001'],216,1,"['1POVLA1' '1POVLB1' '1POVLD1' '1POVLA2' '1POVLB2' '1POVLD2' '1POVLA3'
 '1POVLB3' '1POVLD3']",216,9
507_1LT001,501.387,42.019413,1091.7611,['507_1LT001'],48,1,['31POQB1' '31POQB2'],48,2
508_0LT001,518.3699,44.891552,1301.3094,['508_0LT001'],48,1,['GPA1LB1' 'GPA1LB2'],48,2
508_1LT001,1010.1703,50.646133,2390.0547,['508_1LT001'],96,1,['391GLB1' '391GLD1' '391GLB2' '391GLD2'],96,4
508_2LT001,2399.507,48.342537,5777.6646,['508_2LT001'],240,1,"['QPGOAB1' 'QPGOAD1' 'QPGOAB2' 'QPGOAD2' 'QPGOAB3' 'QPGOAD3' 'QPGOAB4'
 'QPGOAD4' 'QPGOAB5' 'QPGOAD5']",240,10
508_3LT001,2123.509,56.48963,5114.555,['508_3LT001'],216,1,"['1VAO3A1' '1VAO3B1' '1VAO3D1' '1VAO3A2' '1VAO3B2' '1VAO3D2' '1VAO3A3'
 '1VAO3B3' '1VAO3D3']",216,9
509_0LT001,1416.7985,48.983685,3639.0251,['509_0LT001'],144,1,['VAPO3A1' 'VAPO3B1' 'VAPO3A2' 'VAPO3B2' 'VAPO3A3' 'VAPO3B3'],144,6
509_1LT001,2303.6301,50.380997,5401.6514,['509_1LT001'],216,1,"['AGQLVA1' 'AGQLVB1' 'AGQLVC1' 'AGQLVA2' 'AGQLVB2' 'AGQLVC2' 'AGQLVA3'
 'AGQLVB3' 'AGQLVC3']",216,9
509_2LT001,2021.5902,50.813187,5433.61,['509_2LT001'],216,1,"['V3LG1A1' 'V3LG1B1' 'V3LG1D1' 'V3LG1A2' 'V3LG1B2' 'V3LG1D2' 'V3LG1A3'
 'V3LG1B3' 'V3LG1D3']",216,9
509_3LT001,1910.5901,50.39603,5269.4067,['509_3LT001'],216,1,"['PGV19A1' 'PGV19B1' 'PGV19D1' 'PGV19A2' 'PGV19B2' 'PGV19D2' 'PGV19A3'
 'PGV19B3' 'PGV19D3']",216,9
510_0LT001,2168.1677,53.628086,5573.5317,['510_0LT001'],216,1,"['AO1P3A1' 'AO1P3B1' 'AO1P3D1' 'AO1P3A2' 'AO1P3B2' 'AO1P3D2' 'AO1P3A3'
 'AO1P3B3' 'AO1P3D3']",216,9
510_1LT001,2002.8497,51.280125,5584.496,['510_1LT001'],216,1,"['3LOQ9A1' '3LOQ9B1' '3LOQ9C1' '3LOQ9A2' '3LOQ9B2' '3LOQ9C2' '3LOQ9A3'
 '3LOQ9B3' '3LOQ9C3']",216,9
510_2LT001,2127.4114,49.809864,5402.812,['510_2LT001'],216,1,"['O9GV3A1' 'O9GV3B1' 'O9GV3C1' 'O9GV3A2' 'O9GV3B2' 'O9GV3C2' 'O9GV3A3'
 'O9GV3B3' 'O9GV3C3']",216,9
510_3LT001,2246.5024,49.117527,5460.247,['510_3LT001'],216,1,"['13QLAA1' '13QLAB1' '13QLAC1' '13QLAA2' '13QLAB2' '13QLAC2' '13QLAA3'
 '13QLAB3' '13QLAC3']",216,9
510_4LT001,1006.68915,47.576443,2357.716,['510_4LT001'],96,1,['19VOAB1' '19VOAD1' '19VOAB2' '19VOAD2'],96,4
510_5LT001,2098.8425,48.44095,5433.9814,['510_5LT001'],216,1,"['91AVPA1' '91AVPB1' '91AVPC1' '91AVPA2' '91AVPB2' '91AVPC2' '91AVPA3'
 '91AVPB3' '91AVPC3']",216,9
510_6LT001,964.8041,46.19162,2364.3928,['510_6LT001'],96,1,['3LQA9B1' '3LQA9D1' '3LQA9B2' '3LQA9D2'],96,4
511_0LT001,2118.6094,49.544243,5099.552,['511_0LT001'],216,1,"['VQ3O1A1' 'VQ3O1B1' 'VQ3O1D1' 'VQ3O1A2' 'VQ3O1B2' 'VQ3O1D2' 'VQ3O1A3'
 'VQ3O1B3' 'VQ3O1D3']",216,9
511_1LT001,445.81122,42.94737,1231.6552,['511_1LT001'],48,1,['Q1P93B1' 'Q1P93B2'],48,2
511_2LT001,2252.8816,50.96055,5413.956,['511_2LT001'],216,1,"['V1GA3A1' 'V1GA3B1' 'V1GA3D1' 'V1GA3A2' 'V1GA3B2' 'V1GA3D2' 'V1GA3A3'
 'V1GA3B3' 'V1GA3D3']",216,9
512_0LT001,2416.2402,49.108906,5901.584,['512_0LT001'],240,1,"['LA31OB1' 'LA31OD1' 'LA31OB2' 'LA31OD2' 'LA31OB3' 'LA31OD3' 'LA31OB4'
 'LA31OD4' 'LA31OB5' 'LA31OD5']",240,10
512_1LT001,2194.921,51.949276,5076.983,['512_1LT001'],216,1,"['O13QLA1' 'O13QLB1' 'O13QLD1' 'O13QLA2' 'O13QLB2' 'O13QLD2' 'O13QLA3'
 'O13QLB3' 'O13QLD3']",216,9
512_2LT001,2276.0176,50.225197,5546.4707,['512_2LT001'],216,1,"['PQL1VA1' 'PQL1VB1' 'PQL1VD1' 'PQL1VA2' 'PQL1VB2' 'PQL1VD2' 'PQL1VA3'
 'PQL1VB3' 'PQL1VD3']",216,9
512_3LT001,2018.7871,48.05764,5010.385,['512_3LT001'],216,1,"['OG1L3A1' 'OG1L3B1' 'OG1L3D1' 'OG1L3A2' 'OG1L3B2' 'OG1L3D2' 'OG1L3A3'
 'OG1L3B3' 'OG1L3D3']",216,9
513_0LT001,1446.3048,51.798958,3834.1348,['513_0LT001'],144,1,['Q9O1GA1' 'Q9O1GB1' 'Q9O1GA2' 'Q9O1GB2' 'Q9O1GA3' 'Q9O1GB3'],144,6
513_1LT001,2134.0,52.78793,5350.079,['513_1LT001'],216,1,"['VP1AOA1' 'VP1AOB1' 'VP1AOC1' 'VP1AOA2' 'VP1AOB2' 'VP1AOC2' 'VP1AOA3'
 'VP1AOB3' 'VP1AOC3']",216,9
514_0LT001,2142.9417,51.71129,5693.256,['514_0LT001'],216,1,"['AV19LA1' 'AV19LB1' 'AV19LC1' 'AV19LA2' 'AV19LB2' 'AV19LC2' 'AV19LA3'
 'AV19LB3' 'AV19LC3']",216,9
514_1LT001,2042.3787,49.043976,5410.078,['514_1LT001'],216,1,"['3ALPQA1' '3ALPQB1' '3ALPQD1' '3ALPQA2' '3ALPQB2' '3ALPQD2' '3ALPQA3'
 '3ALPQB3' '3ALPQD3']",216,9
514_2LT001,2220.1724,50.601006,5374.7114,['514_2LT001'],216,1,"['QVGP3A1' 'QVGP3B1' 'QVGP3D1' 'QVGP3A2' 'QVGP3B2' 'QVGP3D2' 'QVGP3A3'
 'QVGP3B3' 'QVGP3D3']",216,9
514_3LT001,451.3405,54.463455,1266.2325,['514_3LT001'],48,1,['PALG1B1' 'PALG1B2'],48,2
515_0LT001,2210.2898,48.722664,5531.917,['515_0LT001'],216,1,"['91VGPA1' '91VGPB1' '91VGPC1' '91VGPA2' '91VGPB2' '91VGPC2' '91VGPA3'
 '91VGPB3' '91VGPC3']",216,9
515_1LT001,1460.718,49.767,3643.9453,['515_1LT001'],144,1,['PG3ALA1' 'PG3ALB1' 'PG3ALA2' 'PG3ALB2' 'PG3ALA3' 'PG3ALB3'],144,6
516_0LT001,529.8846,60.6053,1232.2107,['516_0LT001'],48,1,['LO13AB1' 'LO13AB2'],48,2
516_1LT001,1379.3247,50.97457,3550.7202,['516_1LT001'],144,1,['3VPL1A1' '3VPL1B1' '3VPL1A2' '3VPL1B2' '3VPL1A3' '3VPL1B3'],144,6
517_0LT001,1348.4855,52.082924,3688.1287,['517_0LT001'],144,1,['1AVGQA1' '1AVGQB1' '1AVGQA2' '1AVGQB2' '1AVGQA3' '1AVGQB3'],144,6
517_1LT001,458.81952,48.9864,1240.7684,['517_1LT001'],48,1,['AQPG3B1' 'AQPG3B2'],48,2
517_2LT001,417.71466,50.779896,1338.0149,['517_2LT001'],48,1,['9LVO3B1' '9LVO3B2'],48,2
518_0LT001,1434.5806,53.911343,3481.7854,['518_0LT001'],144,1,['1AQ9OA1' '1AQ9OB1' '1AQ9OA2' '1AQ9OB2' '1AQ9OA3' '1AQ9OB3'],144,6
518_1LT001,1570.5477,49.82015,3585.795,['518_1LT001'],144,1,['G3PAVA1' 'G3PAVB1' 'G3PAVA2' 'G3PAVB2' 'G3PAVA3' 'G3PAVB3'],144,6
519_0LT001,2161.7908,51.968132,5517.845,['519_0LT001'],216,1,"['GAVQ1A1' 'GAVQ1B1' 'GAVQ1D1' 'GAVQ1A2' 'GAVQ1B2' 'GAVQ1D2' 'GAVQ1A3'
 'GAVQ1B3' 'GAVQ1D3']",216,9
519_1LT001,1403.408,47.743088,3529.2117,['519_1LT001'],144,1,['9V1QGA1' '9V1QGB1' '9V1QGA2' '9V1QGB2' '9V1QGA3' '9V1QGB3'],144,6
520_0LT001,2369.558,50.57838,5687.8394,['520_0LT001'],240,1,"['AG1LVB1' 'AG1LVD1' 'AG1LVB2' 'AG1LVD2' 'AG1LVB3' 'AG1LVD3' 'AG1LVB4'
 'AG1LVD4' 'AG1LVB5' 'AG1LVD5']",240,10
520_1LT001,2041.4042,51.52583,5421.2056,['520_1LT001'],216,1,"['A1Q9LA1' 'A1Q9LB1' 'A1Q9LD1' 'A1Q9LA2' 'A1Q9LB2' 'A1Q9LD2' 'A1Q9LA3'
 'A1Q9LB3' 'A1Q9LD3']",216,9
520_2LT001,2004.7649,48.165073,5586.672,['520_2LT001'],216,1,"['VLQ19A1' 'VLQ19B1' 'VLQ19C1' 'VLQ19A2' 'VLQ19B2' 'VLQ19C2' 'VLQ19A3'
 'VLQ19B3' 'VLQ19C3']",216,9
521_0LT001,453.46014,57.098892,1100.7018,['521_0LT001'],48,1,['AO9Q1B1' 'AO9Q1B2'],48,2
521_1LT001,2314.2756,47.285233,5876.215,['521_1LT001'],216,1,"['ALQO1A1' 'ALQO1B1' 'ALQO1C1' 'ALQO1A2' 'ALQO1B2' 'ALQO1C2' 'ALQO1A3'
 'ALQO1B3' 'ALQO1C3']",216,9
521_2LT001,458.21686,50.233322,1335.2532,['521_2LT001'],48,1,['3O9PQB1' '3O9PQB2'],48,2
522_0LT001,2130.043,44.792336,5583.9893,['522_0LT001'],216,1,"['1GPAQA1' '1GPAQB1' '1GPAQC1' '1GPAQA2' '1GPAQB2' '1GPAQC2' '1GPAQA3'
 '1GPAQB3' '1GPAQC3']",216,9
522_1LT001,1047.0731,52.10077,1988.5474,['522_1LT001'],96,1,['VALG1B1' 'VALG1D1' 'VALG1B2' 'VALG1D2'],96,4
523_0LT001,2072.9521,49.955788,5444.919,['523_0LT001'],216,1,"['QLOVAA1' 'QLOVAB1' 'QLOVAC1' 'QLOVAA2' 'QLOVAB2' 'QLOVAC2' 'QLOVAA3'
 'QLOVAB3' 'QLOVAC3']",216,9
523_1LT001,1499.8607,49.118393,3335.1436,['523_1LT001'],144,1,['LPO9GA1' 'LPO9GB1' 'LPO9GA2' 'LPO9GB2' 'LPO9GA3' 'LPO9GB3'],144,6
523_2LT001,941.2039,51.144196,2420.6765,['523_2LT001'],96,1,['LA39VB1' 'LA39VD1' 'LA39VB2' 'LA39VD2'],96,4
523_3LT001,2068.1167,49.81379,5586.5522,['523_3LT001'],216,1,"['A93GQA1' 'A93GQB1' 'A93GQD1' 'A93GQA2' 'A93GQB2' 'A93GQD2' 'A93GQA3'
 'A93GQB3' 'A93GQD3']",216,9
524_0LT001,1975.5876,47.406982,5431.523,['524_0LT001'],216,1,"['1OLG3A1' '1OLG3B1' '1OLG3D1' '1OLG3A2' '1OLG3B2' '1OLG3D2' '1OLG3A3'
 '1OLG3B3' '1OLG3D3']",216,9
524_1LT001,2090.1763,45.884842,5457.7993,['524_1LT001'],216,1,"['9GLAVA1' '9GLAVB1' '9GLAVD1' '9GLAVA2' '9GLAVB2' '9GLAVD2' '9GLAVA3'
 '9GLAVB3' '9GLAVD3']",216,9
524_2LT001,389.02853,53.892643,1254.1415,['524_2LT001'],48,1,['PG1OAB1' 'PG1OAB2'],48,2
524_3LT001,1506.2638,52.831112,3787.8765,['524_3LT001'],144,1,['3V9QLA1' '3V9QLB1' '3V9QLA2' '3V9QLB2' '3V9QLA3' '3V9QLB3'],144,6
525_0LT001,2070.061,53.43338,5375.9585,['525_0LT001'],216,1,"['9APOLA1' '9APOLB1' '9APOLC1' '9APOLA2' '9APOLB2' '9APOLC2' '9APOLA3'
 '9APOLB3' '9APOLC3']",216,9
525_1LT001,1421.9998,56.31823,3228.2852,['525_1LT001'],144,1,['3OAGLA1' '3OAGLB1' '3OAGLA2' '3OAGLB2' '3OAGLA3' '3OAGLB3'],144,6
525_2LT001,2409.5122,48.635464,5885.194,['525_2LT001'],240,1,"['L1OV3B1' 'L1OV3D1' 'L1OV3B2' 'L1OV3D2' 'L1OV3B3' 'L1OV3D3' 'L1OV3B4'
 'L1OV3D4' 'L1OV3B5' 'L1OV3D5']",240,10
525_3LT001,2062.4534,53.952118,5604.358,['525_3LT001'],216,1,"['9QLA1A1' '9QLA1B1' '9QLA1D1' '9QLA1A2' '9QLA1B2' '9QLA1D2' '9QLA1A3'
 '9QLA1B3' '9QLA1D3']",216,9
526_0LT001,495.93405,45.66881,1360.279,['526_0LT001'],48,1,['3LOQGB1' '3LOQGB2'],48,2
526_1LT001,2182.5544,50.573147,5159.119,['526_1LT001'],216,1,"['1VLQ3A1' '1VLQ3B1' '1VLQ3D1' '1VLQ3A2' '1VLQ3B2' '1VLQ3D2' '1VLQ3A3'
 '1VLQ3B3' '1VLQ3D3']",216,9
526_2LT001,1616.7654,48.193043,3731.1433,['526_2LT001'],144,1,['1VA3QA1' '1VA3QB1' '1VA3QA2' '1VA3QB2' '1VA3QA3' '1VA3QB3'],144,6
526_3LT001,2197.0493,49.63372,5525.0024,['526_3LT001'],216,1,"['GOVAQA1' 'GOVAQB1' 'GOVAQC1' 'GOVAQA2' 'GOVAQB2' 'GOVAQC2' 'GOVAQA3'
 'GOVAQB3' 'GOVAQC3']",216,9
527_0LT001,883.23706,48.04538,2365.5208,['527_0LT001'],96,1,['GAL13B1' 'GAL13D1' 'GAL13B2' 'GAL13D2'],96,4
527_1LT001,1476.3665,51.97667,3399.435,['527_1LT001'],144,1,['39PVGA1' '39PVGB1' '39PVGA2' '39PVGB2' '39PVGA3' '39PVGB3'],144,6
528_0LT001,2327.5962,46.985573,5985.7827,['528_0LT001'],240,1,"['1QO3AB1' '1QO3AC1' '1QO3AB2' '1QO3AC2' '1QO3AB3' '1QO3AC3' '1QO3AB4'
 '1QO3AC4' '1QO3AB5' '1QO3AC5']",240,10
528_1LT001,2268.1587,48.969505,5369.0566,['528_1LT001'],216,1,"['13GVPA1' '13GVPB1' '13GVPD1' '13GVPA2' '13GVPB2' '13GVPD2' '13GVPA3'
 '13GVPB3' '13GVPD3']",216,9
529_0LT001,473.7509,52.772266,1256.4504,['529_0LT001'],48,1,['13OPQB1' '13OPQB2'],48,2
529_1LT001,1367.2869,51.918484,3384.2048,['529_1LT001'],144,1,['V3LQOA1' 'V3LQOB1' 'V3LQOA2' 'V3LQOB2' 'V3LQOA3' 'V3LQOB3'],144,6
529_2LT001,2131.43,48.97461,5713.6924,['529_2LT001'],216,1,"['L1O9AA1' 'L1O9AB1' 'L1O9AC1' 'L1O9AA2' 'L1O9AB2' 'L1O9AC2' 'L1O9AA3'
 'L1O9AB3' 'L1O9AC3']",216,9
529_3LT001,1399.1141,52.51205,3489.179,['529_3LT001'],144,1,['LAP9OA1' 'LAP9OB1' 'LAP9OA2' 'LAP9OB2' 'LAP9OA3' 'LAP9OB3'],144,6
530_0LT001,2149.016,49.682976,5404.2285,['530_0LT001'],216,1,"['VAQPGA1' 'VAQPGB1' 'VAQPGD1' 'VAQPGA2' 'VAQPGB2' 'VAQPGD2' 'VAQPGA3'
 'VAQPGB3' 'VAQPGD3']",216,9
530_1LT001,884.1413,50.32652,2108.0447,['530_1LT001'],96,1,['1AOPVB1' '1AOPVD1' '1AOPVB2' '1AOPVD2'],96,4
531_0LT001,2444.7583,48.590645,6158.4126,['531_0LT001'],240,1,"['OLQPVB1' 'OLQPVD1' 'OLQPVB2' 'OLQPVD2' 'OLQPVB3' 'OLQPVD3' 'OLQPVB4'
 'OLQPVD4' 'OLQPVB5' 'OLQPVD5']",240,10
531_1LT001,893.39984,51.22934,2440.1326,['531_1LT001'],96,1,['A1GOVB1' 'A1GOVD1' 'A1GOVB2' 'A1GOVD2'],96,4
531_2LT001,503.5039,48.056065,1015.9523,['531_2LT001'],48,1,['AVQ9GB1' 'AVQ9GB2'],48,2
532_0LT001,2163.3176,48.54353,5536.9634,['532_0LT001'],216,1,"['OPVLGA1' 'OPVLGB1' 'OPVLGC1' 'OPVLGA2' 'OPVLGB2' 'OPVLGC2' 'OPVLGA3'
 'OPVLGB3' 'OPVLGC3']",216,9
532_1LT001,2102.4705,50.918236,4850.9053,['532_1LT001'],216,1,"['LAQVOA1' 'LAQVOB1' 'LAQVOC1' 'LAQVOA2' 'LAQVOB2' 'LAQVOC2' 'LAQVOA3'
 'LAQVOB3' 'LAQVOC3']",216,9
532_2LT001,2260.9424,50.988132,5574.7124,['532_2LT001'],216,1,"['P3AGQA1' 'P3AGQB1' 'P3AGQD1' 'P3AGQA2' 'P3AGQB2' 'P3AGQD2' 'P3AGQA3'
 'P3AGQB3' 'P3AGQD3']",216,9
532_3LT001,829.5157,47.95103,2091.303,['532_3LT001'],96,1,['3L1OAB1' '3L1OAD1' '3L1OAB2' '3L1OAD2'],96,4
533_0LT001,952.6096,44.338947,2294.379,['533_0LT001'],96,1,['GL9VQB1' 'GL9VQD1' 'GL9VQB2' 'GL9VQD2'],96,4
533_1LT001,511.61374,47.048157,1302.0367,['533_1LT001'],48,1,['39OLGB1' '39OLGB2'],48,2
533_2LT001,2466.3188,48.9524,5734.537,['533_2LT001'],240,1,"['9GL1VB1' '9GL1VD1' '9GL1VB2' '9GL1VD2' '9GL1VB3' '9GL1VD3' '9GL1VB4'
 '9GL1VD4' '9GL1VB5' '9GL1VD5']",240,10
534_0LT001,2237.4243,47.77563,5060.223,['534_0LT001'],216,1,"['A1VO9A1' 'A1VO9B1' 'A1VO9C1' 'A1VO9A2' 'A1VO9B2' 'A1VO9C2' 'A1VO9A3'
 'A1VO9B3' 'A1VO9C3']",216,9
534_1LT001,460.74536,49.647358,1108.5078,['534_1LT001'],48,1,['QP1AOB1' 'QP1AOB2'],48,2
535_0LT001,2207.7166,50.281082,5757.951,['535_0LT001'],216,1,"['3A9PGA1' '3A9PGB1' '3A9PGD1' '3A9PGA2' '3A9PGB2' '3A9PGD2' '3A9PGA3'
 '3A9PGB3' '3A9PGD3']",216,9
535_1LT001,2101.6047,49.51788,5425.1997,['535_1LT001'],216,1,"['VA3L1A1' 'VA3L1B1' 'VA3L1D1' 'VA3L1A2' 'VA3L1B2' 'VA3L1D2' 'VA3L1A3'
 'VA3L1B3' 'VA3L1D3']",216,9
536_0LT001,2056.639,50.926834,5456.2236,['536_0LT001'],216,1,"['91POLA1' '91POLB1' '91POLD1' '91POLA2' '91POLB2' '91POLD2' '91POLA3'
 '91POLB3' '91POLD3']",216,9
536_1LT001,468.9332,49.518,1281.6803,['536_1LT001'],48,1,['Q91OGB1' 'Q91OGB2'],48,2
536_2LT001,2524.547,53.190876,5924.437,['536_2LT001'],240,1,"['PVGL1B1' 'PVGL1D1' 'PVGL1B2' 'PVGL1D2' 'PVGL1B3' 'PVGL1D3' 'PVGL1B4'
 'PVGL1D4' 'PVGL1B5' 'PVGL1D5']",240,10
537_0LT001,2080.1375,53.954815,5631.927,['537_0LT001'],216,1,"['VP1GQA1' 'VP1GQB1' 'VP1GQD1' 'VP1GQA2' 'VP1GQB2' 'VP1GQD2' 'VP1GQA3'
 'VP1GQB3' 'VP1GQD3']",216,9
537_1LT001,1484.0554,48.333893,3234.1865,['537_1LT001'],144,1,['OPGQ9A1' 'OPGQ9B1' 'OPGQ9A2' 'OPGQ9B2' 'OPGQ9A3' 'OPGQ9B3'],144,6
538_0LT001,962.59485,43.8835,2330.1045,['538_0LT001'],96,1,['ALO3QB1' 'ALO3QD1' 'ALO3QB2' 'ALO3QD2'],96,4
538_1LT001,1055.5935,57.499542,2404.7058,['538_1LT001'],96,1,['Q91P3B1' 'Q91P3D1' 'Q91P3B2' 'Q91P3D2'],96,4
539_0LT001,1432.0278,50.92842,3265.2993,['539_0LT001'],144,1,['3LPG9A1' '3LPG9B1' '3LPG9A2' '3LPG9B2' '3LPG9A3' '3LPG9B3'],144,6
539_1LT001,2381.4636,52.50618,5535.86,['539_1LT001'],240,1,"['G3LQVB1' 'G3LQVC1' 'G3LQVB2' 'G3LQVC2' 'G3LQVB3' 'G3LQVC3' 'G3LQVB4'
 'G3LQVC4' 'G3LQVB5' 'G3LQVC5']",240,10
540_0LT001,1407.0061,53.61816,3683.8347,['540_0LT001'],144,1,['PALVGA1' 'PALVGB1' 'PALVGA2' 'PALVGB2' 'PALVGA3' 'PALVGB3'],144,6
540_1LT001,2165.2158,51.4485,5350.0767,['540_1LT001'],216,1,"['V39GAA1' 'V39GAB1' 'V39GAD1' 'V39GAA2' 'V39GAB2' 'V39GAD2' 'V39GAA3'
 'V39GAB3' 'V39GAD3']",216,9
541_0LT001,476.0977,50.333897,1160.5618,['541_0LT001'],48,1,['A19Q3B1' 'A19Q3B2'],48,2
541_1LT001,2086.2095,51.01131,5715.714,['541_1LT001'],216,1,"['P9G1AA1' 'P9G1AB1' 'P9G1AD1' 'P9G1AA2' 'P9G1AB2' 'P9G1AD2' 'P9G1AA3'
 'P9G1AB3' 'P9G1AD3']",216,9
542_0LT001,2110.051,49.96841,5441.8447,['542_0LT001'],216,1,"['9GLP1A1' '9GLP1B1' '9GLP1C1' '9GLP1A2' '9GLP1B2' '9GLP1C2' '9GLP1A3'
 '9GLP1B3' '9GLP1C3']",216,9
542_1LT001,2137.467,53.54788,5115.9585,['542_1LT001'],216,1,"['Q3V1OA1' 'Q3V1OB1' 'Q3V1OD1' 'Q3V1OA2' 'Q3V1OB2' 'Q3V1OD2' 'Q3V1OA3'
 'Q3V1OB3' 'Q3V1OD3']",216,9
543_0LT001,2207.4626,49.67518,5392.9414,['543_0LT001'],216,1,"['OLV39A1' 'OLV39B1' 'OLV39D1' 'OLV39A2' 'OLV39B2' 'OLV39D2' 'OLV39A3'
 'OLV39B3' 'OLV39D3']",216,9
543_1LT001,2372.2808,48.47202,5685.17,['543_1LT001'],240,1,"['VQA1OB1' 'VQA1OC1' 'VQA1OB2' 'VQA1OC2' 'VQA1OB3' 'VQA1OC3' 'VQA1OB4'
 'VQA1OC4' 'VQA1OB5' 'VQA1OC5']",240,10
543_2LT001,2215.0713,47.415318,5636.727,['543_2LT001'],216,1,"['3V9AGA1' '3V9AGB1' '3V9AGC1' '3V9AGA2' '3V9AGB2' '3V9AGC2' '3V9AGA3'
 '3V9AGB3' '3V9AGC3']",216,9
543_3LT001,1401.8622,48.304558,3549.8894,['543_3LT001'],144,1,['O39VAA1' 'O39VAB1' 'O39VAA2' 'O39VAB2' 'O39VAA3' 'O39VAB3'],144,6
543_4LT001,499.38232,48.88438,1118.4673,['543_4LT001'],48,1,['PALOQB1' 'PALOQB2'],48,2
543_5LT001,2125.4343,48.57768,5282.302,['543_5LT001'],216,1,"['Q9PG3A1' 'Q9PG3B1' 'Q9PG3C1' 'Q9PG3A2' 'Q9PG3B2' 'Q9PG3C2' 'Q9PG3A3'
 'Q9PG3B3' 'Q9PG3C3']",216,9
543_6LT001,2124.532,51.423664,5293.1147,['543_6LT001'],216,1,"['GV9L1A1' 'GV9L1B1' 'GV9L1C1' 'GV9L1A2' 'GV9L1B2' 'GV9L1C2' 'GV9L1A3'
 'GV9L1B3' 'GV9L1C3']",216,9
544_0LT001,2108.0696,51.375244,5474.791,['544_0LT001'],216,1,"['QV9GPA1' 'QV9GPB1' 'QV9GPD1' 'QV9GPA2' 'QV9GPB2' 'QV9GPD2' 'QV9GPA3'
 'QV9GPB3' 'QV9GPD3']",216,9
544_1LT001,467.1512,51.547237,1183.8877,['544_1LT001'],48,1,['PVO9AB1' 'PVO9AB2'],48,2
544_2LT001,1418.7784,50.174545,3539.7026,['544_2LT001'],144,1,['P9V3LA1' 'P9V3LB1' 'P9V3LA2' 'P9V3LB2' 'P9V3LA3' 'P9V3LB3'],144,6
544_3LT001,2374.6794,53.017864,5472.704,['544_3LT001'],216,1,"['QOVAGA1' 'QOVAGB1' 'QOVAGD1' 'QOVAGA2' 'QOVAGB2' 'QOVAGD2' 'QOVAGA3'
 'QOVAGB3' 'QOVAGD3']",216,9
545_0LT001,463.16507,50.248257,1174.055,['545_0LT001'],48,1,['O1AG9B1' 'O1AG9B2'],48,2
545_1LT001,532.9465,47.449543,1196.2463,['545_1LT001'],48,1,['LA3P1B1' 'LA3P1B2'],48,2
545_2LT001,2208.6853,51.0792,5687.979,['545_2LT001'],216,1,"['P1LOAA1' 'P1LOAB1' 'P1LOAD1' 'P1LOAA2' 'P1LOAB2' 'P1LOAD2' 'P1LOAA3'
 'P1LOAB3' 'P1LOAD3']",216,9
545_3LT001,2210.8845,53.51038,5612.8057,['545_3LT001'],216,1,"['931VOA1' '931VOB1' '931VOD1' '931VOA2' '931VOB2' '931VOD2' '931VOA3'
 '931VOB3' '931VOD3']",216,9
546_0LT001,501.19107,48.789974,1126.6285,['546_0LT001'],48,1,['L93VAB1' 'L93VAB2'],48,2
546_1LT001,2272.5627,49.08103,5044.811,['546_1LT001'],216,1,"['O1VQLA1' 'O1VQLB1' 'O1VQLC1' 'O1VQLA2' 'O1VQLB2' 'O1VQLC2' 'O1VQLA3'
 'O1VQLB3' 'O1VQLC3']",216,9
547_0LT001,2099.6653,49.04412,5465.6196,['547_0LT001'],216,1,"['L3O1PA1' 'L3O1PB1' 'L3O1PC1' 'L3O1PA2' 'L3O1PB2' 'L3O1PC2' 'L3O1PA3'
 'L3O1PB3' 'L3O1PC3']",216,9
547_1LT001,1061.4272,46.98375,2397.6584,['547_1LT001'],96,1,['91PQAB1' '91PQAD1' '91PQAB2' '91PQAD2'],96,4
547_2LT001,2115.5967,49.520615,5143.6025,['547_2LT001'],216,1,"['L3QVOA1' 'L3QVOB1' 'L3QVOD1' 'L3QVOA2' 'L3QVOB2' 'L3QVOD2' 'L3QVOA3'
 'L3QVOB3' 'L3QVOD3']",216,9
547_3LT001,2322.6816,50.83264,5744.331,['547_3LT001'],216,1,"['GL3O9A1' 'GL3O9B1' 'GL3O9D1' 'GL3O9A2' 'GL3O9B2' 'GL3O9D2' 'GL3O9A3'
 'GL3O9B3' 'GL3O9D3']",216,9
547_4LT001,2028.1821,51.1444,4918.4067,['547_4LT001'],216,1,"['QL39OA1' 'QL39OB1' 'QL39OC1' 'QL39OA2' 'QL39OB2' 'QL39OC2' 'QL39OA3'
 'QL39OB3' 'QL39OC3']",216,9
548_0LT001,2161.2043,52.316895,5379.079,['548_0LT001'],216,1,"['Q19A3A1' 'Q19A3B1' 'Q19A3D1' 'Q19A3A2' 'Q19A3B2' 'Q19A3D2' 'Q19A3A3'
 'Q19A3B3' 'Q19A3D3']",216,9
548_1LT001,1029.5367,50.81647,2388.4575,['548_1LT001'],96,1,['91PLQB1' '91PLQD1' '91PLQB2' '91PLQD2'],96,4
548_2LT001,899.2001,51.551044,2433.7578,['548_2LT001'],96,1,['L39PQB1' 'L39PQD1' 'L39PQB2' 'L39PQD2'],96,4
549_0LT001,2155.625,46.626957,5448.904,['549_0LT001'],216,1,"['O3P9VA1' 'O3P9VB1' 'O3P9VC1' 'O3P9VA2' 'O3P9VB2' 'O3P9VC2' 'O3P9VA3'
 'O3P9VB3' 'O3P9VC3']",216,9
549_1LT001,905.73816,54.081467,2391.0144,['549_1LT001'],96,1,['AV9GLB1' 'AV9GLD1' 'AV9GLB2' 'AV9GLD2'],96,4
549_2LT001,2260.3643,46.12586,5165.347,['549_2LT001'],216,1,"['V1Q93A1' 'V1Q93B1' 'V1Q93D1' 'V1Q93A2' 'V1Q93B2' 'V1Q93D2' 'V1Q93A3'
 'V1Q93B3' 'V1Q93D3']",216,9
550_0LT001,2142.175,50.36613,5256.8457,['550_0LT001'],216,1,"['Q3AG1A1' 'Q3AG1B1' 'Q3AG1D1' 'Q3AG1A2' 'Q3AG1B2' 'Q3AG1D2' 'Q3AG1A3'
 'Q3AG1B3' 'Q3AG1D3']",216,9
550_1LT001,2173.031,49.208797,5400.5396,['550_1LT001'],216,1,"['LVA1PA1' 'LVA1PB1' 'LVA1PD1' 'LVA1PA2' 'LVA1PB2' 'LVA1PD2' 'LVA1PA3'
 'LVA1PB3' 'LVA1PD3']",216,9
551_0LT001,993.50116,50.607998,2515.7075,['551_0LT001'],96,1,['9GVQPB1' '9GVQPD1' '9GVQPB2' '9GVQPD2'],96,4
551_1LT001,2320.3752,52.37723,5272.2573,['551_1LT001'],216,1,"['9OALPA1' '9OALPB1' '9OALPD1' '9OALPA2' '9OALPB2' '9OALPD2' '9OALPA3'
 '9OALPB3' '9OALPD3']",216,9
551_2LT001,2097.107,48.647945,5362.8076,['551_2LT001'],216,1,"['O1Q3GA1' 'O1Q3GB1' 'O1Q3GC1' 'O1Q3GA2' 'O1Q3GB2' 'O1Q3GC2' 'O1Q3GA3'
 'O1Q3GB3' 'O1Q3GC3']",216,9
552_0LT001,2037.1598,47.103672,5176.894,['552_0LT001'],216,1,"['GQA3OA1' 'GQA3OB1' 'GQA3OC1' 'GQA3OA2' 'GQA3OB2' 'GQA3OC2' 'GQA3OA3'
 'GQA3OB3' 'GQA3OC3']",216,9
552_1LT001,2178.5796,46.734955,5771.5947,['552_1LT001'],216,1,"['1OGLVA1' '1OGLVB1' '1OGLVD1' '1OGLVA2' '1OGLVB2' '1OGLVD2' '1OGLVA3'
 '1OGLVB3' '1OGLVD3']",216,9
552_2LT001,1439.329,49.480747,3709.9382,['552_2LT001'],144,1,['AGQVLA1' 'AGQVLB1' 'AGQVLA2' 'AGQVLB2' 'AGQVLA3' 'AGQVLB3'],144,6
552_3LT001,2213.2805,50.31576,5859.1685,['552_3LT001'],216,1,"['VG3A1A1' 'VG3A1B1' 'VG3A1C1' 'VG3A1A2' 'VG3A1B2' 'VG3A1C2' 'VG3A1A3'
 'VG3A1B3' 'VG3A1C3']",216,9
553_0LT001,1373.8076,47.023388,3420.239,['553_0LT001'],144,1,['1LOQ9A1' '1LOQ9B1' '1LOQ9A2' '1LOQ9B2' '1LOQ9A3' '1LOQ9B3'],144,6
553_1LT001,2191.0376,50.33884,5098.7705,['553_1LT001'],216,1,"['31G9OA1' '31G9OB1' '31G9OD1' '31G9OA2' '31G9OB2' '31G9OD2' '31G9OA3'
 '31G9OB3' '31G9OD3']",216,9
553_2LT001,2184.025,51.750748,5073.803,['553_2LT001'],216,1,"['P3VQ1A1' 'P3VQ1B1' 'P3VQ1D1' 'P3VQ1A2' 'P3VQ1B2' 'P3VQ1D2' 'P3VQ1A3'
 'P3VQ1B3' 'P3VQ1D3']",216,9
554_0LT001,2253.8489,49.609695,5401.5645,['554_0LT001'],216,1,"['A1V3LA1' 'A1V3LB1' 'A1V3LC1' 'A1V3LA2' 'A1V3LB2' 'A1V3LC2' 'A1V3LA3'
 'A1V3LB3' 'A1V3LC3']",216,9
554_1LT001,901.2664,47.190506,2282.6572,['554_1LT001'],96,1,['V91POB1' 'V91POD1' 'V91POB2' 'V91POD2'],96,4
554_2LT001,2092.9536,51.938175,5407.4634,['554_2LT001'],216,1,"['G9VOQA1' 'G9VOQB1' 'G9VOQD1' 'G9VOQA2' 'G9VOQB2' 'G9VOQD2' 'G9VOQA3'
 'G9VOQB3' 'G9VOQD3']",216,9
554_3LT001,951.4639,50.069164,2231.998,['554_3LT001'],96,1,['LAGPOB1' 'LAGPOD1' 'LAGPOB2' 'LAGPOD2'],96,4
555_0LT001,2208.8142,48.64043,5854.1294,['555_0LT001'],216,1,"['LV9QGA1' 'LV9QGB1' 'LV9QGD1' 'LV9QGA2' 'LV9QGB2' 'LV9QGD2' 'LV9QGA3'
 'LV9QGB3' 'LV9QGD3']",216,9
555_1LT001,2229.3372,49.953785,5632.609,['555_1LT001'],216,1,"['3PO9VA1' '3PO9VB1' '3PO9VD1' '3PO9VA2' '3PO9VB2' '3PO9VD2' '3PO9VA3'
 '3PO9VB3' '3PO9VD3']",216,9
555_2LT001,1486.535,50.736053,3554.5896,['555_2LT001'],144,1,['9P1VLA1' '9P1VLB1' '9P1VLA2' '9P1VLB2' '9P1VLA3' '9P1VLB3'],144,6
555_3LT001,477.99118,47.903107,1210.3442,['555_3LT001'],48,1,['OVP1QB1' 'OVP1QB2'],48,2
556_0LT001,2282.6418,50.903393,5433.092,['556_0LT001'],216,1,"['9AP1QA1' '9AP1QB1' '9AP1QC1' '9AP1QA2' '9AP1QB2' '9AP1QC2' '9AP1QA3'
 '9AP1QB3' '9AP1QC3']",216,9
556_1LT001,2321.3386,47.61336,5371.2324,['556_1LT001'],216,1,"['V1L9PA1' 'V1L9PB1' 'V1L9PD1' 'V1L9PA2' 'V1L9PB2' 'V1L9PD2' 'V1L9PA3'
 'V1L9PB3' 'V1L9PD3']",216,9
556_2LT001,2161.6694,52.26641,5523.21,['556_2LT001'],216,1,"['P3Q1LA1' 'P3Q1LB1' 'P3Q1LC1' 'P3Q1LA2' 'P3Q1LB2' 'P3Q1LC2' 'P3Q1LA3'
 'P3Q1LB3' 'P3Q1LC3']",216,9
556_3LT001,912.78735,52.92772,2315.519,['556_3LT001'],96,1,['Q1OLAB1' 'Q1OLAD1' 'Q1OLAB2' 'Q1OLAD2'],96,4
557_0LT001,2041.7657,49.477955,5025.9,['557_0LT001'],216,1,"['OPG9LA1' 'OPG9LB1' 'OPG9LC1' 'OPG9LA2' 'OPG9LB2' 'OPG9LC2' 'OPG9LA3'
 'OPG9LB3' 'OPG9LC3']",216,9
557_1LT001,2140.4475,50.20611,4785.056,['557_1LT001'],216,1,"['L193PA1' 'L193PB1' 'L193PD1' 'L193PA2' 'L193PB2' 'L193PD2' 'L193PA3'
 'L193PB3' 'L193PD3']",216,9
557_2LT001,390.84082,53.927937,1308.9741,['557_2LT001'],48,1,['P9A13B1' 'P9A13B2'],48,2
557_3LT001,998.73694,51.547237,2225.139,['557_3LT001'],96,1,['AGQV9B1' 'AGQV9D1' 'AGQV9B2' 'AGQV9D2'],96,4
558_0LT001,2079.0256,52.232697,5325.239,['558_0LT001'],216,1,"['A91OLA1' 'A91OLB1' 'A91OLD1' 'A91OLA2' 'A91OLB2' 'A91OLD2' 'A91OLA3'
 'A91OLB3' 'A91OLD3']",216,9
558_1LT001,1418.6089,51.414085,3828.2302,['558_1LT001'],144,1,['OP1VQA1' 'OP1VQB1' 'OP1VQA2' 'OP1VQB2' 'OP1VQA3' 'OP1VQB3'],144,6
559_0LT001,2268.0344,51.587883,5732.08,['559_0LT001'],216,1,"['A913GA1' 'A913GB1' 'A913GD1' 'A913GA2' 'A913GB2' 'A913GD2' 'A913GA3'
 'A913GB3' 'A913GD3']",216,9
559_1LT001,2241.4321,50.61174,5163.4043,['559_1LT001'],216,1,"['1PQ3GA1' '1PQ3GB1' '1PQ3GD1' '1PQ3GA2' '1PQ3GB2' '1PQ3GD2' '1PQ3GA3'
 '1PQ3GB3' '1PQ3GD3']",216,9
560_0LT001,2109.3481,50.87595,5175.33,['560_0LT001'],216,1,"['AGV9LA1' 'AGV9LB1' 'AGV9LC1' 'AGV9LA2' 'AGV9LB2' 'AGV9LC2' 'AGV9LA3'
 'AGV9LB3' 'AGV9LC3']",216,9
560_1LT001,2083.3486,48.92365,5484.915,['560_1LT001'],216,1,"['V3LOQA1' 'V3LOQB1' 'V3LOQC1' 'V3LOQA2' 'V3LOQB2' 'V3LOQC2' 'V3LOQA3'
 'V3LOQB3' 'V3LOQC3']",216,9
561_0LT001,2179.5593,48.611786,5429.7075,['561_0LT001'],216,1,"['OPA1LA1' 'OPA1LB1' 'OPA1LD1' 'OPA1LA2' 'OPA1LB2' 'OPA1LD2' 'OPA1LA3'
 'OPA1LB3' 'OPA1LD3']",216,9
561_1LT001,465.90817,45.2542,1225.6602,['561_1LT001'],48,1,['9AGP1B1' '9AGP1B2'],48,2
561_2LT001,2201.5251,50.64362,5330.892,['561_2LT001'],216,1,"['GVA9QA1' 'GVA9QB1' 'GVA9QC1' 'GVA9QA2' 'GVA9QB2' 'GVA9QC2' 'GVA9QA3'
 'GVA9QB3' 'GVA9QC3']",216,9
561_3LT001,2250.17,51.638454,5556.3965,['561_3LT001'],216,1,"['A1OLVA1' 'A1OLVB1' 'A1OLVC1' 'A1OLVA2' 'A1OLVB2' 'A1OLVC2' 'A1OLVA3'
 'A1OLVB3' 'A1OLVC3']",216,9
562_0LT001,934.9282,43.825665,2661.451,['562_0LT001'],96,1,['GOP13B1' 'GOP13D1' 'GOP13B2' 'GOP13D2'],96,4
562_1LT001,2099.817,49.694378,5473.5776,['562_1LT001'],216,1,"['GPO93A1' 'GPO93B1' 'GPO93C1' 'GPO93A2' 'GPO93B2' 'GPO93C2' 'GPO93A3'
 'GPO93B3' 'GPO93C3']",216,9
562_2LT001,933.53253,47.5215,2482.0789,['562_2LT001'],96,1,['9VAPGB1' '9VAPGD1' '9VAPGB2' '9VAPGD2'],96,4
563_0LT001,2107.7344,49.948166,5124.1353,['563_0LT001'],216,1,"['O9P1AA1' 'O9P1AB1' 'O9P1AD1' 'O9P1AA2' 'O9P1AB2' 'O9P1AD2' 'O9P1AA3'
 'O9P1AB3' 'O9P1AD3']",216,9
563_1LT001,2136.1492,48.120686,5633.7383,['563_1LT001'],216,1,"['OL9PQA1' 'OL9PQB1' 'OL9PQD1' 'OL9PQA2' 'OL9PQB2' 'OL9PQD2' 'OL9PQA3'
 'OL9PQB3' 'OL9PQD3']",216,9
564_0LT001,2128.652,51.85821,5315.9795,['564_0LT001'],216,1,"['AL9VQA1' 'AL9VQB1' 'AL9VQC1' 'AL9VQA2' 'AL9VQB2' 'AL9VQC2' 'AL9VQA3'
 'AL9VQB3' 'AL9VQC3']",216,9
564_1LT001,2183.6873,46.63753,5471.2217,['564_1LT001'],216,1,"['AG1O3A1' 'AG1O3B1' 'AG1O3C1' 'AG1O3A2' 'AG1O3B2' 'AG1O3C2' 'AG1O3A3'
 'AG1O3B3' 'AG1O3C3']",216,9
564_2LT001,2161.445,50.67617,5505.6177,['564_2LT001'],216,1,"['1G9AQA1' '1G9AQB1' '1G9AQD1' '1G9AQA2' '1G9AQB2' '1G9AQD2' '1G9AQA3'
 '1G9AQB3' '1G9AQD3']",216,9
564_3LT001,2199.1936,48.351692,5892.304,['564_3LT001'],216,1,"['1Q9VAA1' '1Q9VAB1' '1Q9VAC1' '1Q9VAA2' '1Q9VAB2' '1Q9VAC2' '1Q9VAA3'
 '1Q9VAB3' '1Q9VAC3']",216,9
565_0LT001,902.98535,50.188305,2540.6868,['565_0LT001'],96,1,['39Q1GB1' '39Q1GD1' '39Q1GB2' '39Q1GD2'],96,4
565_1LT001,2168.111,50.32068,5548.848,['565_1LT001'],216,1,"['3AQ9OA1' '3AQ9OB1' '3AQ9OD1' '3AQ9OA2' '3AQ9OB2' '3AQ9OD2' '3AQ9OA3'
 '3AQ9OB3' '3AQ9OD3']",216,9
565_2LT001,2265.4324,49.26461,5606.8994,['565_2LT001'],240,1,"['VPOL3B1' 'VPOL3D1' 'VPOL3B2' 'VPOL3D2' 'VPOL3B3' 'VPOL3D3' 'VPOL3B4'
 'VPOL3D4' 'VPOL3B5' 'VPOL3D5']",240,10
565_3LT001,881.0902,47.38881,2320.3733,['565_3LT001'],96,1,['G1O9AB1' 'G1O9AD1' 'G1O9AB2' 'G1O9AD2'],96,4
566_0LT001,1327.8965,50.528767,3776.6033,['566_0LT001'],144,1,['PLAVQA1' 'PLAVQB1' 'PLAVQA2' 'PLAVQB2' 'PLAVQA3' 'PLAVQB3'],144,6
566_1LT001,2170.5679,52.30474,5580.0444,['566_1LT001'],216,1,"['PQLG3A1' 'PQLG3B1' 'PQLG3C1' 'PQLG3A2' 'PQLG3B2' 'PQLG3C2' 'PQLG3A3'
 'PQLG3B3' 'PQLG3C3']",216,9
566_2LT001,2202.4397,48.31323,5395.7295,['566_2LT001'],216,1,"['93QL1A1' '93QL1B1' '93QL1D1' '93QL1A2' '93QL1B2' '93QL1D2' '93QL1A3'
 '93QL1B3' '93QL1D3']",216,9
566_3LT001,2115.0955,54.88358,5168.4185,['566_3LT001'],216,1,"['GA9V1A1' 'GA9V1B1' 'GA9V1C1' 'GA9V1A2' 'GA9V1B2' 'GA9V1C2' 'GA9V1A3'
 'GA9V1B3' 'GA9V1C3']",216,9
567_0LT001,2181.342,48.855793,5336.86,['567_0LT001'],216,1,"['3VOLGA1' '3VOLGB1' '3VOLGD1' '3VOLGA2' '3VOLGB2' '3VOLGD2' '3VOLGA3'
 '3VOLGB3' '3VOLGD3']",216,9
567_1LT001,1315.9961,52.92965,3579.9678,['567_1LT001'],144,1,['3OALGA1' '3OALGB1' '3OALGA2' '3OALGB2' '3OALGA3' '3OALGB3'],144,6
567_2LT001,2279.764,52.18323,5490.083,['567_2LT001'],216,1,"['VQGLAA1' 'VQGLAB1' 'VQGLAC1' 'VQGLAA2' 'VQGLAB2' 'VQGLAC2' 'VQGLAA3'
 'VQGLAB3' 'VQGLAC3']",216,9
568_0LT001,2079.5583,51.73493,5423.3447,['568_0LT001'],216,1,"['PQA3VA1' 'PQA3VB1' 'PQA3VC1' 'PQA3VA2' 'PQA3VB2' 'PQA3VC2' 'PQA3VA3'
 'PQA3VB3' 'PQA3VC3']",216,9
568_1LT001,1016.4069,51.90987,2351.751,['568_1LT001'],96,1,['PGOLAB1' 'PGOLAD1' 'PGOLAB2' 'PGOLAD2'],96,4
569_0LT001,2232.6985,47.197136,5660.839,['569_0LT001'],216,1,"['AV1QGA1' 'AV1QGB1' 'AV1QGC1' 'AV1QGA2' 'AV1QGB2' 'AV1QGC2' 'AV1QGA3'
 'AV1QGB3' 'AV1QGC3']",216,9
569_1LT001,469.831,48.58164,1127.7903,['569_1LT001'],48,1,['VL9APB1' 'VL9APB2'],48,2
569_2LT001,2074.6636,53.527264,5526.3027,['569_2LT001'],216,1,"['L13VGA1' 'L13VGB1' 'L13VGD1' 'L13VGA2' 'L13VGB2' 'L13VGD2' 'L13VGA3'
 'L13VGB3' 'L13VGD3']",216,9
569_3LT001,2261.493,50.38301,5168.8345,['569_3LT001'],216,1,"['LVP1GA1' 'LVP1GB1' 'LVP1GD1' 'LVP1GA2' 'LVP1GB2' 'LVP1GD2' 'LVP1GA3'
 'LVP1GB3' 'LVP1GD3']",216,9
570_0LT001,467.44495,50.997173,1151.7699,['570_0LT001'],48,1,['OQ3PLB1' 'OQ3PLB2'],48,2
570_1LT001,513.2762,49.051907,1063.319,['570_1LT001'],48,1,['VGA1QB1' 'VGA1QB2'],48,2
570_2LT001,2230.5413,50.782104,5424.215,['570_2LT001'],216,1,"['GAL9OA1' 'GAL9OB1' 'GAL9OD1' 'GAL9OA2' 'GAL9OB2' 'GAL9OD2' 'GAL9OA3'
 'GAL9OB3' 'GAL9OD3']",216,9
571_0LT001,1536.5559,50.547787,3734.386,['571_0LT001'],144,1,['LGPVOA1' 'LGPVOB1' 'LGPVOA2' 'LGPVOB2' 'LGPVOA3' 'LGPVOB3'],144,6
571_1LT001,491.03696,43.5852,1167.2922,['571_1LT001'],48,1,['LG9O1B1' 'LG9O1B2'],48,2
571_2LT001,911.64154,46.90308,2745.4827,['571_2LT001'],96,1,['P3QVGB1' 'P3QVGD1' 'P3QVGB2' 'P3QVGD2'],96,4
571_3LT001,1382.3329,52.63881,3653.0,['571_3LT001'],144,1,['VAP1QA1' 'VAP1QB1' 'VAP1QA2' 'VAP1QB2' 'VAP1QA3' 'VAP1QB3'],144,6
572_0LT001,2177.769,47.822536,5311.5596,['572_0LT001'],216,1,"['AQVPLA1' 'AQVPLB1' 'AQVPLD1' 'AQVPLA2' 'AQVPLB2' 'AQVPLD2' 'AQVPLA3'
 'AQVPLB3' 'AQVPLD3']",216,9
572_1LT001,935.2966,52.54514,2266.0842,['572_1LT001'],96,1,['L1OPGB1' 'L1OPGD1' 'L1OPGB2' 'L1OPGD2'],96,4
573_0LT001,2193.2903,55.101913,4857.105,['573_0LT001'],216,1,"['OPLG3A1' 'OPLG3B1' 'OPLG3C1' 'OPLG3A2' 'OPLG3B2' 'OPLG3C2' 'OPLG3A3'
 'OPLG3B3' 'OPLG3C3']",216,9
573_1LT001,2304.7383,51.651386,5259.995,['573_1LT001'],216,1,"['OP1AQA1' 'OP1AQB1' 'OP1AQC1' 'OP1AQA2' 'OP1AQB2' 'OP1AQC2' 'OP1AQA3'
 'OP1AQB3' 'OP1AQC3']",216,9
573_2LT001,899.3344,51.87135,2383.418,['573_2LT001'],96,1,['VO1QPB1' 'VO1QPD1' 'VO1QPB2' 'VO1QPD2'],96,4
574_0LT001,900.09314,43.18105,2291.1282,['574_0LT001'],96,1,['LVOAPB1' 'LVOAPD1' 'LVOAPB2' 'LVOAPD2'],96,4
574_1LT001,2088.9998,52.712067,5586.7515,['574_1LT001'],216,1,"['OALVQA1' 'OALVQB1' 'OALVQD1' 'OALVQA2' 'OALVQB2' 'OALVQD2' 'OALVQA3'
 'OALVQB3' 'OALVQD3']",216,9
575_0LT001,2182.5916,48.54834,5263.4673,['575_0LT001'],216,1,"['31PVLA1' '31PVLB1' '31PVLD1' '31PVLA2' '31PVLB2' '31PVLD2' '31PVLA3'
 '31PVLB3' '31PVLD3']",216,9
575_1LT001,524.9098,56.87489,1233.1459,['575_1LT001'],48,1,['3LGP1B1' '3LGP1B2'],48,2
575_2LT001,508.89883,53.04253,1347.1814,['575_2LT001'],48,1,['9A3OLB1' '9A3OLB2'],48,2
576_0LT001,477.96933,52.035282,1188.7561,['576_0LT001'],48,1,['L1VP3B1' 'L1VP3B2'],48,2
576_1LT001,2159.015,50.426704,5559.529,['576_1LT001'],216,1,"['GA1OLA1' 'GA1OLB1' 'GA1OLD1' 'GA1OLA2' 'GA1OLB2' 'GA1OLD2' 'GA1OLA3'
 'GA1OLB3' 'GA1OLD3']",216,9
576_2LT001,2150.061,51.828667,5003.464,['576_2LT001'],216,1,"['LG13PA1' 'LG13PB1' 'LG13PC1' 'LG13PA2' 'LG13PB2' 'LG13PC2' 'LG13PA3'
 'LG13PB3' 'LG13PC3']",216,9
577_0LT001,1388.6997,49.79479,3502.18,['577_0LT001'],144,1,['LGQ19A1' 'LGQ19B1' 'LGQ19A2' 'LGQ19B2' 'LGQ19A3' 'LGQ19B3'],144,6
577_1LT001,2305.1057,53.03566,5038.8657,['577_1LT001'],216,1,"['OPV39A1' 'OPV39B1' 'OPV39C1' 'OPV39A2' 'OPV39B2' 'OPV39C2' 'OPV39A3'
 'OPV39B3' 'OPV39C3']",216,9
577_2LT001,1234.2406,47.80219,3464.7268,['577_2LT001'],144,1,['GVP91A1' 'GVP91B1' 'GVP91A2' 'GVP91B2' 'GVP91A3' 'GVP91B3'],144,6
578_0LT001,482.53772,50.58224,1236.122,['578_0LT001'],48,1,['LP1Q3B1' 'LP1Q3B2'],48,2
578_1LT001,2140.1992,47.61929,5334.055,['578_1LT001'],216,1,"['P3AOGA1' 'P3AOGB1' 'P3AOGD1' 'P3AOGA2' 'P3AOGB2' 'P3AOGD2' 'P3AOGA3'
 'P3AOGB3' 'P3AOGD3']",216,9
578_2LT001,2140.2695,52.05405,5290.933,['578_2LT001'],216,1,"['A1OQPA1' 'A1OQPB1' 'A1OQPC1' 'A1OQPA2' 'A1OQPB2' 'A1OQPC2' 'A1OQPA3'
 'A1OQPB3' 'A1OQPC3']",216,9
579_0LT001,2166.1072,51.935383,5365.2456,['579_0LT001'],216,1,"['1P9OVA1' '1P9OVB1' '1P9OVD1' '1P9OVA2' '1P9OVB2' '1P9OVD2' '1P9OVA3'
 '1P9OVB3' '1P9OVD3']",216,9
579_1LT001,1401.3666,47.70759,3656.4702,['579_1LT001'],144,1,['GLQPOA1' 'GLQPOB1' 'GLQPOA2' 'GLQPOB2' 'GLQPOA3' 'GLQPOB3'],144,6
580_0LT001,2164.4934,50.07534,5284.4375,['580_0LT001'],216,1,"['GAQ39A1' 'GAQ39B1' 'GAQ39D1' 'GAQ39A2' 'GAQ39B2' 'GAQ39D2' 'GAQ39A3'
 'GAQ39B3' 'GAQ39D3']",216,9
580_1LT001,2091.5996,47.876324,5210.3667,['580_1LT001'],216,1,"['39P1QA1' '39P1QB1' '39P1QD1' '39P1QA2' '39P1QB2' '39P1QD2' '39P1QA3'
 '39P1QB3' '39P1QD3']",216,9
581_0LT001,2079.8682,49.5758,5388.6606,['581_0LT001'],216,1,"['9LO3VA1' '9LO3VB1' '9LO3VD1' '9LO3VA2' '9LO3VB2' '9LO3VD2' '9LO3VA3'
 '9LO3VB3' '9LO3VD3']",216,9
581_1LT001,2033.3728,48.169193,5470.8677,['581_1LT001'],216,1,"['QAOP9A1' 'QAOP9B1' 'QAOP9D1' 'QAOP9A2' 'QAOP9B2' 'QAOP9D2' 'QAOP9A3'
 'QAOP9B3' 'QAOP9D3']",216,9
582_0LT001,434.21716,50.50847,1269.7192,['582_0LT001'],48,1,['QP3VOB1' 'QP3VOB2'],48,2
582_1LT001,2188.0242,50.831062,5779.4224,['582_1LT001'],216,1,"['3GQVOA1' '3GQVOB1' '3GQVOC1' '3GQVOA2' '3GQVOB2' '3GQVOC2' '3GQVOA3'
 '3GQVOB3' '3GQVOC3']",216,9
582_2LT001,414.40268,45.5769,1264.3243,['582_2LT001'],48,1,['Q3APGB1' 'Q3APGB2'],48,2
582_3LT001,479.15698,48.78976,1347.416,['582_3LT001'],48,1,['P9AQ1B1' 'P9AQ1B2'],48,2
583_0LT001,1422.7656,50.024536,3414.6719,['583_0LT001'],144,1,['9O1A3A1' '9O1A3B1' '9O1A3A2' '9O1A3B2' '9O1A3A3' '9O1A3B3'],144,6
583_1LT001,466.91943,52.949894,1157.6046,['583_1LT001'],48,1,['LGAV9B1' 'LGAV9B2'],48,2
584_0LT001,2089.8416,52.416504,5291.6855,['584_0LT001'],216,1,"['GVPLAA1' 'GVPLAB1' 'GVPLAD1' 'GVPLAA2' 'GVPLAB2' 'GVPLAD2' 'GVPLAA3'
 'GVPLAB3' 'GVPLAD3']",216,9
584_1LT001,2235.9673,50.96635,5324.465,['584_1LT001'],216,1,"['A19OQA1' 'A19OQB1' 'A19OQD1' 'A19OQA2' 'A19OQB2' 'A19OQD2' 'A19OQA3'
 'A19OQB3' 'A19OQD3']",216,9
585_0LT001,1464.547,50.203964,3261.9434,['585_0LT001'],144,1,['3GO9LA1' '3GO9LB1' '3GO9LA2' '3GO9LB2' '3GO9LA3' '3GO9LB3'],144,6
585_1LT001,1509.593,50.486744,3742.667,['585_1LT001'],144,1,['LVGPQA1' 'LVGPQB1' 'LVGPQA2' 'LVGPQB2' 'LVGPQA3' 'LVGPQB3'],144,6
585_2LT001,1417.4495,48.695873,3684.9165,['585_2LT001'],144,1,['31QOVA1' '31QOVB1' '31QOVA2' '31QOVB2' '31QOVA3' '31QOVB3'],144,6
586_0LT001,2062.7175,48.727802,5171.4043,['586_0LT001'],216,1,"['1LG3QA1' '1LG3QB1' '1LG3QC1' '1LG3QA2' '1LG3QB2' '1LG3QC2' '1LG3QA3'
 '1LG3QB3' '1LG3QC3']",216,9
586_1LT001,2157.7478,51.892895,5266.6675,['586_1LT001'],216,1,"['OPLG9A1' 'OPLG9B1' 'OPLG9D1' 'OPLG9A2' 'OPLG9B2' 'OPLG9D2' 'OPLG9A3'
 'OPLG9B3' 'OPLG9D3']",216,9
587_0LT001,940.6024,50.125683,2811.9849,['587_0LT001'],96,1,['A3OPVB1' 'A3OPVD1' 'A3OPVB2' 'A3OPVD2'],96,4
587_1LT001,521.7638,54.662064,1118.2888,['587_1LT001'],48,1,['9O31GB1' '9O31GB2'],48,2
588_0LT001,2162.454,52.11858,5257.8296,['588_0LT001'],216,1,"['QG9OPA1' 'QG9OPB1' 'QG9OPC1' 'QG9OPA2' 'QG9OPB2' 'QG9OPC2' 'QG9OPA3'
 'QG9OPB3' 'QG9OPC3']",216,9
588_1LT001,462.5205,49.452454,1196.522,['588_1LT001'],48,1,['G91VPB1' 'G91VPB2'],48,2
588_2LT001,1455.3986,47.578312,3621.436,['588_2LT001'],144,1,['L3OAQA1' 'L3OAQB1' 'L3OAQA2' 'L3OAQB2' 'L3OAQA3' 'L3OAQB3'],144,6
589_0LT001,1392.9491,51.22349,3688.5662,['589_0LT001'],144,1,['OPV3LA1' 'OPV3LB1' 'OPV3LA2' 'OPV3LB2' 'OPV3LA3' 'OPV3LB3'],144,6
589_1LT001,2162.4348,47.090744,5898.5586,['589_1LT001'],216,1,"['G3LPAA1' 'G3LPAB1' 'G3LPAC1' 'G3LPAA2' 'G3LPAB2' 'G3LPAC2' 'G3LPAA3'
 'G3LPAB3' 'G3LPAC3']",216,9
590_0LT001,2152.1658,48.158424,5630.1475,['590_0LT001'],216,1,"['VOGAPA1' 'VOGAPB1' 'VOGAPD1' 'VOGAPA2' 'VOGAPB2' 'VOGAPD2' 'VOGAPA3'
 'VOGAPB3' 'VOGAPD3']",216,9
590_1LT001,1339.0525,54.684708,3783.372,['590_1LT001'],144,1,['LOGPAA1' 'LOGPAB1' 'LOGPAA2' 'LOGPAB2' 'LOGPAA3' 'LOGPAB3'],144,6
590_2LT001,509.90515,48.74352,1144.0598,['590_2LT001'],48,1,['PAGQ9B1' 'PAGQ9B2'],48,2
590_3LT001,2051.5193,54.615086,5482.1016,['590_3LT001'],216,1,"['PV3GAA1' 'PV3GAB1' 'PV3GAD1' 'PV3GAA2' 'PV3GAB2' 'PV3GAD2' 'PV3GAA3'
 'PV3GAB3' 'PV3GAD3']",216,9
591_0LT001,964.0826,48.83257,2475.7126,['591_0LT001'],96,1,['1LA9GB1' '1LA9GD1' '1LA9GB2' '1LA9GD2'],96,4
591_1LT001,2169.8977,44.56941,5297.0576,['591_1LT001'],216,1,"['AVGO1A1' 'AVGO1B1' 'AVGO1C1' 'AVGO1A2' 'AVGO1B2' 'AVGO1C2' 'AVGO1A3'
 'AVGO1B3' 'AVGO1C3']",216,9
591_2LT001,1549.6726,50.98771,3728.7454,['591_2LT001'],144,1,['LAVQOA1' 'LAVQOB1' 'LAVQOA2' 'LAVQOB2' 'LAVQOA3' 'LAVQOB3'],144,6
591_3LT001,463.5242,47.35886,1159.9103,['591_3LT001'],48,1,['GQ3A1B1' 'GQ3A1B2'],48,2
592_0LT001,2166.9727,52.14714,5674.3623,['592_0LT001'],216,1,"['9LG3PA1' '9LG3PB1' '9LG3PC1' '9LG3PA2' '9LG3PB2' '9LG3PC2' '9LG3PA3'
 '9LG3PB3' '9LG3PC3']",216,9
592_1LT001,1522.661,45.624027,3583.2256,['592_1LT001'],144,1,['Q9AL1A1' 'Q9AL1B1' 'Q9AL1A2' 'Q9AL1B2' 'Q9AL1A3' 'Q9AL1B3'],144,6
592_2LT001,2128.2717,51.135822,5760.9536,['592_2LT001'],216,1,"['O3LG1A1' 'O3LG1B1' 'O3LG1C1' 'O3LG1A2' 'O3LG1B2' 'O3LG1C2' 'O3LG1A3'
 'O3LG1B3' 'O3LG1C3']",216,9
592_3LT001,399.6368,52.63889,1135.4429,['592_3LT001'],48,1,['VQP31B1' 'VQP31B2'],48,2
593_0LT001,1499.2181,50.0613,3559.723,['593_0LT001'],144,1,['9AVPQA1' '9AVPQB1' '9AVPQA2' '9AVPQB2' '9AVPQA3' '9AVPQB3'],144,6
593_1LT001,2227.438,48.451057,5319.136,['593_1LT001'],216,1,"['1LV93A1' '1LV93B1' '1LV93D1' '1LV93A2' '1LV93B2' '1LV93D2' '1LV93A3'
 '1LV93B3' '1LV93D3']",216,9
594_0LT001,2485.4353,48.082554,6212.706,['594_0LT001'],240,1,"['G1PAVB1' 'G1PAVD1' 'G1PAVB2' 'G1PAVD2' 'G1PAVB3' 'G1PAVD3' 'G1PAVB4'
 'G1PAVD4' 'G1PAVB5' 'G1PAVD5']",240,10
594_1LT001,1354.8187,53.65064,3831.2905,['594_1LT001'],144,1,['GO3Q9A1' 'GO3Q9B1' 'GO3Q9A2' 'GO3Q9B2' 'GO3Q9A3' 'GO3Q9B3'],144,6
594_2LT001,465.09293,43.43027,1343.6842,['594_2LT001'],48,1,['9VOGLB1' '9VOGLB2'],48,2
595_0LT001,2354.8198,52.456352,5886.4277,['595_0LT001'],216,1,"['Q1PVAA1' 'Q1PVAB1' 'Q1PVAC1' 'Q1PVAA2' 'Q1PVAB2' 'Q1PVAC2' 'Q1PVAA3'
 'Q1PVAB3' 'Q1PVAC3']",216,9
595_1LT001,2195.0588,50.548164,5417.258,['595_1LT001'],216,1,"['QL3APA1' 'QL3APB1' 'QL3APD1' 'QL3APA2' 'QL3APB2' 'QL3APD2' 'QL3APA3'
 'QL3APB3' 'QL3APD3']",216,9
595_2LT001,1415.794,50.81453,3782.5037,['595_2LT001'],144,1,['391APA1' '391APB1' '391APA2' '391APB2' '391APA3' '391APB3'],144,6
595_3LT001,917.5629,50.493927,2365.477,['595_3LT001'],96,1,['A93LGB1' 'A93LGD1' 'A93LGB2' 'A93LGD2'],96,4
596_0LT001,2156.144,53.38492,5298.574,['596_0LT001'],216,1,"['G9AOVA1' 'G9AOVB1' 'G9AOVD1' 'G9AOVA2' 'G9AOVB2' 'G9AOVD2' 'G9AOVA3'
 'G9AOVB3' 'G9AOVD3']",216,9
596_1LT001,2457.1987,47.81249,6168.5874,['596_1LT001'],240,1,"['3G9V1B1' '3G9V1C1' '3G9V1B2' '3G9V1C2' '3G9V1B3' '3G9V1C3' '3G9V1B4'
 '3G9V1C4' '3G9V1B5' '3G9V1C5']",240,10
596_2LT001,2034.7734,50.54684,5423.4126,['596_2LT001'],216,1,"['OA3QLA1' 'OA3QLB1' 'OA3QLC1' 'OA3QLA2' 'OA3QLB2' 'OA3QLC2' 'OA3QLA3'
 'OA3QLB3' 'OA3QLC3']",216,9
597_0LT001,2182.295,50.56001,5038.9175,['597_0LT001'],216,1,"['3VPOQA1' '3VPOQB1' '3VPOQD1' '3VPOQA2' '3VPOQB2' '3VPOQD2' '3VPOQA3'
 '3VPOQB3' '3VPOQD3']",216,9
597_1LT001,2242.578,51.312164,4964.197,['597_1LT001'],216,1,"['A13VOA1' 'A13VOB1' 'A13VOC1' 'A13VOA2' 'A13VOB2' 'A13VOC2' 'A13VOA3'
 'A13VOB3' 'A13VOC3']",216,9
597_2LT001,1451.1243,51.033165,3788.104,['597_2LT001'],144,1,['1VPQOA1' '1VPQOB1' '1VPQOA2' '1VPQOB2' '1VPQOA3' '1VPQOB3'],144,6
598_0LT001,2087.6304,48.606804,5711.2764,['598_0LT001'],216,1,"['AQGLVA1' 'AQGLVB1' 'AQGLVC1' 'AQGLVA2' 'AQGLVB2' 'AQGLVC2' 'AQGLVA3'
 'AQGLVB3' 'AQGLVC3']",216,9
598_1LT001,2154.5867,47.5208,5271.7676,['598_1LT001'],216,1,"['1Q9OAA1' '1Q9OAB1' '1Q9OAD1' '1Q9OAA2' '1Q9OAB2' '1Q9OAD2' '1Q9OAA3'
 '1Q9OAB3' '1Q9OAD3']",216,9
598_2LT001,1501.0396,53.468166,3468.397,['598_2LT001'],144,1,['9VPL1A1' '9VPL1B1' '9VPL1A2' '9VPL1B2' '9VPL1A3' '9VPL1B3'],144,6
599_0LT001,1017.92126,51.382366,2443.0688,['599_0LT001'],96,1,['PO9QGB1' 'PO9QGD1' 'PO9QGB2' 'PO9QGD2'],96,4
599_1LT001,2158.0093,50.29736,5655.172,['599_1LT001'],216,1,"['1LG3AA1' '1LG3AB1' '1LG3AC1' '1LG3AA2' '1LG3AB2' '1LG3AC2' '1LG3AA3'
 '1LG3AB3' '1LG3AC3']",216,9
599_2LT001,457.65036,51.02771,1290.8733,['599_2LT001'],48,1,['L9A1QB1' 'L9A1QB2'],48,2
599_3LT001,1335.1848,52.660397,3719.4639,['599_3LT001'],144,1,['G93OPA1' 'G93OPB1' 'G93OPA2' 'G93OPB2' 'G93OPA3' 'G93OPB3'],144,6
600_0LT001,1230.7441,52.8863,3717.6875,['600_0LT001'],144,1,['OVLAGA1' 'OVLAGB1' 'OVLAGA2' 'OVLAGB2' 'OVLAGA3' 'OVLAGB3'],144,6
600_1LT001,2075.225,47.20018,5704.0454,['600_1LT001'],216,1,"['PV9G3A1' 'PV9G3B1' 'PV9G3D1' 'PV9G3A2' 'PV9G3B2' 'PV9G3D2' 'PV9G3A3'
 'PV9G3B3' 'PV9G3D3']",216,9
601_0LT001,2257.526,50.95598,5787.7686,['601_0LT001'],216,1,"['O1AGLA1' 'O1AGLB1' 'O1AGLC1' 'O1AGLA2' 'O1AGLB2' 'O1AGLC2' 'O1AGLA3'
 'O1AGLB3' 'O1AGLC3']",216,9
601_1LT001,2102.6194,47.962482,5692.2627,['601_1LT001'],216,1,"['PQVAGA1' 'PQVAGB1' 'PQVAGC1' 'PQVAGA2' 'PQVAGB2' 'PQVAGC2' 'PQVAGA3'
 'PQVAGB3' 'PQVAGC3']",216,9
601_2LT001,1329.9991,47.165253,3731.6494,['601_2LT001'],144,1,['V31QGA1' 'V31QGB1' 'V31QGA2' 'V31QGB2' 'V31QGA3' 'V31QGB3'],144,6
601_3LT001,2142.214,49.265156,5911.3325,['601_3LT001'],216,1,"['GQ93VA1' 'GQ93VB1' 'GQ93VC1' 'GQ93VA2' 'GQ93VB2' 'GQ93VC2' 'GQ93VA3'
 'GQ93VB3' 'GQ93VC3']",216,9
602_0LT001,2418.5608,53.068058,5287.21,['602_0LT001'],216,1,"['QVGLAA1' 'QVGLAB1' 'QVGLAD1' 'QVGLAA2' 'QVGLAB2' 'QVGLAD2' 'QVGLAA3'
 'QVGLAB3' 'QVGLAD3']",216,9
602_1LT001,2208.8794,45.03193,5331.7637,['602_1LT001'],216,1,"['OAV93A1' 'OAV93B1' 'OAV93D1' 'OAV93A2' 'OAV93B2' 'OAV93D2' 'OAV93A3'
 'OAV93B3' 'OAV93D3']",216,9
602_2LT001,2117.1245,46.92762,5857.989,['602_2LT001'],216,1,"['1AQ3VA1' '1AQ3VB1' '1AQ3VC1' '1AQ3VA2' '1AQ3VB2' '1AQ3VC2' '1AQ3VA3'
 '1AQ3VB3' '1AQ3VC3']",216,9
602_3LT001,2270.5103,46.937153,5633.7886,['602_3LT001'],216,1,"['VOGP1A1' 'VOGP1B1' 'VOGP1D1' 'VOGP1A2' 'VOGP1B2' 'VOGP1D2' 'VOGP1A3'
 'VOGP1B3' 'VOGP1D3']",216,9
603_0LT001,2106.8416,47.794254,5400.8027,['603_0LT001'],216,1,"['1PQ3OA1' '1PQ3OB1' '1PQ3OD1' '1PQ3OA2' '1PQ3OB2' '1PQ3OD2' '1PQ3OA3'
 '1PQ3OB3' '1PQ3OD3']",216,9
603_1LT001,982.90594,51.360962,2347.1187,['603_1LT001'],96,1,['OAG1QB1' 'OAG1QD1' 'OAG1QB2' 'OAG1QD2'],96,4
603_2LT001,2129.0305,50.05906,5225.4175,['603_2LT001'],216,1,"['G1AQVA1' 'G1AQVB1' 'G1AQVC1' 'G1AQVA2' 'G1AQVB2' 'G1AQVC2' 'G1AQVA3'
 'G1AQVB3' 'G1AQVC3']",216,9
604_0LT001,956.893,50.287388,2395.7668,['604_0LT001'],96,1,['L3QOPB1' 'L3QOPD1' 'L3QOPB2' 'L3QOPD2'],96,4
604_1LT001,1988.546,48.57128,5625.52,['604_1LT001'],216,1,"['3P9GVA1' '3P9GVB1' '3P9GVD1' '3P9GVA2' '3P9GVB2' '3P9GVD2' '3P9GVA3'
 '3P9GVB3' '3P9GVD3']",216,9
605_0LT001,2325.514,50.60029,5503.773,['605_0LT001'],216,1,"['VOG9AA1' 'VOG9AB1' 'VOG9AC1' 'VOG9AA2' 'VOG9AB2' 'VOG9AC2' 'VOG9AA3'
 'VOG9AB3' 'VOG9AC3']",216,9
605_1LT001,1488.319,52.988586,3599.687,['605_1LT001'],144,1,['LP93OA1' 'LP93OB1' 'LP93OA2' 'LP93OB2' 'LP93OA3' 'LP93OB3'],144,6
606_0LT001,1993.3282,47.174606,5392.5317,['606_0LT001'],216,1,"['OQ1P3A1' 'OQ1P3B1' 'OQ1P3C1' 'OQ1P3A2' 'OQ1P3B2' 'OQ1P3C2' 'OQ1P3A3'
 'OQ1P3B3' 'OQ1P3C3']",216,9
606_1LT001,1533.5474,49.18673,3315.2598,['606_1LT001'],144,1,['3OGP9A1' '3OGP9B1' '3OGP9A2' '3OGP9B2' '3OGP9A3' '3OGP9B3'],144,6
606_2LT001,2128.0376,48.06406,5329.257,['606_2LT001'],216,1,"['1POGQA1' '1POGQB1' '1POGQC1' '1POGQA2' '1POGQB2' '1POGQC2' '1POGQA3'
 '1POGQB3' '1POGQC3']",216,9
607_0LT001,1538.4508,50.5994,3438.4893,['607_0LT001'],144,1,['931VLA1' '931VLB1' '931VLA2' '931VLB2' '931VLA3' '931VLB3'],144,6
607_1LT001,1132.6868,50.58696,3216.9778,['607_1LT001'],120,1,['3AQP1B1' '3AQP1B2' '3AQP1B3' '3AQP1B4' '3AQP1B5'],120,5
607_2LT001,2229.5957,48.828472,5110.515,['607_2LT001'],216,1,"['3PG1AA1' '3PG1AB1' '3PG1AD1' '3PG1AA2' '3PG1AB2' '3PG1AD2' '3PG1AA3'
 '3PG1AB3' '3PG1AD3']",216,9
607_3LT001,1387.172,48.023926,3711.2156,['607_3LT001'],144,1,['V31OGA1' 'V31OGB1' 'V31OGA2' 'V31OGB2' 'V31OGA3' 'V31OGB3'],144,6
608_0LT001,2129.3967,51.19654,5008.2886,['608_0LT001'],216,1,"['QPA13A1' 'QPA13B1' 'QPA13D1' 'QPA13A2' 'QPA13B2' 'QPA13D2' 'QPA13A3'
 'QPA13B3' 'QPA13D3']",216,9
608_1LT001,1990.7814,53.50813,5112.731,['608_1LT001'],216,1,"['LG9VQA1' 'LG9VQB1' 'LG9VQD1' 'LG9VQA2' 'LG9VQB2' 'LG9VQD2' 'LG9VQA3'
 'LG9VQB3' 'LG9VQD3']",216,9
608_2LT001,2184.9766,50.132553,5312.779,['608_2LT001'],216,1,"['9PV3GA1' '9PV3GB1' '9PV3GD1' '9PV3GA2' '9PV3GB2' '9PV3GD2' '9PV3GA3'
 '9PV3GB3' '9PV3GD3']",216,9
608_3LT001,1391.4911,48.44533,3383.9548,['608_3LT001'],144,1,['VOP9QA1' 'VOP9QB1' 'VOP9QA2' 'VOP9QB2' 'VOP9QA3' 'VOP9QB3'],144,6
609_0LT001,982.64,53.821095,2528.8274,['609_0LT001'],96,1,['9G1OPB1' '9G1OPD1' '9G1OPB2' '9G1OPD2'],96,4
609_1LT001,893.5824,45.923832,2406.2786,['609_1LT001'],96,1,['LGVQPB1' 'LGVQPD1' 'LGVQPB2' 'LGVQPD2'],96,4
609_2LT001,2175.7703,50.219025,5213.7344,['609_2LT001'],216,1,"['POAQ3A1' 'POAQ3B1' 'POAQ3D1' 'POAQ3A2' 'POAQ3B2' 'POAQ3D2' 'POAQ3A3'
 'POAQ3B3' 'POAQ3D3']",216,9
610_0LT001,2155.4631,52.377296,5092.0063,['610_0LT001'],216,1,"['A9VGPA1' 'A9VGPB1' 'A9VGPC1' 'A9VGPA2' 'A9VGPB2' 'A9VGPC2' 'A9VGPA3'
 'A9VGPB3' 'A9VGPC3']",216,9
610_1LT001,2178.5366,50.087547,5606.074,['610_1LT001'],216,1,"['A9QG1A1' 'A9QG1B1' 'A9QG1D1' 'A9QG1A2' 'A9QG1B2' 'A9QG1D2' 'A9QG1A3'
 'A9QG1B3' 'A9QG1D3']",216,9
610_2LT001,911.6437,48.86446,2229.9602,['610_2LT001'],96,1,['V193QB1' 'V193QD1' 'V193QB2' 'V193QD2'],96,4
610_3LT001,2283.2993,48.95227,5525.845,['610_3LT001'],216,1,"['3Q9AOA1' '3Q9AOB1' '3Q9AOD1' '3Q9AOA2' '3Q9AOB2' '3Q9AOD2' '3Q9AOA3'
 '3Q9AOB3' '3Q9AOD3']",216,9
610_4LT001,2104.912,52.31552,5308.3643,['610_4LT001'],216,1,"['93POLA1' '93POLB1' '93POLC1' '93POLA2' '93POLB2' '93POLC2' '93POLA3'
 '93POLB3' '93POLC3']",216,9
610_5LT001,2116.4016,52.178337,5167.505,['610_5LT001'],216,1,"['QPGVOA1' 'QPGVOB1' 'QPGVOD1' 'QPGVOA2' 'QPGVOB2' 'QPGVOD2' 'QPGVOA3'
 'QPGVOB3' 'QPGVOD3']",216,9
610_6LT001,1015.2653,49.748158,2295.3147,['610_6LT001'],96,1,['Q931PB1' 'Q931PD1' 'Q931PB2' 'Q931PD2'],96,4
611_0LT001,864.7146,48.722393,2188.315,['611_0LT001'],96,1,['GPL3OB1' 'GPL3OD1' 'GPL3OB2' 'GPL3OD2'],96,4
611_1LT001,2141.9275,48.47192,5885.45,['611_1LT001'],216,1,"['31LOAA1' '31LOAB1' '31LOAC1' '31LOAA2' '31LOAB2' '31LOAC2' '31LOAA3'
 '31LOAB3' '31LOAC3']",216,9
612_0LT001,2150.5173,50.973927,5410.092,['612_0LT001'],216,1,"['G3P9QA1' 'G3P9QB1' 'G3P9QD1' 'G3P9QA2' 'G3P9QB2' 'G3P9QD2' 'G3P9QA3'
 'G3P9QB3' 'G3P9QD3']",216,9
612_1LT001,2191.9202,48.138653,5512.3765,['612_1LT001'],216,1,"['OL9QGA1' 'OL9QGB1' 'OL9QGD1' 'OL9QGA2' 'OL9QGB2' 'OL9QGD2' 'OL9QGA3'
 'OL9QGB3' 'OL9QGD3']",216,9
612_2LT001,960.4921,47.174244,2266.2805,['612_2LT001'],96,1,['1QAO3B1' '1QAO3D1' '1QAO3B2' '1QAO3D2'],96,4
612_3LT001,2218.791,49.982773,5505.9707,['612_3LT001'],216,1,"['QGOVLA1' 'QGOVLB1' 'QGOVLD1' 'QGOVLA2' 'QGOVLB2' 'QGOVLD2' 'QGOVLA3'
 'QGOVLB3' 'QGOVLD3']",216,9
613_0LT001,984.53906,48.207012,2445.274,['613_0LT001'],96,1,['QO319B1' 'QO319D1' 'QO319B2' 'QO319D2'],96,4
613_1LT001,857.65247,50.858017,2726.3494,['613_1LT001'],96,1,['LAP9VB1' 'LAP9VD1' 'LAP9VB2' 'LAP9VD2'],96,4
613_2LT001,2178.7412,51.092915,5405.1606,['613_2LT001'],216,1,"['GA3PVA1' 'GA3PVB1' 'GA3PVC1' 'GA3PVA2' 'GA3PVB2' 'GA3PVC2' 'GA3PVA3'
 'GA3PVB3' 'GA3PVC3']",216,9
614_0LT001,499.96603,45.349293,1254.9883,['614_0LT001'],48,1,['A9Q3OB1' 'A9Q3OB2'],48,2
614_1LT001,2144.287,49.262405,5636.3833,['614_1LT001'],216,1,"['VL9GPA1' 'VL9GPB1' 'VL9GPC1' 'VL9GPA2' 'VL9GPB2' 'VL9GPC2' 'VL9GPA3'
 'VL9GPB3' 'VL9GPC3']",216,9
614_2LT001,1363.3405,49.577034,3320.9236,['614_2LT001'],144,1,['3LG9OA1' '3LG9OB1' '3LG9OA2' '3LG9OB2' '3LG9OA3' '3LG9OB3'],144,6
614_3LT001,2329.4146,47.390408,5735.257,['614_3LT001'],240,1,"['3QLP9B1' '3QLP9D1' '3QLP9B2' '3QLP9D2' '3QLP9B3' '3QLP9D3' '3QLP9B4'
 '3QLP9D4' '3QLP9B5' '3QLP9D5']",240,10
615_0LT001,450.02014,45.140636,1192.0303,['615_0LT001'],48,1,['1GLPOB1' '1GLPOB2'],48,2
615_1LT001,958.3489,51.679867,2591.2844,['615_1LT001'],96,1,['9P3LVB1' '9P3LVD1' '9P3LVB2' '9P3LVD2'],96,4
615_2LT001,2143.3838,45.3961,5256.657,['615_2LT001'],216,1,"['1VQ3PA1' '1VQ3PB1' '1VQ3PD1' '1VQ3PA2' '1VQ3PB2' '1VQ3PD2' '1VQ3PA3'
 '1VQ3PB3' '1VQ3PD3']",216,9
615_3LT001,881.6231,48.584316,2314.7588,['615_3LT001'],96,1,['Q1AL9B1' 'Q1AL9D1' 'Q1AL9B2' 'Q1AL9D2'],96,4
616_0LT001,2330.37,50.060783,5455.991,['616_0LT001'],216,1,"['9VOQGA1' '9VOQGB1' '9VOQGC1' '9VOQGA2' '9VOQGB2' '9VOQGC2' '9VOQGA3'
 '9VOQGB3' '9VOQGC3']",216,9
616_1LT001,475.43945,49.090733,1321.3955,['616_1LT001'],48,1,['QA3GPB1' 'QA3GPB2'],48,2
616_2LT001,2147.8938,50.376266,5345.9556,['616_2LT001'],216,1,"['P19OGA1' 'P19OGB1' 'P19OGC1' 'P19OGA2' 'P19OGB2' 'P19OGC2' 'P19OGA3'
 'P19OGB3' 'P19OGC3']",216,9
616_3LT001,468.1895,57.213943,1322.1768,['616_3LT001'],48,1,['OQ19VB1' 'OQ19VB2'],48,2
617_0LT001,1368.6882,49.536484,3719.2952,['617_0LT001'],144,1,['VP39OA1' 'VP39OB1' 'VP39OA2' 'VP39OB2' 'VP39OA3' 'VP39OB3'],144,6
617_1LT001,1290.7051,50.214554,3296.732,['617_1LT001'],144,1,['O1APVA1' 'O1APVB1' 'O1APVA2' 'O1APVB2' 'O1APVA3' 'O1APVB3'],144,6
618_0LT001,2154.2458,49.322468,5362.1113,['618_0LT001'],216,1,"['3QAO1A1' '3QAO1B1' '3QAO1C1' '3QAO1A2' '3QAO1B2' '3QAO1C2' '3QAO1A3'
 '3QAO1B3' '3QAO1C3']",216,9
618_1LT001,2070.7456,46.5764,5741.8813,['618_1LT001'],216,1,"['L39Q1A1' 'L39Q1B1' 'L39Q1D1' 'L39Q1A2' 'L39Q1B2' 'L39Q1D2' 'L39Q1A3'
 'L39Q1B3' 'L39Q1D3']",216,9
619_0LT001,1422.5929,52.166977,3709.0774,['619_0LT001'],144,1,['VG39QA1' 'VG39QB1' 'VG39QA2' 'VG39QB2' 'VG39QA3' 'VG39QB3'],144,6
619_1LT001,2036.753,49.315887,5498.22,['619_1LT001'],216,1,"['OP39VA1' 'OP39VB1' 'OP39VC1' 'OP39VA2' 'OP39VB2' 'OP39VC2' 'OP39VA3'
 'OP39VB3' 'OP39VC3']",216,9
619_2LT001,2115.9028,50.31399,5415.962,['619_2LT001'],216,1,"['3VG9OA1' '3VG9OB1' '3VG9OD1' '3VG9OA2' '3VG9OB2' '3VG9OD2' '3VG9OA3'
 '3VG9OB3' '3VG9OD3']",216,9
620_0LT001,1477.7137,49.5705,3364.8582,['620_0LT001'],144,1,['VLGO3A1' 'VLGO3B1' 'VLGO3A2' 'VLGO3B2' 'VLGO3A3' 'VLGO3B3'],144,6
620_1LT001,2268.6726,45.608017,5658.023,['620_1LT001'],216,1,"['913VAA1' '913VAB1' '913VAC1' '913VAA2' '913VAB2' '913VAC2' '913VAA3'
 '913VAB3' '913VAC3']",216,9
621_0LT001,2235.9355,47.74683,5219.07,['621_0LT001'],216,1,"['3AVOPA1' '3AVOPB1' '3AVOPD1' '3AVOPA2' '3AVOPB2' '3AVOPD2' '3AVOPA3'
 '3AVOPB3' '3AVOPD3']",216,9
621_1LT001,1082.938,46.888916,2423.4001,['621_1LT001'],96,1,['V9OPAB1' 'V9OPAD1' 'V9OPAB2' 'V9OPAD2'],96,4
621_2LT001,2246.696,49.792404,5468.1377,['621_2LT001'],216,1,"['O31VLA1' 'O31VLB1' 'O31VLD1' 'O31VLA2' 'O31VLB2' 'O31VLD2' 'O31VLA3'
 'O31VLB3' 'O31VLD3']",216,9
621_3LT001,2226.64,49.426632,5491.01,['621_3LT001'],216,1,"['AQ1GOA1' 'AQ1GOB1' 'AQ1GOD1' 'AQ1GOA2' 'AQ1GOB2' 'AQ1GOD2' 'AQ1GOA3'
 'AQ1GOB3' 'AQ1GOD3']",216,9
622_0LT001,2265.5874,47.68498,5524.595,['622_0LT001'],216,1,"['GLPA9A1' 'GLPA9B1' 'GLPA9D1' 'GLPA9A2' 'GLPA9B2' 'GLPA9D2' 'GLPA9A3'
 'GLPA9B3' 'GLPA9D3']",216,9
622_1LT001,2046.1503,50.47846,5082.848,['622_1LT001'],216,1,"['AQP1VA1' 'AQP1VB1' 'AQP1VD1' 'AQP1VA2' 'AQP1VB2' 'AQP1VD2' 'AQP1VA3'
 'AQP1VB3' 'AQP1VD3']",216,9
622_2LT001,2340.2554,53.783104,5500.759,['622_2LT001'],216,1,"['GV3PAA1' 'GV3PAB1' 'GV3PAD1' 'GV3PAA2' 'GV3PAB2' 'GV3PAD2' 'GV3PAA3'
 'GV3PAB3' 'GV3PAD3']",216,9
622_3LT001,465.00858,49.18304,1243.7449,['622_3LT001'],48,1,['GVQ9AB1' 'GVQ9AB2'],48,2
623_0LT001,546.57776,37.611187,1163.5747,['623_0LT001'],48,1,['1PAQGB1' '1PAQGB2'],48,2
623_1LT001,2230.9275,49.088577,5380.3145,['623_1LT001'],216,1,"['LA1VPA1' 'LA1VPB1' 'LA1VPD1' 'LA1VPA2' 'LA1VPB2' 'LA1VPD2' 'LA1VPA3'
 'LA1VPB3' 'LA1VPD3']",216,9
623_2LT001,2296.427,49.598564,5542.245,['623_2LT001'],216,1,"['PQ193A1' 'PQ193B1' 'PQ193C1' 'PQ193A2' 'PQ193B2' 'PQ193C2' 'PQ193A3'
 'PQ193B3' 'PQ193C3']",216,9
623_3LT001,2273.1558,49.327946,5154.586,['623_3LT001'],216,1,"['OVA1PA1' 'OVA1PB1' 'OVA1PD1' 'OVA1PA2' 'OVA1PB2' 'OVA1PD2' 'OVA1PA3'
 'OVA1PB3' 'OVA1PD3']",216,9
624_0LT001,2223.415,52.652832,5542.734,['624_0LT001'],216,1,"['QVAL3A1' 'QVAL3B1' 'QVAL3D1' 'QVAL3A2' 'QVAL3B2' 'QVAL3D2' 'QVAL3A3'
 'QVAL3B3' 'QVAL3D3']",216,9
624_1LT001,2113.2578,51.09082,5530.929,['624_1LT001'],216,1,"['OAQ1LA1' 'OAQ1LB1' 'OAQ1LD1' 'OAQ1LA2' 'OAQ1LB2' 'OAQ1LD2' 'OAQ1LA3'
 'OAQ1LB3' 'OAQ1LD3']",216,9
624_2LT001,445.15103,49.83553,1186.6178,['624_2LT001'],48,1,['LVQ19B1' 'LVQ19B2'],48,2
624_3LT001,1014.16516,50.742878,2507.1426,['624_3LT001'],96,1,['A9PL1B1' 'A9PL1D1' 'A9PL1B2' 'A9PL1D2'],96,4
625_0LT001,2035.7355,52.216267,5221.885,['625_0LT001'],216,1,"['GLV1PA1' 'GLV1PB1' 'GLV1PD1' 'GLV1PA2' 'GLV1PB2' 'GLV1PD2' 'GLV1PA3'
 'GLV1PB3' 'GLV1PD3']",216,9
625_1LT001,455.6199,46.76762,1227.9031,['625_1LT001'],48,1,['A3OQGB1' 'A3OQGB2'],48,2
625_2LT001,530.77094,50.17989,1187.6965,['625_2LT001'],48,1,['V913OB1' 'V913OB2'],48,2
625_3LT001,961.3238,47.62923,2456.7256,['625_3LT001'],96,1,['3QV91B1' '3QV91D1' '3QV91B2' '3QV91D2'],96,4
626_0LT001,987.8178,50.838924,2520.475,['626_0LT001'],96,1,['AO93PB1' 'AO93PD1' 'AO93PB2' 'AO93PD2'],96,4
626_1LT001,477.46613,54.116238,1204.4943,['626_1LT001'],48,1,['P31GVB1' 'P31GVB2'],48,2
627_0LT001,540.9491,52.524456,1118.8896,['627_0LT001'],48,1,['31VLQB1' '31VLQB2'],48,2
627_1LT001,2129.573,49.767536,5601.277,['627_1LT001'],216,1,"['1PVAOA1' '1PVAOB1' '1PVAOD1' '1PVAOA2' '1PVAOB2' '1PVAOD2' '1PVAOA3'
 '1PVAOB3' '1PVAOD3']",216,9
628_0LT001,2123.7087,53.008175,5533.494,['628_0LT001'],216,1,"['AVPGQA1' 'AVPGQB1' 'AVPGQC1' 'AVPGQA2' 'AVPGQB2' 'AVPGQC2' 'AVPGQA3'
 'AVPGQB3' 'AVPGQC3']",216,9
628_1LT001,2125.3071,49.72451,5576.114,['628_1LT001'],216,1,"['3PLVQA1' '3PLVQB1' '3PLVQC1' '3PLVQA2' '3PLVQB2' '3PLVQC2' '3PLVQA3'
 '3PLVQB3' '3PLVQC3']",216,9
629_0LT001,1474.2081,52.362835,3587.2158,['629_0LT001'],144,1,['GLP1QA1' 'GLP1QB1' 'GLP1QA2' 'GLP1QB2' 'GLP1QA3' 'GLP1QB3'],144,6
629_1LT001,508.79343,54.4696,1158.1495,['629_1LT001'],48,1,['1LPG9B1' '1LPG9B2'],48,2
630_0LT001,2212.8174,50.62518,5347.9556,['630_0LT001'],216,1,"['LVAG3A1' 'LVAG3B1' 'LVAG3C1' 'LVAG3A2' 'LVAG3B2' 'LVAG3C2' 'LVAG3A3'
 'LVAG3B3' 'LVAG3C3']",216,9
630_1LT001,1346.5226,52.765324,3198.5967,['630_1LT001'],144,1,['L9G31A1' 'L9G31B1' 'L9G31A2' 'L9G31B2' 'L9G31A3' 'L9G31B3'],144,6
630_2LT001,1389.8728,52.246418,3658.3613,['630_2LT001'],144,1,['AQLPVA1' 'AQLPVB1' 'AQLPVA2' 'AQLPVB2' 'AQLPVA3' 'AQLPVB3'],144,6
630_3LT001,526.1678,46.158726,1015.29755,['630_3LT001'],48,1,['OGL9PB1' 'OGL9PB2'],48,2
631_0LT001,2187.1326,51.339016,5309.965,['631_0LT001'],216,1,"['1O9QAA1' '1O9QAB1' '1O9QAD1' '1O9QAA2' '1O9QAB2' '1O9QAD2' '1O9QAA3'
 '1O9QAB3' '1O9QAD3']",216,9
631_1LT001,2295.0178,50.55853,5674.7036,['631_1LT001'],216,1,"['ALQ13A1' 'ALQ13B1' 'ALQ13D1' 'ALQ13A2' 'ALQ13B2' 'ALQ13D2' 'ALQ13A3'
 'ALQ13B3' 'ALQ13D3']",216,9
632_0LT001,2071.2869,49.465435,5088.1426,['632_0LT001'],216,1,"['3V9PGA1' '3V9PGB1' '3V9PGC1' '3V9PGA2' '3V9PGB2' '3V9PGC2' '3V9PGA3'
 '3V9PGB3' '3V9PGC3']",216,9
632_1LT001,2235.295,49.84861,5606.858,['632_1LT001'],216,1,"['G3LOAA1' 'G3LOAB1' 'G3LOAC1' 'G3LOAA2' 'G3LOAB2' 'G3LOAC2' 'G3LOAA3'
 'G3LOAB3' 'G3LOAC3']",216,9
632_2LT001,536.2869,49.73207,1236.4081,['632_2LT001'],48,1,['9AGVPB1' '9AGVPB2'],48,2
632_3LT001,847.0822,48.288883,2423.2815,['632_3LT001'],96,1,['PO9AQB1' 'PO9AQD1' 'PO9AQB2' 'PO9AQD2'],96,4
633_0LT001,2166.2917,48.09505,5348.9434,['633_0LT001'],216,1,"['PL3VQA1' 'PL3VQB1' 'PL3VQD1' 'PL3VQA2' 'PL3VQB2' 'PL3VQD2' 'PL3VQA3'
 'PL3VQB3' 'PL3VQD3']",216,9
633_1LT001,2219.6743,46.12689,5481.9165,['633_1LT001'],216,1,"['1QG9OA1' '1QG9OB1' '1QG9OD1' '1QG9OA2' '1QG9OB2' '1QG9OD2' '1QG9OA3'
 '1QG9OB3' '1QG9OD3']",216,9
633_2LT001,426.39474,52.768204,1030.4956,['633_2LT001'],48,1,['L93A1B1' 'L93A1B2'],48,2
634_0LT001,2178.8457,50.044052,5308.5264,['634_0LT001'],216,1,"['1GQOVA1' '1GQOVB1' '1GQOVD1' '1GQOVA2' '1GQOVB2' '1GQOVD2' '1GQOVA3'
 '1GQOVB3' '1GQOVD3']",216,9
634_1LT001,368.19968,50.53958,1338.2853,['634_1LT001'],48,1,['V3P91B1' 'V3P91B2'],48,2
634_2LT001,2344.0693,52.148106,5649.747,['634_2LT001'],216,1,"['3V9A1A1' '3V9A1B1' '3V9A1C1' '3V9A1A2' '3V9A1B2' '3V9A1C2' '3V9A1A3'
 '3V9A1B3' '3V9A1C3']",216,9
635_0LT001,905.17975,49.30359,2179.7214,['635_0LT001'],96,1,['19VQAB1' '19VQAD1' '19VQAB2' '19VQAD2'],96,4
635_1LT001,2262.535,46.648224,5561.1367,['635_1LT001'],216,1,"['GV1AQA1' 'GV1AQB1' 'GV1AQC1' 'GV1AQA2' 'GV1AQB2' 'GV1AQC2' 'GV1AQA3'
 'GV1AQB3' 'GV1AQC3']",216,9
635_2LT001,1989.307,51.25471,5020.353,['635_2LT001'],216,1,"['AVLQ9A1' 'AVLQ9B1' 'AVLQ9D1' 'AVLQ9A2' 'AVLQ9B2' 'AVLQ9D2' 'AVLQ9A3'
 'AVLQ9B3' 'AVLQ9D3']",216,9
636_0LT001,1074.9264,49.268764,2406.0767,['636_0LT001'],96,1,['QL13VB1' 'QL13VD1' 'QL13VB2' 'QL13VD2'],96,4
636_1LT001,2144.6638,49.259018,5351.685,['636_1LT001'],216,1,"['3PQ19A1' '3PQ19B1' '3PQ19D1' '3PQ19A2' '3PQ19B2' '3PQ19D2' '3PQ19A3'
 '3PQ19B3' '3PQ19D3']",216,9
637_0LT001,2279.4216,47.516285,5474.7065,['637_0LT001'],216,1,"['GL9VAA1' 'GL9VAB1' 'GL9VAD1' 'GL9VAA2' 'GL9VAB2' 'GL9VAD2' 'GL9VAA3'
 'GL9VAB3' 'GL9VAD3']",216,9
637_1LT001,2102.9675,51.048145,5366.69,['637_1LT001'],216,1,"['P319LA1' 'P319LB1' 'P319LC1' 'P319LA2' 'P319LB2' 'P319LC2' 'P319LA3'
 'P319LB3' 'P319LC3']",216,9
637_2LT001,853.8974,53.050556,2347.5967,['637_2LT001'],96,1,['GO1V9B1' 'GO1V9D1' 'GO1V9B2' 'GO1V9D2'],96,4
637_3LT001,979.08105,48.958843,2450.1807,['637_3LT001'],96,1,['QOL91B1' 'QOL91D1' 'QOL91B2' 'QOL91D2'],96,4
638_0LT001,2169.6895,51.471523,5344.3774,['638_0LT001'],216,1,"['G9LQPA1' 'G9LQPB1' 'G9LQPD1' 'G9LQPA2' 'G9LQPB2' 'G9LQPD2' 'G9LQPA3'
 'G9LQPB3' 'G9LQPD3']",216,9
638_1LT001,1347.71,48.458088,3658.4807,['638_1LT001'],144,1,['VPAOLA1' 'VPAOLB1' 'VPAOLA2' 'VPAOLB2' 'VPAOLA3' 'VPAOLB3'],144,6
638_2LT001,2294.9836,51.43309,5677.657,['638_2LT001'],216,1,"['LAQOPA1' 'LAQOPB1' 'LAQOPD1' 'LAQOPA2' 'LAQOPB2' 'LAQOPD2' 'LAQOPA3'
 'LAQOPB3' 'LAQOPD3']",216,9
638_3LT001,469.48425,50.04651,1082.2926,['638_3LT001'],48,1,['OV3GQB1' 'OV3GQB2'],48,2
639_0LT001,1427.6625,48.539955,3615.8696,['639_0LT001'],144,1,['3VG9LA1' '3VG9LB1' '3VG9LA2' '3VG9LB2' '3VG9LA3' '3VG9LB3'],144,6
639_1LT001,2240.489,46.149307,5302.7446,['639_1LT001'],216,1,"['O1VAGA1' 'O1VAGB1' 'O1VAGD1' 'O1VAGA2' 'O1VAGB2' 'O1VAGD2' 'O1VAGA3'
 'O1VAGB3' 'O1VAGD3']",216,9
640_0LT001,1383.5298,48.774147,3424.346,['640_0LT001'],144,1,['9GV3LA1' '9GV3LB1' '9GV3LA2' '9GV3LB2' '9GV3LA3' '9GV3LB3'],144,6
640_1LT001,507.63675,42.438835,1139.1813,['640_1LT001'],48,1,['VL1QGB1' 'VL1QGB2'],48,2
640_2LT001,2228.3333,51.504387,4920.998,['640_2LT001'],216,1,"['9QOL3A1' '9QOL3B1' '9QOL3D1' '9QOL3A2' '9QOL3B2' '9QOL3D2' '9QOL3A3'
 '9QOL3B3' '9QOL3D3']",216,9
640_3LT001,2296.4653,51.897915,5137.7856,['640_3LT001'],216,1,"['OPQL1A1' 'OPQL1B1' 'OPQL1D1' 'OPQL1A2' 'OPQL1B2' 'OPQL1D2' 'OPQL1A3'
 'OPQL1B3' 'OPQL1D3']",216,9
641_0LT001,997.5699,47.249607,2240.0286,['641_0LT001'],96,1,['3AQGLB1' '3AQGLD1' '3AQGLB2' '3AQGLD2'],96,4
641_1LT001,2223.329,50.299603,5530.296,['641_1LT001'],216,1,"['AV3GQA1' 'AV3GQB1' 'AV3GQD1' 'AV3GQA2' 'AV3GQB2' 'AV3GQD2' 'AV3GQA3'
 'AV3GQB3' 'AV3GQD3']",216,9
641_2LT001,425.76126,60.253586,1043.5681,['641_2LT001'],48,1,['V3AOQB1' 'V3AOQB2'],48,2
642_0LT001,2072.4978,47.643017,5492.709,['642_0LT001'],216,1,"['POLG9A1' 'POLG9B1' 'POLG9D1' 'POLG9A2' 'POLG9B2' 'POLG9D2' 'POLG9A3'
 'POLG9B3' 'POLG9D3']",216,9
642_1LT001,1373.1261,50.655254,3366.9478,['642_1LT001'],144,1,['OV13AA1' 'OV13AB1' 'OV13AA2' 'OV13AB2' 'OV13AA3' 'OV13AB3'],144,6
643_0LT001,2171.8025,50.22976,5561.6084,['643_0LT001'],216,1,"['GAO9QA1' 'GAO9QB1' 'GAO9QD1' 'GAO9QA2' 'GAO9QB2' 'GAO9QD2' 'GAO9QA3'
 'GAO9QB3' 'GAO9QD3']",216,9
643_1LT001,2176.1736,50.130096,5283.6567,['643_1LT001'],216,1,"['3A1LOA1' '3A1LOB1' '3A1LOC1' '3A1LOA2' '3A1LOB2' '3A1LOC2' '3A1LOA3'
 '3A1LOB3' '3A1LOC3']",216,9
643_2LT001,2017.787,51.63814,5496.272,['643_2LT001'],216,1,"['POA1LA1' 'POA1LB1' 'POA1LD1' 'POA1LA2' 'POA1LB2' 'POA1LD2' 'POA1LA3'
 'POA1LB3' 'POA1LD3']",216,9
644_0LT001,2046.7562,51.428345,5522.8735,['644_0LT001'],216,1,"['A3GQVA1' 'A3GQVB1' 'A3GQVD1' 'A3GQVA2' 'A3GQVB2' 'A3GQVD2' 'A3GQVA3'
 'A3GQVB3' 'A3GQVD3']",216,9
644_1LT001,932.7899,45.062252,2471.3462,['644_1LT001'],96,1,['31LGAB1' '31LGAD1' '31LGAB2' '31LGAD2'],96,4
644_2LT001,523.6028,49.44193,1277.4269,['644_2LT001'],48,1,['PA1Q9B1' 'PA1Q9B2'],48,2
644_3LT001,449.6658,50.432575,1288.4707,['644_3LT001'],48,1,['GLQA1B1' 'GLQA1B2'],48,2
645_0LT001,2227.7188,51.064095,5322.8413,['645_0LT001'],216,1,"['OA31VA1' 'OA31VB1' 'OA31VD1' 'OA31VA2' 'OA31VB2' 'OA31VD2' 'OA31VA3'
 'OA31VB3' 'OA31VD3']",216,9
645_1LT001,1496.6228,50.735405,3557.5989,['645_1LT001'],144,1,['AOL9VA1' 'AOL9VB1' 'AOL9VA2' 'AOL9VB2' 'AOL9VA3' 'AOL9VB3'],144,6
645_2LT001,970.2927,49.268524,2468.9495,['645_2LT001'],96,1,['P1GAQB1' 'P1GAQD1' 'P1GAQB2' 'P1GAQD2'],96,4
646_0LT001,2092.055,49.315994,5752.262,['646_0LT001'],216,1,"['1LPOGA1' '1LPOGB1' '1LPOGD1' '1LPOGA2' '1LPOGB2' '1LPOGD2' '1LPOGA3'
 '1LPOGB3' '1LPOGD3']",216,9
646_1LT001,1407.3229,53.488834,3646.6665,['646_1LT001'],144,1,['AV31OA1' 'AV31OB1' 'AV31OA2' 'AV31OB2' 'AV31OA3' 'AV31OB3'],144,6
647_0LT001,2184.4639,50.776054,5543.4517,['647_0LT001'],216,1,"['31OPVA1' '31OPVB1' '31OPVC1' '31OPVA2' '31OPVB2' '31OPVC2' '31OPVA3'
 '31OPVB3' '31OPVC3']",216,9
647_1LT001,802.87195,50.927647,2401.2769,['647_1LT001'],96,1,['VLAG3B1' 'VLAG3D1' 'VLAG3B2' 'VLAG3D2'],96,4
648_0LT001,1295.3948,51.887886,3504.7554,['648_0LT001'],144,1,['V19ALA1' 'V19ALB1' 'V19ALA2' 'V19ALB2' 'V19ALA3' 'V19ALB3'],144,6
648_1LT001,426.68805,53.593655,1360.0828,['648_1LT001'],48,1,['L1Q9PB1' 'L1Q9PB2'],48,2
648_2LT001,2175.5144,51.900833,5145.2974,['648_2LT001'],216,1,"['V9O3AA1' 'V9O3AB1' 'V9O3AC1' 'V9O3AA2' 'V9O3AB2' 'V9O3AC2' 'V9O3AA3'
 'V9O3AB3' 'V9O3AC3']",216,9
648_3LT001,2041.9263,48.08999,5534.873,['648_3LT001'],216,1,"['GAVOQA1' 'GAVOQB1' 'GAVOQD1' 'GAVOQA2' 'GAVOQB2' 'GAVOQD2' 'GAVOQA3'
 'GAVOQB3' 'GAVOQD3']",216,9
649_0LT001,2006.2635,50.273438,5718.007,['649_0LT001'],216,1,"['OLQAPA1' 'OLQAPB1' 'OLQAPD1' 'OLQAPA2' 'OLQAPB2' 'OLQAPD2' 'OLQAPA3'
 'OLQAPB3' 'OLQAPD3']",216,9
649_1LT001,2207.6416,52.41027,5742.068,['649_1LT001'],240,1,"['LG19AB1' 'LG19AD1' 'LG19AB2' 'LG19AD2' 'LG19AB3' 'LG19AD3' 'LG19AB4'
 'LG19AD4' 'LG19AB5' 'LG19AD5']",240,10
649_2LT001,2211.2937,49.952335,4945.9385,['649_2LT001'],216,1,"['1LPV9A1' '1LPV9B1' '1LPV9D1' '1LPV9A2' '1LPV9B2' '1LPV9D2' '1LPV9A3'
 '1LPV9B3' '1LPV9D3']",216,9
649_3LT001,965.8209,54.8685,2314.585,['649_3LT001'],96,1,['139PGB1' '139PGD1' '139PGB2' '139PGD2'],96,4
650_0LT001,537.61523,51.084286,1222.7284,['650_0LT001'],48,1,['AQVL1B1' 'AQVL1B2'],48,2
650_1LT001,2145.1797,49.38912,5315.883,['650_1LT001'],216,1,"['PGA1OA1' 'PGA1OB1' 'PGA1OC1' 'PGA1OA2' 'PGA1OB2' 'PGA1OC2' 'PGA1OA3'
 'PGA1OB3' 'PGA1OC3']",216,9
650_2LT001,2226.878,49.37795,5237.3115,['650_2LT001'],216,1,"['L19AOA1' 'L19AOB1' 'L19AOD1' 'L19AOA2' 'L19AOB2' 'L19AOD2' 'L19AOA3'
 'L19AOB3' 'L19AOD3']",216,9
651_0LT001,2165.9128,51.69415,5276.1724,['651_0LT001'],216,1,"['PQO9AA1' 'PQO9AB1' 'PQO9AC1' 'PQO9AA2' 'PQO9AB2' 'PQO9AC2' 'PQO9AA3'
 'PQO9AB3' 'PQO9AC3']",216,9
651_1LT001,2160.625,46.83904,5613.66,['651_1LT001'],216,1,"['13OPVA1' '13OPVB1' '13OPVC1' '13OPVA2' '13OPVB2' '13OPVC2' '13OPVA3'
 '13OPVB3' '13OPVC3']",216,9
651_2LT001,949.7822,49.09433,2758.4788,['651_2LT001'],96,1,['1VP3LB1' '1VP3LD1' '1VP3LB2' '1VP3LD2'],96,4
651_3LT001,486.75418,45.76556,1162.2367,['651_3LT001'],48,1,['VLQA9B1' 'VLQA9B2'],48,2
652_0LT001,2209.022,49.477684,5057.524,['652_0LT001'],216,1,"['QG31OA1' 'QG31OB1' 'QG31OD1' 'QG31OA2' 'QG31OB2' 'QG31OD2' 'QG31OA3'
 'QG31OB3' 'QG31OD3']",216,9
652_1LT001,954.8892,50.050262,2477.3406,['652_1LT001'],96,1,['3VAL9B1' '3VAL9D1' '3VAL9B2' '3VAL9D2'],96,4
652_2LT001,1407.9042,49.70911,3562.0635,['652_2LT001'],144,1,['O19ALA1' 'O19ALB1' 'O19ALA2' 'O19ALB2' 'O19ALA3' 'O19ALB3'],144,6
653_0LT001,1992.5845,50.225307,5116.8823,['653_0LT001'],216,1,"['OALPQA1' 'OALPQB1' 'OALPQD1' 'OALPQA2' 'OALPQB2' 'OALPQD2' 'OALPQA3'
 'OALPQB3' 'OALPQD3']",216,9
653_1LT001,2035.6929,50.051025,5392.2275,['653_1LT001'],216,1,"['LVG9OA1' 'LVG9OB1' 'LVG9OC1' 'LVG9OA2' 'LVG9OB2' 'LVG9OC2' 'LVG9OA3'
 'LVG9OB3' 'LVG9OC3']",216,9
653_2LT001,1302.2769,50.27974,3487.4275,['653_2LT001'],144,1,['GO1AVA1' 'GO1AVB1' 'GO1AVA2' 'GO1AVB2' 'GO1AVA3' 'GO1AVB3'],144,6
654_0LT001,962.94867,49.955032,2471.6494,['654_0LT001'],96,1,['OG9QVB1' 'OG9QVD1' 'OG9QVB2' 'OG9QVD2'],96,4
654_1LT001,1481.2401,51.430386,3766.8857,['654_1LT001'],144,1,['LA9VGA1' 'LA9VGB1' 'LA9VGA2' 'LA9VGB2' 'LA9VGA3' 'LA9VGB3'],144,6
654_2LT001,2305.608,50.402885,5914.4854,['654_2LT001'],240,1,"['OV1GPB1' 'OV1GPD1' 'OV1GPB2' 'OV1GPD2' 'OV1GPB3' 'OV1GPD3' 'OV1GPB4'
 'OV1GPD4' 'OV1GPB5' 'OV1GPD5']",240,10
654_3LT001,2246.488,47.768528,5412.1646,['654_3LT001'],216,1,"['13GOQA1' '13GOQB1' '13GOQC1' '13GOQA2' '13GOQB2' '13GOQC2' '13GOQA3'
 '13GOQB3' '13GOQC3']",216,9
655_0LT001,1439.8933,47.50744,3429.287,['655_0LT001'],144,1,['QA1GOA1' 'QA1GOB1' 'QA1GOA2' 'QA1GOB2' 'QA1GOA3' 'QA1GOB3'],144,6
655_1LT001,2300.917,50.62979,5475.346,['655_1LT001'],216,1,"['OAQVLA1' 'OAQVLB1' 'OAQVLC1' 'OAQVLA2' 'OAQVLB2' 'OAQVLC2' 'OAQVLA3'
 'OAQVLB3' 'OAQVLC3']",216,9
655_2LT001,2192.4343,51.497585,5148.806,['655_2LT001'],216,1,"['3OGQAA1' '3OGQAB1' '3OGQAD1' '3OGQAA2' '3OGQAB2' '3OGQAD2' '3OGQAA3'
 '3OGQAB3' '3OGQAD3']",216,9
655_3LT001,2373.5508,49.934875,6037.467,['655_3LT001'],240,1,"['A91PQB1' 'A91PQD1' 'A91PQB2' 'A91PQD2' 'A91PQB3' 'A91PQD3' 'A91PQB4'
 'A91PQD4' 'A91PQB5' 'A91PQD5']",240,10
656_0LT001,2182.501,50.039875,5609.2295,['656_0LT001'],216,1,"['LQ9A1A1' 'LQ9A1B1' 'LQ9A1D1' 'LQ9A1A2' 'LQ9A1B2' 'LQ9A1D2' 'LQ9A1A3'
 'LQ9A1B3' 'LQ9A1D3']",216,9
656_1LT001,474.95966,48.818523,1146.0863,['656_1LT001'],48,1,['A31PGB1' 'A31PGB2'],48,2
656_2LT001,2273.6255,53.619644,5068.91,['656_2LT001'],216,1,"['G3AL9A1' 'G3AL9B1' 'G3AL9D1' 'G3AL9A2' 'G3AL9B2' 'G3AL9D2' 'G3AL9A3'
 'G3AL9B3' 'G3AL9D3']",216,9
657_0LT001,2107.9983,47.23603,5238.3726,['657_0LT001'],216,1,"['LGV39A1' 'LGV39B1' 'LGV39D1' 'LGV39A2' 'LGV39B2' 'LGV39D2' 'LGV39A3'
 'LGV39B3' 'LGV39D3']",216,9
657_1LT001,462.26663,45.877926,1277.6376,['657_1LT001'],48,1,['LVAOGB1' 'LVAOGB2'],48,2
657_2LT001,1412.8009,46.29387,3648.4343,['657_2LT001'],144,1,['PG3QAA1' 'PG3QAB1' 'PG3QAA2' 'PG3QAB2' 'PG3QAA3' 'PG3QAB3'],144,6
658_0LT001,2254.0876,52.77822,5521.935,['658_0LT001'],216,1,"['PV3GLA1' 'PV3GLB1' 'PV3GLD1' 'PV3GLA2' 'PV3GLB2' 'PV3GLD2' 'PV3GLA3'
 'PV3GLB3' 'PV3GLD3']",216,9
658_1LT001,2212.4731,46.55955,5369.6406,['658_1LT001'],216,1,"['39G1LA1' '39G1LB1' '39G1LC1' '39G1LA2' '39G1LB2' '39G1LC2' '39G1LA3'
 '39G1LB3' '39G1LC3']",216,9
659_0LT001,2070.9702,49.669785,5239.736,['659_0LT001'],216,1,"['9OQ3LA1' '9OQ3LB1' '9OQ3LD1' '9OQ3LA2' '9OQ3LB2' '9OQ3LD2' '9OQ3LA3'
 '9OQ3LB3' '9OQ3LD3']",216,9
659_1LT001,875.5358,47.50474,2441.9634,['659_1LT001'],96,1,['O31QGB1' 'O31QGD1' 'O31QGB2' 'O31QGD2'],96,4
659_2LT001,2249.2695,52.678677,5151.4487,['659_2LT001'],216,1,"['A9LQOA1' 'A9LQOB1' 'A9LQOD1' 'A9LQOA2' 'A9LQOB2' 'A9LQOD2' 'A9LQOA3'
 'A9LQOB3' 'A9LQOD3']",216,9
659_3LT001,2210.6343,50.03348,5245.251,['659_3LT001'],216,1,"['AVP19A1' 'AVP19B1' 'AVP19D1' 'AVP19A2' 'AVP19B2' 'AVP19D2' 'AVP19A3'
 'AVP19B3' 'AVP19D3']",216,9
660_0LT001,2074.3433,49.13885,5610.139,['660_0LT001'],216,1,"['91AQGA1' '91AQGB1' '91AQGD1' '91AQGA2' '91AQGB2' '91AQGD2' '91AQGA3'
 '91AQGB3' '91AQGD3']",216,9
660_1LT001,2091.2761,51.412186,5362.1553,['660_1LT001'],216,1,"['Q1P3AA1' 'Q1P3AB1' 'Q1P3AC1' 'Q1P3AA2' 'Q1P3AB2' 'Q1P3AC2' 'Q1P3AA3'
 'Q1P3AB3' 'Q1P3AC3']",216,9
660_2LT001,2026.9346,50.353027,5485.6484,['660_2LT001'],216,1,"['POVQGA1' 'POVQGB1' 'POVQGD1' 'POVQGA2' 'POVQGB2' 'POVQGD2' 'POVQGA3'
 'POVQGB3' 'POVQGD3']",216,9
660_3LT001,1032.958,49.29483,2416.275,['660_3LT001'],96,1,['G9VOAB1' 'G9VOAD1' 'G9VOAB2' 'G9VOAD2'],96,4
661_0LT001,2059.7678,49.553642,5288.4424,['661_0LT001'],216,1,"['Q1OAPA1' 'Q1OAPB1' 'Q1OAPC1' 'Q1OAPA2' 'Q1OAPB2' 'Q1OAPC2' 'Q1OAPA3'
 'Q1OAPB3' 'Q1OAPC3']",216,9
661_1LT001,1180.942,51.14998,2848.0032,['661_1LT001'],120,1,['9QPVLB1' '9QPVLB2' '9QPVLB3' '9QPVLB4' '9QPVLB5'],120,5
661_2LT001,1393.995,48.184353,3460.9973,['661_2LT001'],144,1,['3GAQLA1' '3GAQLB1' '3GAQLA2' '3GAQLB2' '3GAQLA3' '3GAQLB3'],144,6
661_3LT001,2092.8113,50.625725,5397.6714,['661_3LT001'],216,1,"['LOGAVA1' 'LOGAVB1' 'LOGAVD1' 'LOGAVA2' 'LOGAVB2' 'LOGAVD2' 'LOGAVA3'
 'LOGAVB3' 'LOGAVD3']",216,9
662_0LT001,2299.6897,54.213787,5248.1665,['662_0LT001'],216,1,"['31VQPA1' '31VQPB1' '31VQPD1' '31VQPA2' '31VQPB2' '31VQPD2' '31VQPA3'
 '31VQPB3' '31VQPD3']",216,9
662_1LT001,1117.723,45.917454,2499.3848,['662_1LT001'],96,1,['13AO9B1' '13AO9D1' '13AO9B2' '13AO9D2'],96,4
662_2LT001,2081.1035,49.933784,5411.467,['662_2LT001'],216,1,"['1LV9GA1' '1LV9GB1' '1LV9GD1' '1LV9GA2' '1LV9GB2' '1LV9GD2' '1LV9GA3'
 '1LV9GB3' '1LV9GD3']",216,9
663_0LT001,480.87103,48.31657,1210.917,['663_0LT001'],48,1,['1GVLAB1' '1GVLAB2'],48,2
663_1LT001,2286.8286,48.531086,5648.54,['663_1LT001'],216,1,"['O93G1A1' 'O93G1B1' 'O93G1C1' 'O93G1A2' 'O93G1B2' 'O93G1C2' 'O93G1A3'
 'O93G1B3' 'O93G1C3']",216,9
663_2LT001,2200.48,51.78542,5900.8184,['663_2LT001'],240,1,"['9GPVLB1' '9GPVLC1' '9GPVLB2' '9GPVLC2' '9GPVLB3' '9GPVLC3' '9GPVLB4'
 '9GPVLC4' '9GPVLB5' '9GPVLC5']",240,10
664_0LT001,1008.20026,53.70941,2484.5747,['664_0LT001'],96,1,['ALVP1B1' 'ALVP1D1' 'ALVP1B2' 'ALVP1D2'],96,4
664_1LT001,2064.519,53.62568,5280.319,['664_1LT001'],216,1,"['PQ3VLA1' 'PQ3VLB1' 'PQ3VLC1' 'PQ3VLA2' 'PQ3VLB2' 'PQ3VLC2' 'PQ3VLA3'
 'PQ3VLB3' 'PQ3VLC3']",216,9
665_0LT001,2216.0913,50.54732,5298.5522,['665_0LT001'],216,1,"['GQPLVA1' 'GQPLVB1' 'GQPLVD1' 'GQPLVA2' 'GQPLVB2' 'GQPLVD2' 'GQPLVA3'
 'GQPLVB3' 'GQPLVD3']",216,9
665_1LT001,998.2279,47.325047,2229.0315,['665_1LT001'],96,1,['39VGQB1' '39VGQD1' '39VGQB2' '39VGQD2'],96,4
665_2LT001,493.81833,39.611134,1224.9252,['665_2LT001'],48,1,['G13QAB1' 'G13QAB2'],48,2
665_3LT001,2214.9324,51.3749,5508.4966,['665_3LT001'],216,1,"['Q91ALA1' 'Q91ALB1' 'Q91ALD1' 'Q91ALA2' 'Q91ALB2' 'Q91ALD2' 'Q91ALA3'
 'Q91ALB3' 'Q91ALD3']",216,9
666_0LT001,478.0966,49.5421,1134.8857,['666_0LT001'],48,1,['PLQA9B1' 'PLQA9B2'],48,2
666_1LT001,2127.4285,50.00435,5152.9004,['666_1LT001'],216,1,"['VQP3GA1' 'VQP3GB1' 'VQP3GC1' 'VQP3GA2' 'VQP3GB2' 'VQP3GC2' 'VQP3GA3'
 'VQP3GB3' 'VQP3GC3']",216,9
666_2LT001,980.17993,48.08304,2324.0273,['666_2LT001'],96,1,['A1PV9B1' 'A1PV9D1' 'A1PV9B2' 'A1PV9D2'],96,4
666_3LT001,2183.588,45.51661,5363.659,['666_3LT001'],216,1,"['1PLAVA1' '1PLAVB1' '1PLAVD1' '1PLAVA2' '1PLAVB2' '1PLAVD2' '1PLAVA3'
 '1PLAVB3' '1PLAVD3']",216,9
667_0LT001,2181.9263,47.935455,5350.9707,['667_0LT001'],216,1,"['P139LA1' 'P139LB1' 'P139LD1' 'P139LA2' 'P139LB2' 'P139LD2' 'P139LA3'
 'P139LB3' 'P139LD3']",216,9
667_1LT001,2171.531,48.937523,5518.202,['667_1LT001'],216,1,"['AO9GPA1' 'AO9GPB1' 'AO9GPC1' 'AO9GPA2' 'AO9GPB2' 'AO9GPC2' 'AO9GPA3'
 'AO9GPB3' 'AO9GPC3']",216,9
667_2LT001,1421.4056,47.74825,3523.8105,['667_2LT001'],144,1,['9VALQA1' '9VALQB1' '9VALQA2' '9VALQB2' '9VALQA3' '9VALQB3'],144,6
667_3LT001,2188.3909,51.859222,5659.1416,['667_3LT001'],216,1,"['OGA1LA1' 'OGA1LB1' 'OGA1LC1' 'OGA1LA2' 'OGA1LB2' 'OGA1LC2' 'OGA1LA3'
 'OGA1LB3' 'OGA1LC3']",216,9
668_0LT001,2005.9935,50.53611,5402.7837,['668_0LT001'],216,1,"['39L1VA1' '39L1VB1' '39L1VC1' '39L1VA2' '39L1VB2' '39L1VC2' '39L1VA3'
 '39L1VB3' '39L1VC3']",216,9
668_1LT001,2017.9843,52.9343,5536.7007,['668_1LT001'],216,1,"['L9AG1A1' 'L9AG1B1' 'L9AG1C1' 'L9AG1A2' 'L9AG1B2' 'L9AG1C2' 'L9AG1A3'
 'L9AG1B3' 'L9AG1C3']",216,9
668_2LT001,2047.5336,46.957855,5259.959,['668_2LT001'],216,1,"['L13G9A1' 'L13G9B1' 'L13G9C1' 'L13G9A2' 'L13G9B2' 'L13G9C2' 'L13G9A3'
 'L13G9B3' 'L13G9C3']",216,9
669_0LT001,922.4035,43.060505,2524.5667,['669_0LT001'],96,1,['QAO39B1' 'QAO39D1' 'QAO39B2' 'QAO39D2'],96,4
669_1LT001,2047.4587,51.53085,4982.6978,['669_1LT001'],216,1,"['GQLOVA1' 'GQLOVB1' 'GQLOVD1' 'GQLOVA2' 'GQLOVB2' 'GQLOVD2' 'GQLOVA3'
 'GQLOVB3' 'GQLOVD3']",216,9
669_2LT001,2145.6409,51.09404,5385.826,['669_2LT001'],216,1,"['ALQ91A1' 'ALQ91B1' 'ALQ91D1' 'ALQ91A2' 'ALQ91B2' 'ALQ91D2' 'ALQ91A3'
 'ALQ91B3' 'ALQ91D3']",216,9
670_0LT001,2083.5435,48.810246,5019.4175,['670_0LT001'],216,1,"['9OPGAA1' '9OPGAB1' '9OPGAD1' '9OPGAA2' '9OPGAB2' '9OPGAD2' '9OPGAA3'
 '9OPGAB3' '9OPGAD3']",216,9
670_1LT001,2170.138,51.7982,5466.9453,['670_1LT001'],216,1,"['1QL3GA1' '1QL3GB1' '1QL3GD1' '1QL3GA2' '1QL3GB2' '1QL3GD2' '1QL3GA3'
 '1QL3GB3' '1QL3GD3']",216,9
670_2LT001,969.4594,53.310276,2445.4905,['670_2LT001'],96,1,['Q9VG3B1' 'Q9VG3D1' 'Q9VG3B2' 'Q9VG3D2'],96,4
671_0LT001,1075.56,46.966705,2401.0293,['671_0LT001'],96,1,['GV3PQB1' 'GV3PQD1' 'GV3PQB2' 'GV3PQD2'],96,4
671_1LT001,525.46106,54.121155,1266.2909,['671_1LT001'],48,1,['1POA9B1' '1POA9B2'],48,2
671_2LT001,2169.6482,51.207977,5703.139,['671_2LT001'],216,1,"['QGOAPA1' 'QGOAPB1' 'QGOAPD1' 'QGOAPA2' 'QGOAPB2' 'QGOAPD2' 'QGOAPA3'
 'QGOAPB3' 'QGOAPD3']",216,9
671_3LT001,475.6273,47.629593,1171.514,['671_3LT001'],48,1,['9GAV3B1' '9GAV3B2'],48,2
672_0LT001,2132.6191,51.438442,5086.295,['672_0LT001'],216,1,"['AOGPVA1' 'AOGPVB1' 'AOGPVC1' 'AOGPVA2' 'AOGPVB2' 'AOGPVC2' 'AOGPVA3'
 'AOGPVB3' 'AOGPVC3']",216,9
672_1LT001,2085.5205,46.688427,5696.2974,['672_1LT001'],216,1,"['1AOLQA1' '1AOLQB1' '1AOLQD1' '1AOLQA2' '1AOLQB2' '1AOLQD2' '1AOLQA3'
 '1AOLQB3' '1AOLQD3']",216,9
672_2LT001,2146.4224,47.3814,5357.881,['672_2LT001'],216,1,"['OAPV3A1' 'OAPV3B1' 'OAPV3D1' 'OAPV3A2' 'OAPV3B2' 'OAPV3D2' 'OAPV3A3'
 'OAPV3B3' 'OAPV3D3']",216,9
673_0LT001,1349.3816,50.290028,2954.987,['673_0LT001'],120,1,['GA91OB1' 'GA91OB2' 'GA91OB3' 'GA91OB4' 'GA91OB5'],120,5
673_1LT001,2097.053,52.273544,5451.3135,['673_1LT001'],216,1,"['39VGOA1' '39VGOB1' '39VGOC1' '39VGOA2' '39VGOB2' '39VGOC2' '39VGOA3'
 '39VGOB3' '39VGOC3']",216,9
673_2LT001,2545.531,50.272408,6216.6807,['673_2LT001'],240,1,"['O31VPB1' 'O31VPD1' 'O31VPB2' 'O31VPD2' 'O31VPB3' 'O31VPD3' 'O31VPB4'
 'O31VPD4' 'O31VPB5' 'O31VPD5']",240,10
674_0LT001,2094.2114,51.065056,5661.264,['674_0LT001'],216,1,"['VOLAPA1' 'VOLAPB1' 'VOLAPD1' 'VOLAPA2' 'VOLAPB2' 'VOLAPD2' 'VOLAPA3'
 'VOLAPB3' 'VOLAPD3']",216,9
674_1LT001,940.53656,50.072727,2461.6199,['674_1LT001'],96,1,['19PLQB1' '19PLQD1' '19PLQB2' '19PLQD2'],96,4
674_2LT001,1431.4031,54.46984,3718.8706,['674_2LT001'],144,1,['1Q9VGA1' '1Q9VGB1' '1Q9VGA2' '1Q9VGB2' '1Q9VGA3' '1Q9VGB3'],144,6
674_3LT001,1006.83496,44.546448,2442.773,['674_3LT001'],96,1,['3PLVAB1' '3PLVAD1' '3PLVAB2' '3PLVAD2'],96,4
675_0LT001,2239.8215,48.98606,5648.633,['675_0LT001'],216,1,"['OA19LA1' 'OA19LB1' 'OA19LD1' 'OA19LA2' 'OA19LB2' 'OA19LD2' 'OA19LA3'
 'OA19LB3' 'OA19LD3']",216,9
675_1LT001,2104.4954,46.622288,5328.3677,['675_1LT001'],216,1,"['3V1OQA1' '3V1OQB1' '3V1OQD1' '3V1OQA2' '3V1OQB2' '3V1OQD2' '3V1OQA3'
 '3V1OQB3' '3V1OQD3']",216,9
675_2LT001,2237.4675,52.076065,5486.7173,['675_2LT001'],216,1,"['1G3APA1' '1G3APB1' '1G3APD1' '1G3APA2' '1G3APB2' '1G3APD2' '1G3APA3'
 '1G3APB3' '1G3APD3']",216,9
675_3LT001,538.29034,44.595875,1066.8176,['675_3LT001'],48,1,['PV31GB1' 'PV31GB2'],48,2
676_0LT001,511.96378,49.56724,1270.3087,['676_0LT001'],48,1,['V3QL1B1' 'V3QL1B2'],48,2
676_1LT001,2139.1055,51.670135,5540.94,['676_1LT001'],216,1,"['Q1AV9A1' 'Q1AV9B1' 'Q1AV9C1' 'Q1AV9A2' 'Q1AV9B2' 'Q1AV9C2' 'Q1AV9A3'
 'Q1AV9B3' 'Q1AV9C3']",216,9
676_2LT001,2160.6802,47.95078,6160.0684,['676_2LT001'],216,1,"['AG31OA1' 'AG31OB1' 'AG31OC1' 'AG31OA2' 'AG31OB2' 'AG31OC2' 'AG31OA3'
 'AG31OB3' 'AG31OC3']",216,9
676_3LT001,2156.0056,49.10525,5252.8936,['676_3LT001'],216,1,"['A3LOGA1' 'A3LOGB1' 'A3LOGD1' 'A3LOGA2' 'A3LOGB2' 'A3LOGD2' 'A3LOGA3'
 'A3LOGB3' 'A3LOGD3']",216,9
676_4LT001,461.08948,55.653164,1113.1761,['676_4LT001'],48,1,['9QALGB1' '9QALGB2'],48,2
676_5LT001,2141.3958,50.265793,5236.795,['676_5LT001'],216,1,"['AVL1PA1' 'AVL1PB1' 'AVL1PC1' 'AVL1PA2' 'AVL1PB2' 'AVL1PC2' 'AVL1PA3'
 'AVL1PB3' 'AVL1PC3']",216,9
676_6LT001,2197.7278,50.263622,5209.7383,['676_6LT001'],216,1,"['AVQ39A1' 'AVQ39B1' 'AVQ39D1' 'AVQ39A2' 'AVQ39B2' 'AVQ39D2' 'AVQ39A3'
 'AVQ39B3' 'AVQ39D3']",216,9
677_0LT001,2124.9844,48.18288,5204.5913,['677_0LT001'],216,1,"['AP1LVA1' 'AP1LVB1' 'AP1LVD1' 'AP1LVA2' 'AP1LVB2' 'AP1LVD2' 'AP1LVA3'
 'AP1LVB3' 'AP1LVD3']",216,9
677_1LT001,966.63184,49.704636,2406.7402,['677_1LT001'],96,1,['GL9VOB1' 'GL9VOD1' 'GL9VOB2' 'GL9VOD2'],96,4
677_2LT001,471.10748,46.185715,1098.068,['677_2LT001'],48,1,['GL931B1' 'GL931B2'],48,2
678_0LT001,1440.6069,48.64485,3677.1973,['678_0LT001'],144,1,['V3LAGA1' 'V3LAGB1' 'V3LAGA2' 'V3LAGB2' 'V3LAGA3' 'V3LAGB3'],144,6
678_1LT001,973.5063,49.03322,2411.492,['678_1LT001'],96,1,['39LGQB1' '39LGQD1' '39LGQB2' '39LGQD2'],96,4
678_2LT001,943.8124,47.760086,2624.4275,['678_2LT001'],96,1,['3A1OVB1' '3A1OVD1' '3A1OVB2' '3A1OVD2'],96,4
678_3LT001,2116.2715,51.842236,5295.754,['678_3LT001'],216,1,"['A3QP9A1' 'A3QP9B1' 'A3QP9D1' 'A3QP9A2' 'A3QP9B2' 'A3QP9D2' 'A3QP9A3'
 'A3QP9B3' 'A3QP9D3']",216,9
679_0LT001,2126.3672,48.190826,5179.3813,['679_0LT001'],216,1,"['39LGVA1' '39LGVB1' '39LGVD1' '39LGVA2' '39LGVB2' '39LGVD2' '39LGVA3'
 '39LGVB3' '39LGVD3']",216,9
679_1LT001,2166.948,49.806118,5312.466,['679_1LT001'],216,1,"['LP3G1A1' 'LP3G1B1' 'LP3G1D1' 'LP3G1A2' 'LP3G1B2' 'LP3G1D2' 'LP3G1A3'
 'LP3G1B3' 'LP3G1D3']",216,9
679_2LT001,2138.6416,48.400345,5339.2466,['679_2LT001'],216,1,"['LV93AA1' 'LV93AB1' 'LV93AD1' 'LV93AA2' 'LV93AB2' 'LV93AD2' 'LV93AA3'
 'LV93AB3' 'LV93AD3']",216,9
679_3LT001,2284.8696,50.22988,5253.9673,['679_3LT001'],216,1,"['OGQ3VA1' 'OGQ3VB1' 'OGQ3VC1' 'OGQ3VA2' 'OGQ3VB2' 'OGQ3VC2' 'OGQ3VA3'
 'OGQ3VB3' 'OGQ3VC3']",216,9
680_0LT001,2194.8357,51.644608,5692.693,['680_0LT001'],216,1,"['PA3G1A1' 'PA3G1B1' 'PA3G1D1' 'PA3G1A2' 'PA3G1B2' 'PA3G1D2' 'PA3G1A3'
 'PA3G1B3' 'PA3G1D3']",216,9
680_1LT001,2196.706,49.493137,4869.7617,['680_1LT001'],216,1,"['A9PO1A1' 'A9PO1B1' 'A9PO1D1' 'A9PO1A2' 'A9PO1B2' 'A9PO1D2' 'A9PO1A3'
 'A9PO1B3' 'A9PO1D3']",216,9
680_2LT001,535.2008,46.99866,1287.2379,['680_2LT001'],48,1,['VO19QB1' 'VO19QB2'],48,2
680_3LT001,904.19165,49.458057,2544.6562,['680_3LT001'],96,1,['O9LQVB1' 'O9LQVD1' 'O9LQVB2' 'O9LQVD2'],96,4
681_0LT001,452.11096,53.46326,1170.2491,['681_0LT001'],48,1,['APGVLB1' 'APGVLB2'],48,2
681_1LT001,2103.1606,52.0997,5684.864,['681_1LT001'],216,1,"['93LAGA1' '93LAGB1' '93LAGC1' '93LAGA2' '93LAGB2' '93LAGC2' '93LAGA3'
 '93LAGB3' '93LAGC3']",216,9
681_2LT001,2246.7656,51.805023,5429.934,['681_2LT001'],216,1,"['1GOVPA1' '1GOVPB1' '1GOVPC1' '1GOVPA2' '1GOVPB2' '1GOVPC2' '1GOVPA3'
 '1GOVPB3' '1GOVPC3']",216,9
682_0LT001,2120.4902,46.57784,5005.7217,['682_0LT001'],216,1,"['PQ91VA1' 'PQ91VB1' 'PQ91VC1' 'PQ91VA2' 'PQ91VB2' 'PQ91VC2' 'PQ91VA3'
 'PQ91VB3' 'PQ91VC3']",216,9
682_1LT001,875.5219,51.724487,2442.9873,['682_1LT001'],96,1,['OQ91LB1' 'OQ91LD1' 'OQ91LB2' 'OQ91LD2'],96,4
682_2LT001,2080.6182,47.18016,5416.2075,['682_2LT001'],216,1,"['A9LOGA1' 'A9LOGB1' 'A9LOGC1' 'A9LOGA2' 'A9LOGB2' 'A9LOGC2' 'A9LOGA3'
 'A9LOGB3' 'A9LOGC3']",216,9
683_0LT001,2252.0764,51.3287,5489.3687,['683_0LT001'],216,1,"['VQ3L9A1' 'VQ3L9B1' 'VQ3L9C1' 'VQ3L9A2' 'VQ3L9B2' 'VQ3L9C2' 'VQ3L9A3'
 'VQ3L9B3' 'VQ3L9C3']",216,9
683_1LT001,1993.816,49.5262,5716.517,['683_1LT001'],216,1,"['PVQ13A1' 'PVQ13B1' 'PVQ13D1' 'PVQ13A2' 'PVQ13B2' 'PVQ13D2' 'PVQ13A3'
 'PVQ13B3' 'PVQ13D3']",216,9
683_2LT001,2174.6985,49.642914,5224.125,['683_2LT001'],216,1,"['A9GO3A1' 'A9GO3B1' 'A9GO3D1' 'A9GO3A2' 'A9GO3B2' 'A9GO3D2' 'A9GO3A3'
 'A9GO3B3' 'A9GO3D3']",216,9
684_0LT001,2074.689,52.0493,5331.412,['684_0LT001'],216,1,"['QO3VLA1' 'QO3VLB1' 'QO3VLC1' 'QO3VLA2' 'QO3VLB2' 'QO3VLC2' 'QO3VLA3'
 'QO3VLB3' 'QO3VLC3']",216,9
684_1LT001,1421.9009,50.158302,3655.962,['684_1LT001'],144,1,['1VA9OA1' '1VA9OB1' '1VA9OA2' '1VA9OB2' '1VA9OA3' '1VA9OB3'],144,6
684_2LT001,2042.8656,50.173046,5364.7383,['684_2LT001'],216,1,"['LOA93A1' 'LOA93B1' 'LOA93D1' 'LOA93A2' 'LOA93B2' 'LOA93D2' 'LOA93A3'
 'LOA93B3' 'LOA93D3']",216,9
684_3LT001,1180.3021,49.253906,3110.8994,['684_3LT001'],120,1,['QPO93B1' 'QPO93B2' 'QPO93B3' 'QPO93B4' 'QPO93B5'],120,5
685_0LT001,2193.5652,51.154957,5276.072,['685_0LT001'],216,1,"['1QVALA1' '1QVALB1' '1QVALD1' '1QVALA2' '1QVALB2' '1QVALD2' '1QVALA3'
 '1QVALB3' '1QVALD3']",216,9
685_1LT001,938.9372,54.51531,2794.707,['685_1LT001'],96,1,['GA39PB1' 'GA39PD1' 'GA39PB2' 'GA39PD2'],96,4
685_2LT001,2208.9695,50.998844,5223.5166,['685_2LT001'],216,1,"['PQO31A1' 'PQO31B1' 'PQO31D1' 'PQO31A2' 'PQO31B2' 'PQO31D2' 'PQO31A3'
 'PQO31B3' 'PQO31D3']",216,9
686_0LT001,2132.1616,45.819878,5325.4995,['686_0LT001'],216,1,"['OG1PLA1' 'OG1PLB1' 'OG1PLD1' 'OG1PLA2' 'OG1PLB2' 'OG1PLD2' 'OG1PLA3'
 'OG1PLB3' 'OG1PLD3']",216,9
686_1LT001,2111.7515,48.6825,5435.3784,['686_1LT001'],216,1,"['QP9V3A1' 'QP9V3B1' 'QP9V3C1' 'QP9V3A2' 'QP9V3B2' 'QP9V3C2' 'QP9V3A3'
 'QP9V3B3' 'QP9V3C3']",216,9
686_2LT001,2233.4556,49.825092,5508.5845,['686_2LT001'],216,1,"['QP3GOA1' 'QP3GOB1' 'QP3GOD1' 'QP3GOA2' 'QP3GOB2' 'QP3GOD2' 'QP3GOA3'
 'QP3GOB3' 'QP3GOD3']",216,9
686_3LT001,2027.7041,50.24363,5155.5938,['686_3LT001'],216,1,"['O39PAA1' 'O39PAB1' 'O39PAD1' 'O39PAA2' 'O39PAB2' 'O39PAD2' 'O39PAA3'
 'O39PAB3' 'O39PAD3']",216,9
687_0LT001,2071.6526,52.45954,5173.594,['687_0LT001'],216,1,"['1P3QAA1' '1P3QAB1' '1P3QAC1' '1P3QAA2' '1P3QAB2' '1P3QAC2' '1P3QAA3'
 '1P3QAB3' '1P3QAC3']",216,9
687_1LT001,2192.3147,44.110336,5362.393,['687_1LT001'],216,1,"['G1LOVA1' 'G1LOVB1' 'G1LOVC1' 'G1LOVA2' 'G1LOVB2' 'G1LOVC2' 'G1LOVA3'
 'G1LOVB3' 'G1LOVC3']",216,9
687_2LT001,1459.1027,49.952988,3809.1003,['687_2LT001'],144,1,['OA39VA1' 'OA39VB1' 'OA39VA2' 'OA39VB2' 'OA39VA3' 'OA39VB3'],144,6
688_0LT001,2246.6414,49.335857,5774.863,['688_0LT001'],216,1,"['G1L39A1' 'G1L39B1' 'G1L39C1' 'G1L39A2' 'G1L39B2' 'G1L39C2' 'G1L39A3'
 'G1L39B3' 'G1L39C3']",216,9
688_1LT001,587.3909,49.715633,1298.2013,['688_1LT001'],48,1,['POV1QB1' 'POV1QB2'],48,2
688_2LT001,2393.2205,54.13262,6288.3926,['688_2LT001'],240,1,"['OL9PAB1' 'OL9PAC1' 'OL9PAB2' 'OL9PAC2' 'OL9PAB3' 'OL9PAC3' 'OL9PAB4'
 'OL9PAC4' 'OL9PAB5' 'OL9PAC5']",240,10
688_3LT001,440.2531,52.27248,1193.9261,['688_3LT001'],48,1,['PLV91B1' 'PLV91B2'],48,2
688_4LT001,432.37234,44.575672,1022.748,['688_4LT001'],48,1,['O9LG3B1' 'O9LG3B2'],48,2
689_0LT001,2141.1711,50.15925,5470.823,['689_0LT001'],216,1,"['LQ93GA1' 'LQ93GB1' 'LQ93GD1' 'LQ93GA2' 'LQ93GB2' 'LQ93GD2' 'LQ93GA3'
 'LQ93GB3' 'LQ93GD3']",216,9
689_1LT001,1402.5784,46.73931,3474.2122,['689_1LT001'],144,1,['3G1VAA1' '3G1VAB1' '3G1VAA2' '3G1VAB2' '3G1VAA3' '3G1VAB3'],144,6
689_2LT001,2257.9807,51.779564,5539.607,['689_2LT001'],216,1,"['19GAVA1' '19GAVB1' '19GAVD1' '19GAVA2' '19GAVB2' '19GAVD2' '19GAVA3'
 '19GAVB3' '19GAVD3']",216,9
689_3LT001,2096.653,47.390102,5280.783,['689_3LT001'],216,1,"['P3Q9GA1' 'P3Q9GB1' 'P3Q9GD1' 'P3Q9GA2' 'P3Q9GB2' 'P3Q9GD2' 'P3Q9GA3'
 'P3Q9GB3' 'P3Q9GD3']",216,9
690_0LT001,525.62775,42.829006,1345.4349,['690_0LT001'],48,1,['POQ9LB1' 'POQ9LB2'],48,2
690_1LT001,2221.1226,51.816887,5434.314,['690_1LT001'],216,1,"['31VG9A1' '31VG9B1' '31VG9D1' '31VG9A2' '31VG9B2' '31VG9D2' '31VG9A3'
 '31VG9B3' '31VG9D3']",216,9
691_0LT001,429.85614,48.779896,1078.1484,['691_0LT001'],48,1,['GQ1OPB1' 'GQ1OPB2'],48,2
691_1LT001,2187.4304,48.65063,5225.3433,['691_1LT001'],216,1,"['VGO31A1' 'VGO31B1' 'VGO31C1' 'VGO31A2' 'VGO31B2' 'VGO31C2' 'VGO31A3'
 'VGO31B3' 'VGO31C3']",216,9
691_2LT001,1391.5652,47.912384,3732.5886,['691_2LT001'],144,1,['39QGOA1' '39QGOB1' '39QGOA2' '39QGOB2' '39QGOA3' '39QGOB3'],144,6
691_3LT001,2086.4612,50.7726,5274.2017,['691_3LT001'],216,1,"['3GLQ9A1' '3GLQ9B1' '3GLQ9D1' '3GLQ9A2' '3GLQ9B2' '3GLQ9D2' '3GLQ9A3'
 '3GLQ9B3' '3GLQ9D3']",216,9
692_0LT001,2400.7966,50.898247,5969.45,['692_0LT001'],240,1,"['3GPALB1' '3GPALC1' '3GPALB2' '3GPALC2' '3GPALB3' '3GPALC3' '3GPALB4'
 '3GPALC4' '3GPALB5' '3GPALC5']",240,10
692_1LT001,2227.559,49.42835,5174.1035,['692_1LT001'],216,1,"['1GL9QA1' '1GL9QB1' '1GL9QD1' '1GL9QA2' '1GL9QB2' '1GL9QD2' '1GL9QA3'
 '1GL9QB3' '1GL9QD3']",216,9
693_0LT001,452.01904,51.49603,1171.9697,['693_0LT001'],48,1,['VL3GOB1' 'VL3GOB2'],48,2
693_1LT001,1457.8243,51.524723,3714.9822,['693_1LT001'],144,1,['G9QVOA1' 'G9QVOB1' 'G9QVOA2' 'G9QVOB2' 'G9QVOA3' 'G9QVOB3'],144,6
693_2LT001,1490.6703,49.604538,3665.984,['693_2LT001'],144,1,['Q3VG9A1' 'Q3VG9B1' 'Q3VG9A2' 'Q3VG9B2' 'Q3VG9A3' 'Q3VG9B3'],144,6
694_0LT001,2207.7925,50.994953,5105.4346,['694_0LT001'],216,1,"['O9PV1A1' 'O9PV1B1' 'O9PV1D1' 'O9PV1A2' 'O9PV1B2' 'O9PV1D2' 'O9PV1A3'
 'O9PV1B3' 'O9PV1D3']",216,9
694_1LT001,2087.31,50.968792,5835.1606,['694_1LT001'],216,1,"['13VOLA1' '13VOLB1' '13VOLD1' '13VOLA2' '13VOLB2' '13VOLD2' '13VOLA3'
 '13VOLB3' '13VOLD3']",216,9
695_0LT001,1011.1374,50.24118,2294.5676,['695_0LT001'],96,1,['LAOV1B1' 'LAOV1D1' 'LAOV1B2' 'LAOV1D2'],96,4
695_1LT001,937.84393,43.25792,2301.4207,['695_1LT001'],96,1,['3GOAPB1' '3GOAPD1' '3GOAPB2' '3GOAPD2'],96,4
696_0LT001,1412.8413,48.194386,3773.741,['696_0LT001'],144,1,['QLP1OA1' 'QLP1OB1' 'QLP1OA2' 'QLP1OB2' 'QLP1OA3' 'QLP1OB3'],144,6
696_1LT001,536.93085,49.517395,1181.939,['696_1LT001'],48,1,['VO9L3B1' 'VO9L3B2'],48,2
697_0LT001,2055.5605,50.752544,5125.337,['697_0LT001'],216,1,"['9GPQAA1' '9GPQAB1' '9GPQAD1' '9GPQAA2' '9GPQAB2' '9GPQAD2' '9GPQAA3'
 '9GPQAB3' '9GPQAD3']",216,9
697_1LT001,956.50037,46.345627,2456.4219,['697_1LT001'],96,1,['AQ39OB1' 'AQ39OD1' 'AQ39OB2' 'AQ39OD2'],96,4
697_2LT001,893.4851,49.246807,2300.52,['697_2LT001'],96,1,['O9VP3B1' 'O9VP3D1' 'O9VP3B2' 'O9VP3D2'],96,4
698_0LT001,962.58,49.021816,2459.0764,['698_0LT001'],96,1,['3GPL9B1' '3GPL9D1' '3GPL9B2' '3GPL9D2'],96,4
698_1LT001,2233.42,50.28415,5198.9946,['698_1LT001'],216,1,"['AQOGVA1' 'AQOGVB1' 'AQOGVC1' 'AQOGVA2' 'AQOGVB2' 'AQOGVC2' 'AQOGVA3'
 'AQOGVB3' 'AQOGVC3']",216,9
699_0LT001,2194.6064,51.859238,5591.5356,['699_0LT001'],216,1,"['OQ1ALA1' 'OQ1ALB1' 'OQ1ALD1' 'OQ1ALA2' 'OQ1ALB2' 'OQ1ALD2' 'OQ1ALA3'
 'OQ1ALB3' 'OQ1ALD3']",216,9
699_1LT001,2159.8167,54.81158,5212.2085,['699_1LT001'],216,1,"['PG9AOA1' 'PG9AOB1' 'PG9AOC1' 'PG9AOA2' 'PG9AOB2' 'PG9AOC2' 'PG9AOA3'
 'PG9AOB3' 'PG9AOC3']",216,9
699_2LT001,1460.7354,51.093094,3387.1235,['699_2LT001'],144,1,['9Q1O3A1' '9Q1O3B1' '9Q1O3A2' '9Q1O3B2' '9Q1O3A3' '9Q1O3B3'],144,6
700_0LT001,2321.4312,49.009083,5335.6147,['700_0LT001'],216,1,"['9PQ3OA1' '9PQ3OB1' '9PQ3OD1' '9PQ3OA2' '9PQ3OB2' '9PQ3OD2' '9PQ3OA3'
 '9PQ3OB3' '9PQ3OD3']",216,9
700_1LT001,2245.1824,53.079376,5114.642,['700_1LT001'],216,1,"['PLAV9A1' 'PLAV9B1' 'PLAV9D1' 'PLAV9A2' 'PLAV9B2' 'PLAV9D2' 'PLAV9A3'
 'PLAV9B3' 'PLAV9D3']",216,9
700_2LT001,2238.3452,53.197735,5150.5415,['700_2LT001'],216,1,"['QA3PGA1' 'QA3PGB1' 'QA3PGD1' 'QA3PGA2' 'QA3PGB2' 'QA3PGD2' 'QA3PGA3'
 'QA3PGB3' 'QA3PGD3']",216,9
700_3LT001,2081.43,50.33515,5388.8003,['700_3LT001'],216,1,"['G3AV1A1' 'G3AV1B1' 'G3AV1C1' 'G3AV1A2' 'G3AV1B2' 'G3AV1C2' 'G3AV1A3'
 'G3AV1B3' 'G3AV1C3']",216,9
700_4LT001,2247.426,48.27668,5697.313,['700_4LT001'],216,1,"['PLG39A1' 'PLG39B1' 'PLG39C1' 'PLG39A2' 'PLG39B2' 'PLG39C2' 'PLG39A3'
 'PLG39B3' 'PLG39C3']",216,9
700_5LT001,1047.9963,51.88655,2226.6892,['700_5LT001'],96,1,['AGV3LB1' 'AGV3LD1' 'AGV3LB2' 'AGV3LD2'],96,4
700_6LT001,2071.376,48.348537,5560.454,['700_6LT001'],216,1,"['AQGO1A1' 'AQGO1B1' 'AQGO1C1' 'AQGO1A2' 'AQGO1B2' 'AQGO1C2' 'AQGO1A3'
 'AQGO1B3' 'AQGO1C3']",216,9
700_7LT001,995.06036,50.97584,2475.351,['700_7LT001'],96,1,['19G3QB1' '19G3QD1' '19G3QB2' '19G3QD2'],96,4
700_8LT001,2524.5383,48.59801,5944.5625,['700_8LT001'],240,1,"['G1LAPB1' 'G1LAPD1' 'G1LAPB2' 'G1LAPD2' 'G1LAPB3' 'G1LAPD3' 'G1LAPB4'
 'G1LAPD4' 'G1LAPB5' 'G1LAPD5']",240,10
700_9LT001,478.85583,50.637737,1200.5614,['700_9LT001'],48,1,['1O39VB1' '1O39VB2'],48,2
701_0LT001,960.76184,56.48941,2329.4658,['701_0LT001'],96,1,['PO193B1' 'PO193D1' 'PO193B2' 'PO193D2'],96,4
701_1LT001,917.8463,48.41896,2667.6575,['701_1LT001'],96,1,['A9GLQB1' 'A9GLQD1' 'A9GLQB2' 'A9GLQD2'],96,4
701_2LT001,2115.261,50.8367,5463.413,['701_2LT001'],216,1,"['9QLOAA1' '9QLOAB1' '9QLOAC1' '9QLOAA2' '9QLOAB2' '9QLOAC2' '9QLOAA3'
 '9QLOAB3' '9QLOAC3']",216,9
701_3LT001,2027.7094,52.33802,5814.951,['701_3LT001'],216,1,"['V19OGA1' 'V19OGB1' 'V19OGD1' 'V19OGA2' 'V19OGB2' 'V19OGD2' 'V19OGA3'
 'V19OGB3' 'V19OGD3']",216,9
701_4LT001,2243.0977,51.719437,5377.1587,['701_4LT001'],216,1,"['A9V1GA1' 'A9V1GB1' 'A9V1GD1' 'A9V1GA2' 'A9V1GB2' 'A9V1GD2' 'A9V1GA3'
 'A9V1GB3' 'A9V1GD3']",216,9
702_0LT001,449.97574,50.82138,1270.583,['702_0LT001'],48,1,['LAO1QB1' 'LAO1QB2'],48,2
702_1LT001,474.0033,57.20515,1279.5944,['702_1LT001'],48,1,['1G3L9B1' '1G3L9B2'],48,2
702_2LT001,2205.766,53.299545,5513.713,['702_2LT001'],216,1,"['POQ13A1' 'POQ13B1' 'POQ13D1' 'POQ13A2' 'POQ13B2' 'POQ13D2' 'POQ13A3'
 'POQ13B3' 'POQ13D3']",216,9
702_3LT001,948.64453,49.94389,2348.3682,['702_3LT001'],96,1,['GL3PVB1' 'GL3PVD1' 'GL3PVB2' 'GL3PVD2'],96,4
702_4LT001,444.30365,56.925007,1094.7865,['702_4LT001'],48,1,['L39OPB1' 'L39OPB2'],48,2
703_0LT001,486.38324,54.927746,967.0064,['703_0LT001'],48,1,['VOGQ9B1' 'VOGQ9B2'],48,2
703_1LT001,1396.9205,49.551502,3716.2114,['703_1LT001'],144,1,['VO13PA1' 'VO13PB1' 'VO13PA2' 'VO13PB2' 'VO13PA3' 'VO13PB3'],144,6
703_2LT001,2222.3308,49.78111,5236.0103,['703_2LT001'],216,1,"['91GLVA1' '91GLVB1' '91GLVD1' '91GLVA2' '91GLVB2' '91GLVD2' '91GLVA3'
 '91GLVB3' '91GLVD3']",216,9
703_3LT001,1047.2067,49.92082,2537.1992,['703_3LT001'],96,1,['1AG9LB1' '1AG9LD1' '1AG9LB2' '1AG9LD2'],96,4
703_4LT001,2075.9663,48.27127,5696.8022,['703_4LT001'],216,1,"['L3G91A1' 'L3G91B1' 'L3G91D1' 'L3G91A2' 'L3G91B2' 'L3G91D2' 'L3G91A3'
 'L3G91B3' 'L3G91D3']",216,9
703_5LT001,501.26904,48.257885,1179.2915,['703_5LT001'],48,1,['L9QVOB1' 'L9QVOB2'],48,2
704_0LT001,916.8422,50.651608,2441.6494,['704_0LT001'],96,1,['V13QGB1' 'V13QGD1' 'V13QGB2' 'V13QGD2'],96,4
704_1LT001,2079.1604,48.188843,5611.3853,['704_1LT001'],216,1,"['QLPV1A1' 'QLPV1B1' 'QLPV1C1' 'QLPV1A2' 'QLPV1B2' 'QLPV1C2' 'QLPV1A3'
 'QLPV1B3' 'QLPV1C3']",216,9
704_2LT001,2606.0854,48.790092,5922.214,['704_2LT001'],240,1,"['P9AOVB1' 'P9AOVD1' 'P9AOVB2' 'P9AOVD2' 'P9AOVB3' 'P9AOVD3' 'P9AOVB4'
 'P9AOVD4' 'P9AOVB5' 'P9AOVD5']",240,10
704_3LT001,1420.0447,47.571014,3648.9429,['704_3LT001'],144,1,['GLPA3A1' 'GLPA3B1' 'GLPA3A2' 'GLPA3B2' 'GLPA3A3' 'GLPA3B3'],144,6
705_0LT001,2188.2625,50.215664,5154.8066,['705_0LT001'],216,1,"['91VLOA1' '91VLOB1' '91VLOD1' '91VLOA2' '91VLOB2' '91VLOD2' '91VLOA3'
 '91VLOB3' '91VLOD3']",216,9
705_1LT001,2128.5923,45.329258,5310.7485,['705_1LT001'],216,1,"['QALOVA1' 'QALOVB1' 'QALOVD1' 'QALOVA2' 'QALOVB2' 'QALOVD2' 'QALOVA3'
 'QALOVB3' 'QALOVD3']",216,9
705_2LT001,2151.8977,48.4756,5241.2095,['705_2LT001'],216,1,"['Q9APGA1' 'Q9APGB1' 'Q9APGC1' 'Q9APGA2' 'Q9APGB2' 'Q9APGC2' 'Q9APGA3'
 'Q9APGB3' 'Q9APGC3']",216,9
705_3LT001,2102.5996,44.753067,5290.9785,['705_3LT001'],216,1,"['39QVLA1' '39QVLB1' '39QVLC1' '39QVLA2' '39QVLB2' '39QVLC2' '39QVLA3'
 '39QVLB3' '39QVLC3']",216,9
706_0LT001,2147.8662,53.80268,5288.4756,['706_0LT001'],216,1,"['13LGOA1' '13LGOB1' '13LGOD1' '13LGOA2' '13LGOB2' '13LGOD2' '13LGOA3'
 '13LGOB3' '13LGOD3']",216,9
706_1LT001,1408.1733,53.20262,3208.6978,['706_1LT001'],144,1,['AGLQVA1' 'AGLQVB1' 'AGLQVA2' 'AGLQVB2' 'AGLQVA3' 'AGLQVB3'],144,6
706_2LT001,2533.622,52.01624,6181.2954,['706_2LT001'],240,1,"['93PGQB1' '93PGQC1' '93PGQB2' '93PGQC2' '93PGQB3' '93PGQC3' '93PGQB4'
 '93PGQC4' '93PGQB5' '93PGQC5']",240,10
706_3LT001,929.8258,46.367264,2295.6372,['706_3LT001'],96,1,['Q3GVPB1' 'Q3GVPD1' 'Q3GVPB2' 'Q3GVPD2'],96,4
707_0LT001,1551.7078,47.208786,3519.2678,['707_0LT001'],144,1,['OPGLAA1' 'OPGLAB1' 'OPGLAA2' 'OPGLAB2' 'OPGLAA3' 'OPGLAB3'],144,6
707_1LT001,2174.8936,48.349102,5497.881,['707_1LT001'],216,1,"['OGVA9A1' 'OGVA9B1' 'OGVA9D1' 'OGVA9A2' 'OGVA9B2' 'OGVA9D2' 'OGVA9A3'
 'OGVA9B3' 'OGVA9D3']",216,9
708_0LT001,2254.9146,51.267914,5327.708,['708_0LT001'],216,1,"['3L1VGA1' '3L1VGB1' '3L1VGC1' '3L1VGA2' '3L1VGB2' '3L1VGC2' '3L1VGA3'
 '3L1VGB3' '3L1VGC3']",216,9
708_1LT001,1380.6948,47.782173,3586.6162,['708_1LT001'],144,1,['AQ9LPA1' 'AQ9LPB1' 'AQ9LPA2' 'AQ9LPB2' 'AQ9LPA3' 'AQ9LPB3'],144,6
708_2LT001,2170.801,48.979607,5315.6543,['708_2LT001'],216,1,"['L319PA1' 'L319PB1' 'L319PC1' 'L319PA2' 'L319PB2' 'L319PC2' 'L319PA3'
 'L319PB3' 'L319PC3']",216,9
709_0LT001,915.4355,48.841278,2528.3276,['709_0LT001'],96,1,['PAQ31B1' 'PAQ31D1' 'PAQ31B2' 'PAQ31D2'],96,4
709_1LT001,1443.889,50.239887,3714.9443,['709_1LT001'],144,1,['OLAG1A1' 'OLAG1B1' 'OLAG1A2' 'OLAG1B2' 'OLAG1A3' 'OLAG1B3'],144,6
709_2LT001,2165.65,47.1345,5749.2485,['709_2LT001'],216,1,"['L9AGVA1' 'L9AGVB1' 'L9AGVD1' 'L9AGVA2' 'L9AGVB2' 'L9AGVD2' 'L9AGVA3'
 'L9AGVB3' 'L9AGVD3']",216,9
709_3LT001,1381.7578,49.453102,3846.7983,['709_3LT001'],144,1,['G3VLQA1' 'G3VLQB1' 'G3VLQA2' 'G3VLQB2' 'G3VLQA3' 'G3VLQB3'],144,6
709_4LT001,2198.2336,50.82868,5558.2705,['709_4LT001'],216,1,"['L1O93A1' 'L1O93B1' 'L1O93C1' 'L1O93A2' 'L1O93B2' 'L1O93C2' 'L1O93A3'
 'L1O93B3' 'L1O93C3']",216,9
710_0LT001,2045.6229,49.672268,5808.1304,['710_0LT001'],216,1,"['AQ3GVA1' 'AQ3GVB1' 'AQ3GVD1' 'AQ3GVA2' 'AQ3GVB2' 'AQ3GVD2' 'AQ3GVA3'
 'AQ3GVB3' 'AQ3GVD3']",216,9
710_1LT001,462.39185,47.286953,1418.9061,['710_1LT001'],48,1,['GLAQOB1' 'GLAQOB2'],48,2
711_0LT001,464.67462,50.986263,1344.6593,['711_0LT001'],48,1,['1QGPAB1' '1QGPAB2'],48,2
711_1LT001,2141.5317,51.29389,5221.9077,['711_1LT001'],216,1,"['3VOG1A1' '3VOG1B1' '3VOG1D1' '3VOG1A2' '3VOG1B2' '3VOG1D2' '3VOG1A3'
 '3VOG1B3' '3VOG1D3']",216,9
711_2LT001,1368.2528,47.917862,3378.9429,['711_2LT001'],120,1,['3ALQVB1' '3ALQVB2' '3ALQVB3' '3ALQVB4' '3ALQVB5'],120,5
711_3LT001,2118.9175,49.179646,5348.8677,['711_3LT001'],216,1,"['PVO1AA1' 'PVO1AB1' 'PVO1AD1' 'PVO1AA2' 'PVO1AB2' 'PVO1AD2' 'PVO1AA3'
 'PVO1AB3' 'PVO1AD3']",216,9
712_0LT001,2127.7942,54.07757,5515.9575,['712_0LT001'],216,1,"['31V9GA1' '31V9GB1' '31V9GC1' '31V9GA2' '31V9GB2' '31V9GC2' '31V9GA3'
 '31V9GB3' '31V9GC3']",216,9
712_1LT001,2212.525,50.123367,4713.906,['712_1LT001'],216,1,"['1V9A3A1' '1V9A3B1' '1V9A3C1' '1V9A3A2' '1V9A3B2' '1V9A3C2' '1V9A3A3'
 '1V9A3B3' '1V9A3C3']",216,9
712_2LT001,1435.2424,49.35172,3516.8933,['712_2LT001'],144,1,['9L3OAA1' '9L3OAB1' '9L3OAA2' '9L3OAB2' '9L3OAA3' '9L3OAB3'],144,6
713_0LT001,2235.28,49.90062,5465.3623,['713_0LT001'],216,1,"['3PLA9A1' '3PLA9B1' '3PLA9D1' '3PLA9A2' '3PLA9B2' '3PLA9D2' '3PLA9A3'
 '3PLA9B3' '3PLA9D3']",216,9
713_1LT001,985.3367,44.265366,2256.0632,['713_1LT001'],96,1,['QA3P1B1' 'QA3P1D1' 'QA3P1B2' 'QA3P1D2'],96,4
713_2LT001,2267.1787,50.07931,5406.017,['713_2LT001'],216,1,"['OAV31A1' 'OAV31B1' 'OAV31C1' 'OAV31A2' 'OAV31B2' 'OAV31C2' 'OAV31A3'
 'OAV31B3' 'OAV31C3']",216,9
714_0LT001,1023.3594,49.392826,2473.1152,['714_0LT001'],96,1,['9L3GVB1' '9L3GVD1' '9L3GVB2' '9L3GVD2'],96,4
714_1LT001,911.0227,43.76436,2363.788,['714_1LT001'],96,1,['3P1G9B1' '3P1G9D1' '3P1G9B2' '3P1G9D2'],96,4
714_2LT001,2148.8247,49.452442,5416.009,['714_2LT001'],216,1,"['LP3Q1A1' 'LP3Q1B1' 'LP3Q1D1' 'LP3Q1A2' 'LP3Q1B2' 'LP3Q1D2' 'LP3Q1A3'
 'LP3Q1B3' 'LP3Q1D3']",216,9
714_3LT001,1486.4026,50.976883,3396.1719,['714_3LT001'],144,1,['PAQV9A1' 'PAQV9B1' 'PAQV9A2' 'PAQV9B2' 'PAQV9A3' 'PAQV9B3'],144,6
714_4LT001,2192.3362,49.947315,5038.8765,['714_4LT001'],216,1,"['O39AGA1' 'O39AGB1' 'O39AGC1' 'O39AGA2' 'O39AGB2' 'O39AGC2' 'O39AGA3'
 'O39AGB3' 'O39AGC3']",216,9
715_0LT001,1365.6895,50.460403,3361.4746,['715_0LT001'],144,1,['G1AP9A1' 'G1AP9B1' 'G1AP9A2' 'G1AP9B2' 'G1AP9A3' 'G1AP9B3'],144,6
715_1LT001,1270.1115,50.99801,3397.2588,['715_1LT001'],144,1,['93L1OA1' '93L1OB1' '93L1OA2' '93L1OB2' '93L1OA3' '93L1OB3'],144,6
715_2LT001,943.63574,52.354694,2367.6292,['715_2LT001'],96,1,['G9A1QB1' 'G9A1QD1' 'G9A1QB2' 'G9A1QD2'],96,4
715_3LT001,999.8183,51.891804,2338.389,['715_3LT001'],96,1,['1OQ93B1' '1OQ93D1' '1OQ93B2' '1OQ93D2'],96,4
715_4LT001,2103.999,52.48618,5147.0806,['715_4LT001'],216,1,"['OQV93A1' 'OQV93B1' 'OQV93C1' 'OQV93A2' 'OQV93B2' 'OQV93C2' 'OQV93A3'
 'OQV93B3' 'OQV93C3']",216,9
715_5LT001,2108.3696,47.988056,5505.636,['715_5LT001'],216,1,"['AL19OA1' 'AL19OB1' 'AL19OD1' 'AL19OA2' 'AL19OB2' 'AL19OD2' 'AL19OA3'
 'AL19OB3' 'AL19OD3']",216,9
715_6LT001,447.75168,55.161182,1010.9346,['715_6LT001'],48,1,['LO91QB1' 'LO91QB2'],48,2
716_0LT001,1424.4597,46.75791,3535.215,['716_0LT001'],144,1,['LPOQGA1' 'LPOQGB1' 'LPOQGA2' 'LPOQGB2' 'LPOQGA3' 'LPOQGB3'],144,6
716_1LT001,449.72012,52.076626,1371.8347,['716_1LT001'],48,1,['1VQ39B1' '1VQ39B2'],48,2
716_2LT001,2178.0815,50.260952,5416.804,['716_2LT001'],216,1,"['V1GAQA1' 'V1GAQB1' 'V1GAQD1' 'V1GAQA2' 'V1GAQB2' 'V1GAQD2' 'V1GAQA3'
 'V1GAQB3' 'V1GAQD3']",216,9
717_0LT001,533.8287,44.653152,1179.154,['717_0LT001'],48,1,['L9G3OB1' 'L9G3OB2'],48,2
717_1LT001,2080.8289,50.78244,5483.2285,['717_1LT001'],216,1,"['OVQP9A1' 'OVQP9B1' 'OVQP9C1' 'OVQP9A2' 'OVQP9B2' 'OVQP9C2' 'OVQP9A3'
 'OVQP9B3' 'OVQP9C3']",216,9
717_2LT001,2155.9214,51.36303,5476.649,['717_2LT001'],216,1,"['L3POGA1' 'L3POGB1' 'L3POGC1' 'L3POGA2' 'L3POGB2' 'L3POGC2' 'L3POGA3'
 'L3POGB3' 'L3POGC3']",216,9
718_0LT001,2085.461,51.867043,5221.079,['718_0LT001'],216,1,"['P13LVA1' 'P13LVB1' 'P13LVD1' 'P13LVA2' 'P13LVB2' 'P13LVD2' 'P13LVA3'
 'P13LVB3' 'P13LVD3']",216,9
718_1LT001,1881.2323,51.382275,5166.8247,['718_1LT001'],216,1,"['PGLO1A1' 'PGLO1B1' 'PGLO1D1' 'PGLO1A2' 'PGLO1B2' 'PGLO1D2' 'PGLO1A3'
 'PGLO1B3' 'PGLO1D3']",216,9
719_0LT001,2010.1958,49.805885,5246.2466,['719_0LT001'],216,1,"['V391AA1' 'V391AB1' 'V391AD1' 'V391AA2' 'V391AB2' 'V391AD2' 'V391AA3'
 'V391AB3' 'V391AD3']",216,9
719_1LT001,472.9496,49.55023,983.0721,['719_1LT001'],48,1,['A1VGQB1' 'A1VGQB2'],48,2
719_2LT001,2190.7844,52.729267,5329.8926,['719_2LT001'],216,1,"['P3O9QA1' 'P3O9QB1' 'P3O9QD1' 'P3O9QA2' 'P3O9QB2' 'P3O9QD2' 'P3O9QA3'
 'P3O9QB3' 'P3O9QD3']",216,9
719_3LT001,2023.081,51.287445,5622.3467,['719_3LT001'],216,1,"['91VPAA1' '91VPAB1' '91VPAC1' '91VPAA2' '91VPAB2' '91VPAC2' '91VPAA3'
 '91VPAB3' '91VPAC3']",216,9
720_0LT001,2502.2454,52.6512,6019.2476,['720_0LT001'],240,1,"['PA1QGB1' 'PA1QGD1' 'PA1QGB2' 'PA1QGD2' 'PA1QGB3' 'PA1QGD3' 'PA1QGB4'
 'PA1QGD4' 'PA1QGB5' 'PA1QGD5']",240,10
720_1LT001,2108.7727,43.64541,5492.422,['720_1LT001'],216,1,"['VG9O1A1' 'VG9O1B1' 'VG9O1C1' 'VG9O1A2' 'VG9O1B2' 'VG9O1C2' 'VG9O1A3'
 'VG9O1B3' 'VG9O1C3']",216,9
720_2LT001,478.6227,57.211857,1184.8154,['720_2LT001'],48,1,['P31QOB1' 'P31QOB2'],48,2
720_3LT001,2193.7273,46.023346,5215.964,['720_3LT001'],216,1,"['LQ3PGA1' 'LQ3PGB1' 'LQ3PGD1' 'LQ3PGA2' 'LQ3PGB2' 'LQ3PGD2' 'LQ3PGA3'
 'LQ3PGB3' 'LQ3PGD3']",216,9
721_0LT001,2076.0588,50.91789,5534.9067,['721_0LT001'],216,1,"['93LAOA1' '93LAOB1' '93LAOD1' '93LAOA2' '93LAOB2' '93LAOD2' '93LAOA3'
 '93LAOB3' '93LAOD3']",216,9
721_1LT001,2477.2065,53.46703,5882.2393,['721_1LT001'],240,1,"['PGOQAB1' 'PGOQAD1' 'PGOQAB2' 'PGOQAD2' 'PGOQAB3' 'PGOQAD3' 'PGOQAB4'
 'PGOQAD4' 'PGOQAB5' 'PGOQAD5']",240,10
722_0LT001,990.5881,47.744488,2532.4878,['722_0LT001'],96,1,['PV93QB1' 'PV93QD1' 'PV93QB2' 'PV93QD2'],96,4
722_1LT001,549.8237,39.158993,1204.4385,['722_1LT001'],48,1,['VG9P1B1' 'VG9P1B2'],48,2
722_2LT001,1440.0076,46.77178,3938.83,['722_2LT001'],144,1,['3GAOPA1' '3GAOPB1' '3GAOPA2' '3GAOPB2' '3GAOPA3' '3GAOPB3'],144,6
722_3LT001,2265.9548,54.95434,5263.8306,['722_3LT001'],216,1,"['LQP3VA1' 'LQP3VB1' 'LQP3VD1' 'LQP3VA2' 'LQP3VB2' 'LQP3VD2' 'LQP3VA3'
 'LQP3VB3' 'LQP3VD3']",216,9
723_0LT001,2222.0173,47.422085,5917.2905,['723_0LT001'],240,1,"['G1OPAB1' 'G1OPAC1' 'G1OPAB2' 'G1OPAC2' 'G1OPAB3' 'G1OPAC3' 'G1OPAB4'
 'G1OPAC4' 'G1OPAB5' 'G1OPAC5']",240,10
723_1LT001,2479.63,49.78098,5836.846,['723_1LT001'],240,1,"['OL3VQB1' 'OL3VQD1' 'OL3VQB2' 'OL3VQD2' 'OL3VQB3' 'OL3VQD3' 'OL3VQB4'
 'OL3VQD4' 'OL3VQB5' 'OL3VQD5']",240,10
723_2LT001,436.39752,57.868572,1043.4585,['723_2LT001'],48,1,['31OVQB1' '31OVQB2'],48,2
723_3LT001,1462.8615,52.024006,3512.333,['723_3LT001'],144,1,['GQ3O9A1' 'GQ3O9B1' 'GQ3O9A2' 'GQ3O9B2' 'GQ3O9A3' 'GQ3O9B3'],144,6
723_4LT001,2170.9238,50.924717,5541.5327,['723_4LT001'],216,1,"['PAG1LA1' 'PAG1LB1' 'PAG1LC1' 'PAG1LA2' 'PAG1LB2' 'PAG1LC2' 'PAG1LA3'
 'PAG1LB3' 'PAG1LC3']",216,9
723_5LT001,954.19446,48.100246,2385.482,['723_5LT001'],96,1,['VAQLGB1' 'VAQLGD1' 'VAQLGB2' 'VAQLGD2'],96,4
724_0LT001,2142.3425,49.401413,5577.918,['724_0LT001'],216,1,"['APOV1A1' 'APOV1B1' 'APOV1C1' 'APOV1A2' 'APOV1B2' 'APOV1C2' 'APOV1A3'
 'APOV1B3' 'APOV1C3']",216,9
724_1LT001,906.6891,49.196667,2216.221,['724_1LT001'],96,1,['AVP39B1' 'AVP39D1' 'AVP39B2' 'AVP39D2'],96,4
724_2LT001,2338.0374,48.9358,5178.4736,['724_2LT001'],216,1,"['GPQ19A1' 'GPQ19B1' 'GPQ19D1' 'GPQ19A2' 'GPQ19B2' 'GPQ19D2' 'GPQ19A3'
 'GPQ19B3' 'GPQ19D3']",216,9
725_0LT001,2043.4937,52.4542,5319.9727,['725_0LT001'],216,1,"['P91QOA1' 'P91QOB1' 'P91QOD1' 'P91QOA2' 'P91QOB2' 'P91QOD2' 'P91QOA3'
 'P91QOB3' 'P91QOD3']",216,9
725_1LT001,1411.5471,47.76521,3465.5073,['725_1LT001'],144,1,['VQ1L9A1' 'VQ1L9B1' 'VQ1L9A2' 'VQ1L9B2' 'VQ1L9A3' 'VQ1L9B3'],144,6
725_2LT001,516.72754,48.051865,1302.9784,['725_2LT001'],48,1,['LQV9GB1' 'LQV9GB2'],48,2
725_3LT001,1418.9738,48.664806,3690.1282,['725_3LT001'],144,1,['1OL9GA1' '1OL9GB1' '1OL9GA2' '1OL9GB2' '1OL9GA3' '1OL9GB3'],144,6
725_4LT001,2392.7627,52.569878,5682.581,['725_4LT001'],240,1,"['L1GP3B1' 'L1GP3C1' 'L1GP3B2' 'L1GP3C2' 'L1GP3B3' 'L1GP3C3' 'L1GP3B4'
 'L1GP3C4' 'L1GP3B5' 'L1GP3C5']",240,10
726_0LT001,2195.7727,51.146313,5391.111,['726_0LT001'],216,1,"['P3GQ9A1' 'P3GQ9B1' 'P3GQ9C1' 'P3GQ9A2' 'P3GQ9B2' 'P3GQ9C2' 'P3GQ9A3'
 'P3GQ9B3' 'P3GQ9C3']",216,9
726_1LT001,2263.777,48.507126,5150.7227,['726_1LT001'],216,1,"['LAPG1A1' 'LAPG1B1' 'LAPG1D1' 'LAPG1A2' 'LAPG1B2' 'LAPG1D2' 'LAPG1A3'
 'LAPG1B3' 'LAPG1D3']",216,9
727_0LT001,514.17896,49.97664,1235.9878,['727_0LT001'],48,1,['PQVLAB1' 'PQVLAB2'],48,2
727_1LT001,2177.3499,50.125248,5401.9766,['727_1LT001'],216,1,"['V91QLA1' 'V91QLB1' 'V91QLD1' 'V91QLA2' 'V91QLB2' 'V91QLD2' 'V91QLA3'
 'V91QLB3' 'V91QLD3']",216,9
727_2LT001,1910.6569,50.861263,5356.8184,['727_2LT001'],216,1,"['3VL19A1' '3VL19B1' '3VL19D1' '3VL19A2' '3VL19B2' '3VL19D2' '3VL19A3'
 '3VL19B3' '3VL19D3']",216,9
727_3LT001,1570.945,49.937325,3416.3738,['727_3LT001'],144,1,['1QLGOA1' '1QLGOB1' '1QLGOA2' '1QLGOB2' '1QLGOA3' '1QLGOB3'],144,6
728_0LT001,1388.1428,51.009647,3149.9595,['728_0LT001'],144,1,['OLA31A1' 'OLA31B1' 'OLA31A2' 'OLA31B2' 'OLA31A3' 'OLA31B3'],144,6
728_1LT001,1466.3123,51.473618,3723.32,['728_1LT001'],144,1,['Q9GPVA1' 'Q9GPVB1' 'Q9GPVA2' 'Q9GPVB2' 'Q9GPVA3' 'Q9GPVB3'],144,6
728_2LT001,955.4543,51.030247,2321.987,['728_2LT001'],96,1,['G19QAB1' 'G19QAD1' 'G19QAB2' 'G19QAD2'],96,4
728_3LT001,948.2013,53.53359,2395.4753,['728_3LT001'],96,1,['1PVAGB1' '1PVAGD1' '1PVAGB2' '1PVAGD2'],96,4
728_4LT001,1513.7565,51.08647,3659.9878,['728_4LT001'],144,1,['LV9QPA1' 'LV9QPB1' 'LV9QPA2' 'LV9QPB2' 'LV9QPA3' 'LV9QPB3'],144,6
728_5LT001,1033.1637,48.78757,2676.8003,['728_5LT001'],96,1,['3QVOAB1' '3QVOAD1' '3QVOAB2' '3QVOAD2'],96,4
728_6LT001,2459.8057,49.728783,5694.7646,['728_6LT001'],240,1,"['PLGO1B1' 'PLGO1C1' 'PLGO1B2' 'PLGO1C2' 'PLGO1B3' 'PLGO1C3' 'PLGO1B4'
 'PLGO1C4' 'PLGO1B5' 'PLGO1C5']",240,10
729_0LT001,964.9656,48.653843,2489.3628,['729_0LT001'],96,1,['OG9PVB1' 'OG9PVD1' 'OG9PVB2' 'OG9PVD2'],96,4
729_1LT001,2129.2578,50.69837,5790.805,['729_1LT001'],216,1,"['9O1QLA1' '9O1QLB1' '9O1QLD1' '9O1QLA2' '9O1QLB2' '9O1QLD2' '9O1QLA3'
 '9O1QLB3' '9O1QLD3']",216,9
729_2LT001,2421.9355,48.295204,5734.605,['729_2LT001'],240,1,"['GOA91B1' 'GOA91D1' 'GOA91B2' 'GOA91D2' 'GOA91B3' 'GOA91D3' 'GOA91B4'
 'GOA91D4' 'GOA91B5' 'GOA91D5']",240,10
729_3LT001,934.3647,49.13472,2306.199,['729_3LT001'],96,1,['O3V19B1' 'O3V19D1' 'O3V19B2' 'O3V19D2'],96,4
730_0LT001,1975.2096,51.268906,5265.6553,['730_0LT001'],216,1,"['1LQPAA1' '1LQPAB1' '1LQPAD1' '1LQPAA2' '1LQPAB2' '1LQPAD2' '1LQPAA3'
 '1LQPAB3' '1LQPAD3']",216,9
730_1LT001,2257.5945,51.659626,5215.4653,['730_1LT001'],216,1,"['G31V9A1' 'G31V9B1' 'G31V9D1' 'G31V9A2' 'G31V9B2' 'G31V9D2' 'G31V9A3'
 'G31V9B3' 'G31V9D3']",216,9
730_2LT001,1416.553,51.19716,3666.2449,['730_2LT001'],144,1,['G3AQ1A1' 'G3AQ1B1' 'G3AQ1A2' 'G3AQ1B2' 'G3AQ1A3' 'G3AQ1B3'],144,6
730_3LT001,475.5601,41.083294,1217.0682,['730_3LT001'],48,1,['VP391B1' 'VP391B2'],48,2
731_0LT001,484.74228,47.92302,1174.7095,['731_0LT001'],48,1,['1LAV9B1' '1LAV9B2'],48,2
731_1LT001,1159.7507,52.759823,2503.1523,['731_1LT001'],96,1,['9GP3VB1' '9GP3VD1' '9GP3VB2' '9GP3VD2'],96,4
731_2LT001,2102.7644,45.74216,5482.9814,['731_2LT001'],216,1,"['A9OGLA1' 'A9OGLB1' 'A9OGLD1' 'A9OGLA2' 'A9OGLB2' 'A9OGLD2' 'A9OGLA3'
 'A9OGLB3' 'A9OGLD3']",216,9
732_0LT001,2170.96,49.873184,4939.542,['732_0LT001'],216,1,"['A3V19A1' 'A3V19B1' 'A3V19C1' 'A3V19A2' 'A3V19B2' 'A3V19C2' 'A3V19A3'
 'A3V19B3' 'A3V19C3']",216,9
732_1LT001,514.17395,53.25842,1163.7684,['732_1LT001'],48,1,['QAGOVB1' 'QAGOVB2'],48,2
732_2LT001,984.6129,50.849888,2260.441,['732_2LT001'],96,1,['1VQALB1' '1VQALD1' '1VQALB2' '1VQALD2'],96,4
732_3LT001,2383.6733,47.953365,5714.094,['732_3LT001'],216,1,"['V93QAA1' 'V93QAB1' 'V93QAC1' 'V93QAA2' 'V93QAB2' 'V93QAC2' 'V93QAA3'
 'V93QAB3' 'V93QAC3']",216,9
733_0LT001,896.7742,48.81691,2465.663,['733_0LT001'],96,1,['LG3APB1' 'LG3APD1' 'LG3APB2' 'LG3APD2'],96,4
733_1LT001,2207.371,47.49598,5545.9253,['733_1LT001'],216,1,"['AO9VPA1' 'AO9VPB1' 'AO9VPD1' 'AO9VPA2' 'AO9VPB2' 'AO9VPD2' 'AO9VPA3'
 'AO9VPB3' 'AO9VPD3']",216,9
733_2LT001,2042.3137,55.1993,5670.06,['733_2LT001'],216,1,"['L39PGA1' 'L39PGB1' 'L39PGD1' 'L39PGA2' 'L39PGB2' 'L39PGD2' 'L39PGA3'
 'L39PGB3' 'L39PGD3']",216,9
733_3LT001,2040.0244,51.292255,5449.9453,['733_3LT001'],216,1,"['3GLOPA1' '3GLOPB1' '3GLOPC1' '3GLOPA2' '3GLOPB2' '3GLOPC2' '3GLOPA3'
 '3GLOPB3' '3GLOPC3']",216,9
734_0LT001,2202.7185,52.319427,5320.1006,['734_0LT001'],216,1,"['GO9LAA1' 'GO9LAB1' 'GO9LAD1' 'GO9LAA2' 'GO9LAB2' 'GO9LAD2' 'GO9LAA3'
 'GO9LAB3' 'GO9LAD3']",216,9
734_1LT001,492.3095,43.134556,1238.6299,['734_1LT001'],48,1,['3OVQGB1' '3OVQGB2'],48,2
734_2LT001,2145.4575,52.545444,5681.9443,['734_2LT001'],216,1,"['LGPV1A1' 'LGPV1B1' 'LGPV1C1' 'LGPV1A2' 'LGPV1B2' 'LGPV1C2' 'LGPV1A3'
 'LGPV1B3' 'LGPV1C3']",216,9
734_3LT001,2096.6628,47.874966,5446.426,['734_3LT001'],216,1,"['VOQ9AA1' 'VOQ9AB1' 'VOQ9AD1' 'VOQ9AA2' 'VOQ9AB2' 'VOQ9AD2' 'VOQ9AA3'
 'VOQ9AB3' 'VOQ9AD3']",216,9
735_0LT001,1245.5164,53.184864,3124.3545,['735_0LT001'],120,1,['QV1L9B1' 'QV1L9B2' 'QV1L9B3' 'QV1L9B4' 'QV1L9B5'],120,5
735_1LT001,2247.6038,51.390007,5599.5664,['735_1LT001'],216,1,"['9PL3QA1' '9PL3QB1' '9PL3QC1' '9PL3QA2' '9PL3QB2' '9PL3QC2' '9PL3QA3'
 '9PL3QB3' '9PL3QC3']",216,9
735_2LT001,1407.6659,47.830883,3734.6355,['735_2LT001'],144,1,['L3Q1OA1' 'L3Q1OB1' 'L3Q1OA2' 'L3Q1OB2' 'L3Q1OA3' 'L3Q1OB3'],144,6
735_3LT001,2233.346,53.553074,5319.011,['735_3LT001'],216,1,"['9POQAA1' '9POQAB1' '9POQAC1' '9POQAA2' '9POQAB2' '9POQAC2' '9POQAA3'
 '9POQAB3' '9POQAC3']",216,9
736_0LT001,2176.682,47.729683,5200.96,['736_0LT001'],216,1,"['3G9VPA1' '3G9VPB1' '3G9VPD1' '3G9VPA2' '3G9VPB2' '3G9VPD2' '3G9VPA3'
 '3G9VPB3' '3G9VPD3']",216,9
736_1LT001,1491.0602,49.866203,3475.1777,['736_1LT001'],144,1,['V39QPA1' 'V39QPB1' 'V39QPA2' 'V39QPB2' 'V39QPA3' 'V39QPB3'],144,6
737_0LT001,2027.1299,51.288723,5282.0215,['737_0LT001'],216,1,"['QAG9OA1' 'QAG9OB1' 'QAG9OD1' 'QAG9OA2' 'QAG9OB2' 'QAG9OD2' 'QAG9OA3'
 'QAG9OB3' 'QAG9OD3']",216,9
737_1LT001,2147.5825,49.68027,5210.7104,['737_1LT001'],216,1,"['LP39AA1' 'LP39AB1' 'LP39AC1' 'LP39AA2' 'LP39AB2' 'LP39AC2' 'LP39AA3'
 'LP39AB3' 'LP39AC3']",216,9
737_2LT001,975.15314,51.29533,2327.4536,['737_2LT001'],96,1,['PG3AQB1' 'PG3AQD1' 'PG3AQB2' 'PG3AQD2'],96,4
738_0LT001,503.28076,53.026154,1264.0519,['738_0LT001'],48,1,['31GAVB1' '31GAVB2'],48,2
738_1LT001,478.7514,43.23647,1079.1061,['738_1LT001'],48,1,['GLAP3B1' 'GLAP3B2'],48,2
739_0LT001,455.292,50.28429,1039.4397,['739_0LT001'],48,1,['9QO3GB1' '9QO3GB2'],48,2
739_1LT001,1539.2842,46.0858,3535.3564,['739_1LT001'],144,1,['3LP1OA1' '3LP1OB1' '3LP1OA2' '3LP1OB2' '3LP1OA3' '3LP1OB3'],144,6
740_0LT001,2152.774,51.130894,5424.2373,['740_0LT001'],216,1,"['1QPLGA1' '1QPLGB1' '1QPLGD1' '1QPLGA2' '1QPLGB2' '1QPLGD2' '1QPLGA3'
 '1QPLGB3' '1QPLGD3']",216,9
740_1LT001,1454.4706,47.038006,3600.4363,['740_1LT001'],144,1,['V13OAA1' 'V13OAB1' 'V13OAA2' 'V13OAB2' 'V13OAA3' 'V13OAB3'],144,6
741_0LT001,2303.767,48.525043,4947.2207,['741_0LT001'],216,1,"['13VLPA1' '13VLPB1' '13VLPC1' '13VLPA2' '13VLPB2' '13VLPC2' '13VLPA3'
 '13VLPB3' '13VLPC3']",216,9
741_1LT001,907.9964,54.06728,2267.624,['741_1LT001'],96,1,['L3QP1B1' 'L3QP1D1' 'L3QP1B2' 'L3QP1D2'],96,4
742_0LT001,1460.2432,48.014313,3416.472,['742_0LT001'],144,1,['9QGLAA1' '9QGLAB1' '9QGLAA2' '9QGLAB2' '9QGLAA3' '9QGLAB3'],144,6
742_1LT001,2120.6777,47.074577,5281.623,['742_1LT001'],216,1,"['LOAG3A1' 'LOAG3B1' 'LOAG3D1' 'LOAG3A2' 'LOAG3B2' 'LOAG3D2' 'LOAG3A3'
 'LOAG3B3' 'LOAG3D3']",216,9
742_2LT001,1538.0454,50.22843,3661.3872,['742_2LT001'],144,1,['V1QALA1' 'V1QALB1' 'V1QALA2' 'V1QALB2' 'V1QALA3' 'V1QALB3'],144,6
743_0LT001,2019.0295,49.069077,5424.401,['743_0LT001'],216,1,"['GPOV3A1' 'GPOV3B1' 'GPOV3D1' 'GPOV3A2' 'GPOV3B2' 'GPOV3D2' 'GPOV3A3'
 'GPOV3B3' 'GPOV3D3']",216,9
743_1LT001,2141.0989,52.722557,5077.395,['743_1LT001'],216,1,"['3APV9A1' '3APV9B1' '3APV9D1' '3APV9A2' '3APV9B2' '3APV9D2' '3APV9A3'
 '3APV9B3' '3APV9D3']",216,9
743_2LT001,2241.0552,50.444004,5589.506,['743_2LT001'],216,1,"['POQV3A1' 'POQV3B1' 'POQV3D1' 'POQV3A2' 'POQV3B2' 'POQV3D2' 'POQV3A3'
 'POQV3B3' 'POQV3D3']",216,9
744_0LT001,1445.4341,51.663788,3880.0378,['744_0LT001'],144,1,['OVGA1A1' 'OVGA1B1' 'OVGA1A2' 'OVGA1B2' 'OVGA1A3' 'OVGA1B3'],144,6
744_1LT001,2415.4324,52.582947,5864.8794,['744_1LT001'],240,1,"['GLP1OB1' 'GLP1OC1' 'GLP1OB2' 'GLP1OC2' 'GLP1OB3' 'GLP1OC3' 'GLP1OB4'
 'GLP1OC4' 'GLP1OB5' 'GLP1OC5']",240,10
744_2LT001,872.7383,51.430927,2335.6926,['744_2LT001'],96,1,['9AVGPB1' '9AVGPD1' '9AVGPB2' '9AVGPD2'],96,4
745_0LT001,2153.9866,46.60103,5375.536,['745_0LT001'],216,1,"['G93VPA1' 'G93VPB1' 'G93VPC1' 'G93VPA2' 'G93VPB2' 'G93VPC2' 'G93VPA3'
 'G93VPB3' 'G93VPC3']",216,9
745_1LT001,953.87524,52.041626,2493.7515,['745_1LT001'],96,1,['LVA19B1' 'LVA19D1' 'LVA19B2' 'LVA19D2'],96,4
746_0LT001,984.4209,48.90112,2325.1082,['746_0LT001'],96,1,['31VPOB1' '31VPOD1' '31VPOB2' '31VPOD2'],96,4
746_1LT001,2049.3137,48.06085,5487.2773,['746_1LT001'],216,1,"['LG19PA1' 'LG19PB1' 'LG19PD1' 'LG19PA2' 'LG19PB2' 'LG19PD2' 'LG19PA3'
 'LG19PB3' 'LG19PD3']",216,9
746_2LT001,2141.1343,49.65886,5122.8286,['746_2LT001'],216,1,"['GP9AOA1' 'GP9AOB1' 'GP9AOC1' 'GP9AOA2' 'GP9AOB2' 'GP9AOC2' 'GP9AOA3'
 'GP9AOB3' 'GP9AOC3']",216,9
746_3LT001,2395.545,51.447796,5965.6763,['746_3LT001'],240,1,"['V1QP3B1' 'V1QP3D1' 'V1QP3B2' 'V1QP3D2' 'V1QP3B3' 'V1QP3D3' 'V1QP3B4'
 'V1QP3D4' 'V1QP3B5' 'V1QP3D5']",240,10
747_0LT001,1386.4216,50.67001,3762.0151,['747_0LT001'],144,1,['AVO3GA1' 'AVO3GB1' 'AVO3GA2' 'AVO3GB2' 'AVO3GA3' 'AVO3GB3'],144,6
747_1LT001,864.71387,49.957245,2369.8748,['747_1LT001'],96,1,['QAPO3B1' 'QAPO3D1' 'QAPO3B2' 'QAPO3D2'],96,4
747_2LT001,2116.6025,48.3877,5256.855,['747_2LT001'],216,1,"['93GO1A1' '93GO1B1' '93GO1C1' '93GO1A2' '93GO1B2' '93GO1C2' '93GO1A3'
 '93GO1B3' '93GO1C3']",216,9
747_3LT001,1546.349,47.025074,3882.9338,['747_3LT001'],144,1,['GLA31A1' 'GLA31B1' 'GLA31A2' 'GLA31B2' 'GLA31A3' 'GLA31B3'],144,6
748_0LT001,1374.1453,51.10574,3837.8755,['748_0LT001'],144,1,['AGQL1A1' 'AGQL1B1' 'AGQL1A2' 'AGQL1B2' 'AGQL1A3' 'AGQL1B3'],144,6
748_1LT001,2266.6887,48.353737,5640.871,['748_1LT001'],216,1,"['OP9Q3A1' 'OP9Q3B1' 'OP9Q3D1' 'OP9Q3A2' 'OP9Q3B2' 'OP9Q3D2' 'OP9Q3A3'
 'OP9Q3B3' 'OP9Q3D3']",216,9
749_0LT001,1180.2465,48.13947,2965.4478,['749_0LT001'],120,1,['P91OGB1' 'P91OGB2' 'P91OGB3' 'P91OGB4' 'P91OGB5'],120,5
749_1LT001,561.945,42.75476,1166.0535,['749_1LT001'],48,1,['91OLVB1' '91OLVB2'],48,2
749_2LT001,2205.7256,51.95584,5475.9917,['749_2LT001'],216,1,"['PL39GA1' 'PL39GB1' 'PL39GC1' 'PL39GA2' 'PL39GB2' 'PL39GC2' 'PL39GA3'
 'PL39GB3' 'PL39GC3']",216,9
750_0LT001,2271.0098,50.439674,5573.8584,['750_0LT001'],216,1,"['LQ9PGA1' 'LQ9PGB1' 'LQ9PGC1' 'LQ9PGA2' 'LQ9PGB2' 'LQ9PGC2' 'LQ9PGA3'
 'LQ9PGB3' 'LQ9PGC3']",216,9
750_1LT001,2214.5735,55.250202,5768.149,['750_1LT001'],216,1,"['VLQ39A1' 'VLQ39B1' 'VLQ39C1' 'VLQ39A2' 'VLQ39B2' 'VLQ39C2' 'VLQ39A3'
 'VLQ39B3' 'VLQ39C3']",216,9
751_0LT001,2209.7705,49.6366,5247.374,['751_0LT001'],216,1,"['G9VQ3A1' 'G9VQ3B1' 'G9VQ3D1' 'G9VQ3A2' 'G9VQ3B2' 'G9VQ3D2' 'G9VQ3A3'
 'G9VQ3B3' 'G9VQ3D3']",216,9
751_1LT001,2295.1553,49.054314,5342.7725,['751_1LT001'],216,1,"['L1P3QA1' 'L1P3QB1' 'L1P3QD1' 'L1P3QA2' 'L1P3QB2' 'L1P3QD2' 'L1P3QA3'
 'L1P3QB3' 'L1P3QD3']",216,9
751_2LT001,2168.0388,50.514454,5675.3877,['751_2LT001'],216,1,"['9VPLAA1' '9VPLAB1' '9VPLAC1' '9VPLAA2' '9VPLAB2' '9VPLAC2' '9VPLAA3'
 '9VPLAB3' '9VPLAC3']",216,9
752_0LT001,2097.9011,50.433636,5746.5337,['752_0LT001'],216,1,"['O9QPLA1' 'O9QPLB1' 'O9QPLD1' 'O9QPLA2' 'O9QPLB2' 'O9QPLD2' 'O9QPLA3'
 'O9QPLB3' 'O9QPLD3']",216,9
752_1LT001,2246.3333,53.690327,4689.395,['752_1LT001'],216,1,"['Q9AGOA1' 'Q9AGOB1' 'Q9AGOD1' 'Q9AGOA2' 'Q9AGOB2' 'Q9AGOD2' 'Q9AGOA3'
 'Q9AGOB3' 'Q9AGOD3']",216,9
752_2LT001,580.429,45.09561,1460.7126,['752_2LT001'],48,1,['G19VOB1' 'G19VOB2'],48,2
752_3LT001,859.89386,46.125668,2335.0635,['752_3LT001'],96,1,['LG1A3B1' 'LG1A3D1' 'LG1A3B2' 'LG1A3D2'],96,4
753_0LT001,1009.1862,49.43965,2534.9104,['753_0LT001'],96,1,['QG1L9B1' 'QG1L9D1' 'QG1L9B2' 'QG1L9D2'],96,4
753_1LT001,1370.5216,45.1644,3311.316,['753_1LT001'],144,1,['L9G1PA1' 'L9G1PB1' 'L9G1PA2' 'L9G1PB2' 'L9G1PA3' 'L9G1PB3'],144,6
753_2LT001,504.63077,48.267925,1259.8645,['753_2LT001'],48,1,['QAPL1B1' 'QAPL1B2'],48,2
753_3LT001,2174.574,50.57407,4819.628,['753_3LT001'],216,1,"['19QAGA1' '19QAGB1' '19QAGD1' '19QAGA2' '19QAGB2' '19QAGD2' '19QAGA3'
 '19QAGB3' '19QAGD3']",216,9
754_0LT001,2166.5327,44.67471,5124.078,['754_0LT001'],216,1,"['LOQGVA1' 'LOQGVB1' 'LOQGVC1' 'LOQGVA2' 'LOQGVB2' 'LOQGVC2' 'LOQGVA3'
 'LOQGVB3' 'LOQGVC3']",216,9
754_1LT001,460.2171,49.451843,1175.5479,['754_1LT001'],48,1,['Q1P3VB1' 'Q1P3VB2'],48,2
754_2LT001,2198.136,49.874065,5094.8237,['754_2LT001'],216,1,"['GQAOVA1' 'GQAOVB1' 'GQAOVD1' 'GQAOVA2' 'GQAOVB2' 'GQAOVD2' 'GQAOVA3'
 'GQAOVB3' 'GQAOVD3']",216,9
754_3LT001,2344.1108,46.100937,5310.428,['754_3LT001'],216,1,"['V3LGPA1' 'V3LGPB1' 'V3LGPD1' 'V3LGPA2' 'V3LGPB2' 'V3LGPD2' 'V3LGPA3'
 'V3LGPB3' 'V3LGPD3']",216,9
755_0LT001,1492.8619,51.181458,3327.652,['755_0LT001'],144,1,['O9AVQA1' 'O9AVQB1' 'O9AVQA2' 'O9AVQB2' 'O9AVQA3' 'O9AVQB3'],144,6
755_1LT001,1498.4672,46.32825,3629.5374,['755_1LT001'],144,1,['9P31GA1' '9P31GB1' '9P31GA2' '9P31GB2' '9P31GA3' '9P31GB3'],144,6
755_2LT001,1987.7593,51.270473,5772.572,['755_2LT001'],216,1,"['GL1OPA1' 'GL1OPB1' 'GL1OPD1' 'GL1OPA2' 'GL1OPB2' 'GL1OPD2' 'GL1OPA3'
 'GL1OPB3' 'GL1OPD3']",216,9
756_0LT001,873.71124,51.33754,2390.6736,['756_0LT001'],96,1,['OG3VAB1' 'OG3VAD1' 'OG3VAB2' 'OG3VAD2'],96,4
756_1LT001,2202.4365,53.59519,5472.6323,['756_1LT001'],216,1,"['13PALA1' '13PALB1' '13PALD1' '13PALA2' '13PALB2' '13PALD2' '13PALA3'
 '13PALB3' '13PALD3']",216,9
757_0LT001,984.4752,50.937862,2331.3784,['757_0LT001'],96,1,['PA19QB1' 'PA19QD1' 'PA19QB2' 'PA19QD2'],96,4
757_1LT001,990.89624,48.304535,2310.744,['757_1LT001'],96,1,['93QOPB1' '93QOPD1' '93QOPB2' '93QOPD2'],96,4
757_2LT001,2282.4617,52.158154,5046.8813,['757_2LT001'],216,1,"['PAVL1A1' 'PAVL1B1' 'PAVL1D1' 'PAVL1A2' 'PAVL1B2' 'PAVL1D2' 'PAVL1A3'
 'PAVL1B3' 'PAVL1D3']",216,9
757_3LT001,2141.9302,51.621872,4803.6646,['757_3LT001'],216,1,"['93VA1A1' '93VA1B1' '93VA1C1' '93VA1A2' '93VA1B2' '93VA1C2' '93VA1A3'
 '93VA1B3' '93VA1C3']",216,9
758_0LT001,985.5839,51.003536,2520.8362,['758_0LT001'],96,1,['AQVOGB1' 'AQVOGD1' 'AQVOGB2' 'AQVOGD2'],96,4
758_1LT001,2157.448,51.31727,5330.0967,['758_1LT001'],216,1,"['P9OVLA1' 'P9OVLB1' 'P9OVLD1' 'P9OVLA2' 'P9OVLB2' 'P9OVLD2' 'P9OVLA3'
 'P9OVLB3' 'P9OVLD3']",216,9
759_0LT001,1531.7881,48.530785,3724.0762,['759_0LT001'],144,1,['OAQV9A1' 'OAQV9B1' 'OAQV9A2' 'OAQV9B2' 'OAQV9A3' 'OAQV9B3'],144,6
759_1LT001,922.99414,48.366302,2396.419,['759_1LT001'],96,1,['P1AQ9B1' 'P1AQ9D1' 'P1AQ9B2' 'P1AQ9D2'],96,4
759_2LT001,1983.4358,49.045647,5698.6143,['759_2LT001'],216,1,"['1AGL9A1' '1AGL9B1' '1AGL9D1' '1AGL9A2' '1AGL9B2' '1AGL9D2' '1AGL9A3'
 '1AGL9B3' '1AGL9D3']",216,9
759_3LT001,2209.3784,51.358765,5328.7246,['759_3LT001'],216,1,"['AQPG1A1' 'AQPG1B1' 'AQPG1D1' 'AQPG1A2' 'AQPG1B2' 'AQPG1D2' 'AQPG1A3'
 'AQPG1B3' 'AQPG1D3']",216,9
760_0LT001,2267.7227,52.336216,5213.0425,['760_0LT001'],216,1,"['P1OGQA1' 'P1OGQB1' 'P1OGQC1' 'P1OGQA2' 'P1OGQB2' 'P1OGQC2' 'P1OGQA3'
 'P1OGQB3' 'P1OGQC3']",216,9
760_1LT001,900.2756,51.946003,2515.6406,['760_1LT001'],96,1,['OP3AVB1' 'OP3AVD1' 'OP3AVB2' 'OP3AVD2'],96,4
760_2LT001,1926.559,49.936745,5558.26,['760_2LT001'],216,1,"['G3Q9AA1' 'G3Q9AB1' 'G3Q9AC1' 'G3Q9AA2' 'G3Q9AB2' 'G3Q9AC2' 'G3Q9AA3'
 'G3Q9AB3' 'G3Q9AC3']",216,9
761_0LT001,2168.513,50.465797,5712.648,['761_0LT001'],216,1,"['GA913A1' 'GA913B1' 'GA913C1' 'GA913A2' 'GA913B2' 'GA913C2' 'GA913A3'
 'GA913B3' 'GA913C3']",216,9
761_1LT001,982.84906,46.83501,2313.274,['761_1LT001'],96,1,['VQ1GLB1' 'VQ1GLD1' 'VQ1GLB2' 'VQ1GLD2'],96,4
761_2LT001,1023.5822,47.10931,2427.0137,['761_2LT001'],96,1,['OVP31B1' 'OVP31D1' 'OVP31B2' 'OVP31D2'],96,4
762_0LT001,2167.738,50.913033,5487.3022,['762_0LT001'],216,1,"['V91L3A1' 'V91L3B1' 'V91L3D1' 'V91L3A2' 'V91L3B2' 'V91L3D2' 'V91L3A3'
 'V91L3B3' 'V91L3D3']",216,9
762_1LT001,2189.0679,51.59777,5344.1523,['762_1LT001'],216,1,"['OLG91A1' 'OLG91B1' 'OLG91C1' 'OLG91A2' 'OLG91B2' 'OLG91C2' 'OLG91A3'
 'OLG91B3' 'OLG91C3']",216,9
762_2LT001,1497.5468,50.043175,3956.4304,['762_2LT001'],144,1,['1VA9LA1' '1VA9LB1' '1VA9LA2' '1VA9LB2' '1VA9LA3' '1VA9LB3'],144,6
762_3LT001,483.48172,49.084705,1176.5757,['762_3LT001'],48,1,['PGAL1B1' 'PGAL1B2'],48,2
763_0LT001,2034.7362,50.47239,5931.5747,['763_0LT001'],216,1,"['Q1V3GA1' 'Q1V3GB1' 'Q1V3GC1' 'Q1V3GA2' 'Q1V3GB2' 'Q1V3GC2' 'Q1V3GA3'
 'Q1V3GB3' 'Q1V3GC3']",216,9
763_1LT001,2268.8328,49.224125,5577.4517,['763_1LT001'],216,1,"['PAG91A1' 'PAG91B1' 'PAG91D1' 'PAG91A2' 'PAG91B2' 'PAG91D2' 'PAG91A3'
 'PAG91B3' 'PAG91D3']",216,9
764_0LT001,2075.0747,50.447754,5811.9893,['764_0LT001'],216,1,"['APOG1A1' 'APOG1B1' 'APOG1D1' 'APOG1A2' 'APOG1B2' 'APOG1D2' 'APOG1A3'
 'APOG1B3' 'APOG1D3']",216,9
764_1LT001,2068.0874,52.472633,5142.4473,['764_1LT001'],216,1,"['VGOPQA1' 'VGOPQB1' 'VGOPQC1' 'VGOPQA2' 'VGOPQB2' 'VGOPQC2' 'VGOPQA3'
 'VGOPQB3' 'VGOPQC3']",216,9
764_2LT001,2407.4502,48.091095,5500.821,['764_2LT001'],216,1,"['PA3O1A1' 'PA3O1B1' 'PA3O1C1' 'PA3O1A2' 'PA3O1B2' 'PA3O1C2' 'PA3O1A3'
 'PA3O1B3' 'PA3O1C3']",216,9
764_3LT001,2272.3738,45.60913,5312.2095,['764_3LT001'],216,1,"['V9OPLA1' 'V9OPLB1' 'V9OPLD1' 'V9OPLA2' 'V9OPLB2' 'V9OPLD2' 'V9OPLA3'
 'V9OPLB3' 'V9OPLD3']",216,9
765_0LT001,2110.3977,51.511543,5035.739,['765_0LT001'],216,1,"['13LPOA1' '13LPOB1' '13LPOC1' '13LPOA2' '13LPOB2' '13LPOC2' '13LPOA3'
 '13LPOB3' '13LPOC3']",216,9
765_1LT001,479.71368,53.20558,1184.4723,['765_1LT001'],48,1,['AL3VGB1' 'AL3VGB2'],48,2
765_2LT001,865.7087,49.885296,2176.5078,['765_2LT001'],96,1,['Q1OLVB1' 'Q1OLVD1' 'Q1OLVB2' 'Q1OLVD2'],96,4
766_0LT001,486.1936,48.62602,1237.102,['766_0LT001'],48,1,['OGLQVB1' 'OGLQVB2'],48,2
766_1LT001,2110.9033,49.535904,5428.079,['766_1LT001'],216,1,"['1PQ93A1' '1PQ93B1' '1PQ93C1' '1PQ93A2' '1PQ93B2' '1PQ93C2' '1PQ93A3'
 '1PQ93B3' '1PQ93C3']",216,9
766_2LT001,454.0555,38.36803,1245.3395,['766_2LT001'],48,1,['3LPQGB1' '3LPQGB2'],48,2
767_0LT001,2006.8776,49.77049,5313.0664,['767_0LT001'],216,1,"['P9QVLA1' 'P9QVLB1' 'P9QVLD1' 'P9QVLA2' 'P9QVLB2' 'P9QVLD2' 'P9QVLA3'
 'P9QVLB3' 'P9QVLD3']",216,9
767_1LT001,2304.0205,50.98099,5405.1807,['767_1LT001'],216,1,"['LPGA3A1' 'LPGA3B1' 'LPGA3C1' 'LPGA3A2' 'LPGA3B2' 'LPGA3C2' 'LPGA3A3'
 'LPGA3B3' 'LPGA3C3']",216,9
768_0LT001,476.89902,46.58089,1169.6061,['768_0LT001'],48,1,['AP3LQB1' 'AP3LQB2'],48,2
768_1LT001,2097.9834,48.350815,5168.956,['768_1LT001'],216,1,"['9L3OQA1' '9L3OQB1' '9L3OQD1' '9L3OQA2' '9L3OQB2' '9L3OQD2' '9L3OQA3'
 '9L3OQB3' '9L3OQD3']",216,9
768_2LT001,482.59082,54.9671,996.366,['768_2LT001'],48,1,['AGQ3OB1' 'AGQ3OB2'],48,2
768_3LT001,2459.2776,52.07617,5505.388,['768_3LT001'],240,1,"['POV1LB1' 'POV1LD1' 'POV1LB2' 'POV1LD2' 'POV1LB3' 'POV1LD3' 'POV1LB4'
 'POV1LD4' 'POV1LB5' 'POV1LD5']",240,10
769_0LT001,2127.7458,50.981033,5316.104,['769_0LT001'],216,1,"['PA9OLA1' 'PA9OLB1' 'PA9OLC1' 'PA9OLA2' 'PA9OLB2' 'PA9OLC2' 'PA9OLA3'
 'PA9OLB3' 'PA9OLC3']",216,9
769_1LT001,2082.4075,48.93403,5125.7324,['769_1LT001'],216,1,"['PA9L1A1' 'PA9L1B1' 'PA9L1D1' 'PA9L1A2' 'PA9L1B2' 'PA9L1D2' 'PA9L1A3'
 'PA9L1B3' 'PA9L1D3']",216,9
769_2LT001,2115.9438,50.35798,5407.4595,['769_2LT001'],216,1,"['VQLA3A1' 'VQLA3B1' 'VQLA3D1' 'VQLA3A2' 'VQLA3B2' 'VQLA3D2' 'VQLA3A3'
 'VQLA3B3' 'VQLA3D3']",216,9
769_3LT001,1448.9847,49.641224,3580.7349,['769_3LT001'],144,1,['9PLQAA1' '9PLQAB1' '9PLQAA2' '9PLQAB2' '9PLQAA3' '9PLQAB3'],144,6
769_4LT001,2302.1072,51.935905,5521.6973,['769_4LT001'],216,1,"['AOVG3A1' 'AOVG3B1' 'AOVG3D1' 'AOVG3A2' 'AOVG3B2' 'AOVG3D2' 'AOVG3A3'
 'AOVG3B3' 'AOVG3D3']",216,9
769_5LT001,2254.9368,48.765274,5477.6147,['769_5LT001'],216,1,"['L9GQAA1' 'L9GQAB1' 'L9GQAC1' 'L9GQAA2' 'L9GQAB2' 'L9GQAC2' 'L9GQAA3'
 'L9GQAB3' 'L9GQAC3']",216,9
769_6LT001,2084.661,49.87098,5198.661,['769_6LT001'],216,1,"['G19LOA1' 'G19LOB1' 'G19LOC1' 'G19LOA2' 'G19LOB2' 'G19LOC2' 'G19LOA3'
 'G19LOB3' 'G19LOC3']",216,9
770_0LT001,514.67804,48.35695,1215.79,['770_0LT001'],48,1,['P3GAVB1' 'P3GAVB2'],48,2
770_1LT001,2271.0674,48.07656,5550.613,['770_1LT001'],216,1,"['13VAGA1' '13VAGB1' '13VAGC1' '13VAGA2' '13VAGB2' '13VAGC2' '13VAGA3'
 '13VAGB3' '13VAGC3']",216,9
771_0LT001,395.801,51.514057,1102.357,['771_0LT001'],48,1,['9LAPVB1' '9LAPVB2'],48,2
771_1LT001,2213.4358,49.48256,5166.258,['771_1LT001'],216,1,"['9PALQA1' '9PALQB1' '9PALQC1' '9PALQA2' '9PALQB2' '9PALQC2' '9PALQA3'
 '9PALQB3' '9PALQC3']",216,9
771_2LT001,2233.8657,50.097187,5603.7246,['771_2LT001'],216,1,"['OPGA9A1' 'OPGA9B1' 'OPGA9D1' 'OPGA9A2' 'OPGA9B2' 'OPGA9D2' 'OPGA9A3'
 'OPGA9B3' 'OPGA9D3']",216,9
772_0LT001,2051.5518,49.95499,5506.151,['772_0LT001'],216,1,"['3VO9AA1' '3VO9AB1' '3VO9AD1' '3VO9AA2' '3VO9AB2' '3VO9AD2' '3VO9AA3'
 '3VO9AB3' '3VO9AD3']",216,9
772_1LT001,1165.8141,46.947422,2835.1902,['772_1LT001'],120,1,['19LAOB1' '19LAOB2' '19LAOB3' '19LAOB4' '19LAOB5'],120,5
772_2LT001,1081.7147,46.931713,2429.435,['772_2LT001'],96,1,['LOV9GB1' 'LOV9GD1' 'LOV9GB2' 'LOV9GD2'],96,4
773_0LT001,2156.8018,51.822884,5610.772,['773_0LT001'],216,1,"['ALVQOA1' 'ALVQOB1' 'ALVQOD1' 'ALVQOA2' 'ALVQOB2' 'ALVQOD2' 'ALVQOA3'
 'ALVQOB3' 'ALVQOD3']",216,9
773_1LT001,1451.7228,52.985703,3948.6594,['773_1LT001'],144,1,['VPOLAA1' 'VPOLAB1' 'VPOLAA2' 'VPOLAB2' 'VPOLAA3' 'VPOLAB3'],144,6
773_2LT001,2139.9153,50.5263,5449.802,['773_2LT001'],216,1,"['3LA9VA1' '3LA9VB1' '3LA9VD1' '3LA9VA2' '3LA9VB2' '3LA9VD2' '3LA9VA3'
 '3LA9VB3' '3LA9VD3']",216,9
774_0LT001,1044.1588,50.273754,2585.1057,['774_0LT001'],96,1,['L3VA9B1' 'L3VA9D1' 'L3VA9B2' 'L3VA9D2'],96,4
774_1LT001,2099.1982,48.198856,5371.0596,['774_1LT001'],216,1,"['9O3AVA1' '9O3AVB1' '9O3AVD1' '9O3AVA2' '9O3AVB2' '9O3AVD2' '9O3AVA3'
 '9O3AVB3' '9O3AVD3']",216,9
775_0LT001,482.40594,45.875366,1240.999,['775_0LT001'],48,1,['L139GB1' 'L139GB2'],48,2
775_1LT001,1050.9275,49.45232,2388.9,['775_1LT001'],96,1,['3POALB1' '3POALD1' '3POALB2' '3POALD2'],96,4
775_2LT001,901.48236,44.379623,2639.775,['775_2LT001'],96,1,['L3O1QB1' 'L3O1QD1' 'L3O1QB2' 'L3O1QD2'],96,4
775_3LT001,2066.6047,50.263916,5461.1553,['775_3LT001'],216,1,"['AQL9OA1' 'AQL9OB1' 'AQL9OD1' 'AQL9OA2' 'AQL9OB2' 'AQL9OD2' 'AQL9OA3'
 'AQL9OB3' 'AQL9OD3']",216,9
776_0LT001,2305.2422,48.44606,5692.3135,['776_0LT001'],240,1,"['LVA9QB1' 'LVA9QC1' 'LVA9QB2' 'LVA9QC2' 'LVA9QB3' 'LVA9QC3' 'LVA9QB4'
 'LVA9QC4' 'LVA9QB5' 'LVA9QC5']",240,10
776_1LT001,1503.0511,50.442844,3700.832,['776_1LT001'],144,1,['VOA3PA1' 'VOA3PB1' 'VOA3PA2' 'VOA3PB2' 'VOA3PA3' 'VOA3PB3'],144,6
776_2LT001,969.70294,49.647278,2522.9973,['776_2LT001'],96,1,['PLG3AB1' 'PLG3AD1' 'PLG3AB2' 'PLG3AD2'],96,4
777_0LT001,2398.008,51.418682,6017.0566,['777_0LT001'],240,1,"['9QLGAB1' '9QLGAD1' '9QLGAB2' '9QLGAD2' '9QLGAB3' '9QLGAD3' '9QLGAB4'
 '9QLGAD4' '9QLGAB5' '9QLGAD5']",240,10
777_1LT001,2132.205,49.56245,5413.2134,['777_1LT001'],216,1,"['LVQAOA1' 'LVQAOB1' 'LVQAOD1' 'LVQAOA2' 'LVQAOB2' 'LVQAOD2' 'LVQAOA3'
 'LVQAOB3' 'LVQAOD3']",216,9
778_0LT001,2173.2544,48.0798,5381.8916,['778_0LT001'],216,1,"['VL9QPA1' 'VL9QPB1' 'VL9QPC1' 'VL9QPA2' 'VL9QPB2' 'VL9QPC2' 'VL9QPA3'
 'VL9QPB3' 'VL9QPC3']",216,9
778_1LT001,2167.056,49.19655,5689.359,['778_1LT001'],216,1,"['G1VAQA1' 'G1VAQB1' 'G1VAQD1' 'G1VAQA2' 'G1VAQB2' 'G1VAQD2' 'G1VAQA3'
 'G1VAQB3' 'G1VAQD3']",216,9
778_2LT001,2140.0264,49.342487,5153.869,['778_2LT001'],216,1,"['93PA1A1' '93PA1B1' '93PA1D1' '93PA1A2' '93PA1B2' '93PA1D2' '93PA1A3'
 '93PA1B3' '93PA1D3']",216,9
778_3LT001,1063.0295,47.03751,2339.3228,['778_3LT001'],96,1,['3OGA9B1' '3OGA9D1' '3OGA9B2' '3OGA9D2'],96,4
778_4LT001,2179.9377,50.50146,5609.143,['778_4LT001'],216,1,"['QOPAVA1' 'QOPAVB1' 'QOPAVC1' 'QOPAVA2' 'QOPAVB2' 'QOPAVC2' 'QOPAVA3'
 'QOPAVB3' 'QOPAVC3']",216,9
778_5LT001,1962.3805,50.674873,5661.739,['778_5LT001'],216,1,"['91OGQA1' '91OGQB1' '91OGQD1' '91OGQA2' '91OGQB2' '91OGQD2' '91OGQA3'
 '91OGQB3' '91OGQD3']",216,9
779_0LT001,2138.278,50.850372,5301.0654,['779_0LT001'],216,1,"['1L3P9A1' '1L3P9B1' '1L3P9C1' '1L3P9A2' '1L3P9B2' '1L3P9C2' '1L3P9A3'
 '1L3P9B3' '1L3P9C3']",216,9
779_1LT001,2078.6282,51.802505,5638.843,['779_1LT001'],216,1,"['QVL3AA1' 'QVL3AB1' 'QVL3AC1' 'QVL3AA2' 'QVL3AB2' 'QVL3AC2' 'QVL3AA3'
 'QVL3AB3' 'QVL3AC3']",216,9
780_0LT001,2025.1041,50.21347,5443.5186,['780_0LT001'],216,1,"['GO1P3A1' 'GO1P3B1' 'GO1P3D1' 'GO1P3A2' 'GO1P3B2' 'GO1P3D2' 'GO1P3A3'
 'GO1P3B3' 'GO1P3D3']",216,9
780_1LT001,914.0589,50.968502,2396.6821,['780_1LT001'],96,1,['G3Q1VB1' 'G3Q1VD1' 'G3Q1VB2' 'G3Q1VD2'],96,4
780_2LT001,1142.5514,47.665047,3139.9473,['780_2LT001'],120,1,['AG91VB1' 'AG91VB2' 'AG91VB3' 'AG91VB4' 'AG91VB5'],120,5
780_3LT001,1040.8326,51.403305,2671.2551,['780_3LT001'],96,1,['A3LPQB1' 'A3LPQD1' 'A3LPQB2' 'A3LPQD2'],96,4
781_0LT001,2075.1042,50.69775,5633.494,['781_0LT001'],216,1,"['VGAQ9A1' 'VGAQ9B1' 'VGAQ9D1' 'VGAQ9A2' 'VGAQ9B2' 'VGAQ9D2' 'VGAQ9A3'
 'VGAQ9B3' 'VGAQ9D3']",216,9
781_1LT001,2105.8513,47.590576,5330.127,['781_1LT001'],216,1,"['PAQL3A1' 'PAQL3B1' 'PAQL3D1' 'PAQL3A2' 'PAQL3B2' 'PAQL3D2' 'PAQL3A3'
 'PAQL3B3' 'PAQL3D3']",216,9
781_2LT001,2295.965,45.7342,5664.3403,['781_2LT001'],240,1,"['VQ1LAB1' 'VQ1LAD1' 'VQ1LAB2' 'VQ1LAD2' 'VQ1LAB3' 'VQ1LAD3' 'VQ1LAB4'
 'VQ1LAD4' 'VQ1LAB5' 'VQ1LAD5']",240,10
781_3LT001,2199.897,47.906155,5111.553,['781_3LT001'],216,1,"['V31Q9A1' 'V31Q9B1' 'V31Q9D1' 'V31Q9A2' 'V31Q9B2' 'V31Q9D2' 'V31Q9A3'
 'V31Q9B3' 'V31Q9D3']",216,9
782_0LT001,2214.308,51.8103,5190.624,['782_0LT001'],216,1,"['VOAGLA1' 'VOAGLB1' 'VOAGLD1' 'VOAGLA2' 'VOAGLB2' 'VOAGLD2' 'VOAGLA3'
 'VOAGLB3' 'VOAGLD3']",216,9
782_1LT001,989.49396,49.53508,2335.4224,['782_1LT001'],96,1,['9GQLOB1' '9GQLOD1' '9GQLOB2' '9GQLOD2'],96,4
783_0LT001,2142.072,50.450413,5857.6807,['783_0LT001'],216,1,"['QPOAGA1' 'QPOAGB1' 'QPOAGC1' 'QPOAGA2' 'QPOAGB2' 'QPOAGC2' 'QPOAGA3'
 'QPOAGB3' 'QPOAGC3']",216,9
783_1LT001,1451.8258,47.129288,3476.6465,['783_1LT001'],144,1,['VQALGA1' 'VQALGB1' 'VQALGA2' 'VQALGB2' 'VQALGA3' 'VQALGB3'],144,6
783_2LT001,2147.5745,49.58798,5103.4307,['783_2LT001'],216,1,"['1GQLPA1' '1GQLPB1' '1GQLPD1' '1GQLPA2' '1GQLPB2' '1GQLPD2' '1GQLPA3'
 '1GQLPB3' '1GQLPD3']",216,9
783_3LT001,2194.7234,49.845165,5267.868,['783_3LT001'],216,1,"['OPA3LA1' 'OPA3LB1' 'OPA3LD1' 'OPA3LA2' 'OPA3LB2' 'OPA3LD2' 'OPA3LA3'
 'OPA3LB3' 'OPA3LD3']",216,9
784_0LT001,2200.866,50.926952,5471.3125,['784_0LT001'],216,1,"['OVAQ3A1' 'OVAQ3B1' 'OVAQ3C1' 'OVAQ3A2' 'OVAQ3B2' 'OVAQ3C2' 'OVAQ3A3'
 'OVAQ3B3' 'OVAQ3C3']",216,9
784_1LT001,1293.5953,54.818707,3083.7156,['784_1LT001'],120,1,['LP9GOB1' 'LP9GOB2' 'LP9GOB3' 'LP9GOB4' 'LP9GOB5'],120,5
785_0LT001,1410.6924,47.874302,3762.445,['785_0LT001'],144,1,['P9A1GA1' 'P9A1GB1' 'P9A1GA2' 'P9A1GB2' 'P9A1GA3' 'P9A1GB3'],144,6
785_1LT001,937.0302,47.94534,2236.2002,['785_1LT001'],96,1,['1O9LGB1' '1O9LGD1' '1O9LGB2' '1O9LGD2'],96,4
786_0LT001,1531.0688,50.310135,3609.812,['786_0LT001'],144,1,['AG13OA1' 'AG13OB1' 'AG13OA2' 'AG13OB2' 'AG13OA3' 'AG13OB3'],144,6
786_1LT001,1378.5165,49.9476,3710.4485,['786_1LT001'],144,1,['LO9VGA1' 'LO9VGB1' 'LO9VGA2' 'LO9VGB2' 'LO9VGA3' 'LO9VGB3'],144,6
787_0LT001,499.40546,41.723755,1331.998,['787_0LT001'],48,1,['G3LPQB1' 'G3LPQB2'],48,2
787_1LT001,2214.0862,53.682693,5312.9453,['787_1LT001'],216,1,"['QV31GA1' 'QV31GB1' 'QV31GD1' 'QV31GA2' 'QV31GB2' 'QV31GD2' 'QV31GA3'
 'QV31GB3' 'QV31GD3']",216,9
787_2LT001,2123.7825,50.829884,5360.491,['787_2LT001'],216,1,"['AVQG1A1' 'AVQG1B1' 'AVQG1C1' 'AVQG1A2' 'AVQG1B2' 'AVQG1C2' 'AVQG1A3'
 'AVQG1B3' 'AVQG1C3']",216,9
787_3LT001,2137.5193,47.21289,5523.295,['787_3LT001'],216,1,"['G1A9VA1' 'G1A9VB1' 'G1A9VD1' 'G1A9VA2' 'G1A9VB2' 'G1A9VD2' 'G1A9VA3'
 'G1A9VB3' 'G1A9VD3']",216,9
788_0LT001,1599.2524,48.368195,3769.575,['788_0LT001'],144,1,['L3V9PA1' 'L3V9PB1' 'L3V9PA2' 'L3V9PB2' 'L3V9PA3' 'L3V9PB3'],144,6
788_1LT001,938.4334,47.980892,2275.6125,['788_1LT001'],96,1,['AV9LPB1' 'AV9LPD1' 'AV9LPB2' 'AV9LPD2'],96,4
788_2LT001,2153.3157,50.102226,5478.4175,['788_2LT001'],216,1,"['O3ALGA1' 'O3ALGB1' 'O3ALGC1' 'O3ALGA2' 'O3ALGB2' 'O3ALGC2' 'O3ALGA3'
 'O3ALGB3' 'O3ALGC3']",216,9
789_0LT001,1546.308,53.293793,3593.7532,['789_0LT001'],144,1,['PGO39A1' 'PGO39B1' 'PGO39A2' 'PGO39B2' 'PGO39A3' 'PGO39B3'],144,6
789_1LT001,2290.2278,47.308952,5373.216,['789_1LT001'],216,1,"['Q3O91A1' 'Q3O91B1' 'Q3O91D1' 'Q3O91A2' 'Q3O91B2' 'Q3O91D2' 'Q3O91A3'
 'Q3O91B3' 'Q3O91D3']",216,9
790_0LT001,947.55304,48.33113,2312.8486,['790_0LT001'],96,1,['QG3PVB1' 'QG3PVD1' 'QG3PVB2' 'QG3PVD2'],96,4
790_1LT001,2245.2378,45.254593,5683.973,['790_1LT001'],216,1,"['LO9AVA1' 'LO9AVB1' 'LO9AVC1' 'LO9AVA2' 'LO9AVB2' 'LO9AVC2' 'LO9AVA3'
 'LO9AVB3' 'LO9AVC3']",216,9
790_2LT001,2185.0771,51.05926,5341.7188,['790_2LT001'],216,1,"['31OAVA1' '31OAVB1' '31OAVD1' '31OAVA2' '31OAVB2' '31OAVD2' '31OAVA3'
 '31OAVB3' '31OAVD3']",216,9
791_0LT001,2374.6492,52.57361,5991.696,['791_0LT001'],240,1,"['OVPL1B1' 'OVPL1C1' 'OVPL1B2' 'OVPL1C2' 'OVPL1B3' 'OVPL1C3' 'OVPL1B4'
 'OVPL1C4' 'OVPL1B5' 'OVPL1C5']",240,10
791_1LT001,2200.189,49.343227,5508.28,['791_1LT001'],216,1,"['Q1P3OA1' 'Q1P3OB1' 'Q1P3OD1' 'Q1P3OA2' 'Q1P3OB2' 'Q1P3OD2' 'Q1P3OA3'
 'Q1P3OB3' 'Q1P3OD3']",216,9
792_0LT001,2311.2117,50.653908,5451.322,['792_0LT001'],216,1,"['A1PLOA1' 'A1PLOB1' 'A1PLOD1' 'A1PLOA2' 'A1PLOB2' 'A1PLOD2' 'A1PLOA3'
 'A1PLOB3' 'A1PLOD3']",216,9
792_1LT001,943.8607,50.298443,2402.164,['792_1LT001'],96,1,['LAQVPB1' 'LAQVPD1' 'LAQVPB2' 'LAQVPD2'],96,4
793_0LT001,480.61377,50.943085,1091.5311,['793_0LT001'],48,1,['LVQ1AB1' 'LVQ1AB2'],48,2
793_1LT001,2269.4626,50.477222,5236.87,['793_1LT001'],216,1,"['OL91VA1' 'OL91VB1' 'OL91VD1' 'OL91VA2' 'OL91VB2' 'OL91VD2' 'OL91VA3'
 'OL91VB3' 'OL91VD3']",216,9
793_2LT001,1378.8564,51.791977,3506.7332,['793_2LT001'],144,1,['GOAL9A1' 'GOAL9B1' 'GOAL9A2' 'GOAL9B2' 'GOAL9A3' 'GOAL9B3'],144,6
794_0LT001,2238.11,49.14512,5690.1343,['794_0LT001'],216,1,"['391OVA1' '391OVB1' '391OVC1' '391OVA2' '391OVB2' '391OVC2' '391OVA3'
 '391OVB3' '391OVC3']",216,9
794_1LT001,1999.4832,53.141476,5299.0156,['794_1LT001'],216,1,"['9AVOLA1' '9AVOLB1' '9AVOLC1' '9AVOLA2' '9AVOLB2' '9AVOLC2' '9AVOLA3'
 '9AVOLB3' '9AVOLC3']",216,9
794_2LT001,1459.2288,52.04061,3742.682,['794_2LT001'],144,1,['1VLPGA1' '1VLPGB1' '1VLPGA2' '1VLPGB2' '1VLPGA3' '1VLPGB3'],144,6
794_3LT001,2264.4622,48.95019,5285.838,['794_3LT001'],216,1,"['GVLA1A1' 'GVLA1B1' 'GVLA1D1' 'GVLA1A2' 'GVLA1B2' 'GVLA1D2' 'GVLA1A3'
 'GVLA1B3' 'GVLA1D3']",216,9
795_0LT001,1219.064,51.501648,2738.443,['795_0LT001'],120,1,['9QLP1B1' '9QLP1B2' '9QLP1B3' '9QLP1B4' '9QLP1B5'],120,5
795_1LT001,462.93787,51.13931,1011.6195,['795_1LT001'],48,1,['LGV1QB1' 'LGV1QB2'],48,2
795_2LT001,2103.304,49.72194,5544.9663,['795_2LT001'],216,1,"['GPVQOA1' 'GPVQOB1' 'GPVQOC1' 'GPVQOA2' 'GPVQOB2' 'GPVQOC2' 'GPVQOA3'
 'GPVQOB3' 'GPVQOC3']",216,9
796_0LT001,1498.4756,53.78261,3667.5715,['796_0LT001'],144,1,['GP1O3A1' 'GP1O3B1' 'GP1O3A2' 'GP1O3B2' 'GP1O3A3' 'GP1O3B3'],144,6
796_1LT001,923.2366,47.61757,2365.1177,['796_1LT001'],96,1,['9G3LAB1' '9G3LAD1' '9G3LAB2' '9G3LAD2'],96,4
796_2LT001,2222.9067,45.239628,5548.809,['796_2LT001'],216,1,"['VPAO1A1' 'VPAO1B1' 'VPAO1D1' 'VPAO1A2' 'VPAO1B2' 'VPAO1D2' 'VPAO1A3'
 'VPAO1B3' 'VPAO1D3']",216,9
796_3LT001,2126.4868,51.666874,5454.926,['796_3LT001'],216,1,"['VAQG1A1' 'VAQG1B1' 'VAQG1C1' 'VAQG1A2' 'VAQG1B2' 'VAQG1C2' 'VAQG1A3'
 'VAQG1B3' 'VAQG1C3']",216,9
797_0LT001,2381.0854,47.968998,5471.5767,['797_0LT001'],216,1,"['PLGQOA1' 'PLGQOB1' 'PLGQOD1' 'PLGQOA2' 'PLGQOB2' 'PLGQOD2' 'PLGQOA3'
 'PLGQOB3' 'PLGQOD3']",216,9
797_1LT001,981.2334,50.184826,2419.8215,['797_1LT001'],96,1,['3O1VLB1' '3O1VLD1' '3O1VLB2' '3O1VLD2'],96,4
797_2LT001,1454.6174,47.809364,3644.401,['797_2LT001'],144,1,['OLGQ9A1' 'OLGQ9B1' 'OLGQ9A2' 'OLGQ9B2' 'OLGQ9A3' 'OLGQ9B3'],144,6
797_3LT001,2230.6086,51.60972,5601.6255,['797_3LT001'],216,1,"['G91QPA1' 'G91QPB1' 'G91QPD1' 'G91QPA2' 'G91QPB2' 'G91QPD2' 'G91QPA3'
 'G91QPB3' 'G91QPD3']",216,9
798_0LT001,429.38562,50.147953,1131.2837,['798_0LT001'],48,1,['VQ31AB1' 'VQ31AB2'],48,2
798_1LT001,2181.8364,49.149982,5290.86,['798_1LT001'],216,1,"['913GPA1' '913GPB1' '913GPD1' '913GPA2' '913GPB2' '913GPD2' '913GPA3'
 '913GPB3' '913GPD3']",216,9
798_2LT001,2178.1873,50.66509,5791.2207,['798_2LT001'],216,1,"['1P9LGA1' '1P9LGB1' '1P9LGC1' '1P9LGA2' '1P9LGB2' '1P9LGC2' '1P9LGA3'
 '1P9LGB3' '1P9LGC3']",216,9
798_3LT001,2227.4568,46.597397,5098.782,['798_3LT001'],216,1,"['G391QA1' 'G391QB1' 'G391QD1' 'G391QA2' 'G391QB2' 'G391QD2' 'G391QA3'
 'G391QB3' 'G391QD3']",216,9
798_4LT001,2251.9172,52.9183,5497.7695,['798_4LT001'],216,1,"['A9OPLA1' 'A9OPLB1' 'A9OPLC1' 'A9OPLA2' 'A9OPLB2' 'A9OPLC2' 'A9OPLA3'
 'A9OPLB3' 'A9OPLC3']",216,9
798_5LT001,2283.352,49.267586,5379.944,['798_5LT001'],216,1,"['V9PQAA1' 'V9PQAB1' 'V9PQAC1' 'V9PQAA2' 'V9PQAB2' 'V9PQAC2' 'V9PQAA3'
 'V9PQAB3' 'V9PQAC3']",216,9
799_0LT001,2143.1406,51.724697,5432.3267,['799_0LT001'],216,1,"['1OP3QA1' '1OP3QB1' '1OP3QD1' '1OP3QA2' '1OP3QB2' '1OP3QD2' '1OP3QA3'
 '1OP3QB3' '1OP3QD3']",216,9
799_1LT001,1466.2103,48.031708,3380.1545,['799_1LT001'],144,1,['AOGPLA1' 'AOGPLB1' 'AOGPLA2' 'AOGPLB2' 'AOGPLA3' 'AOGPLB3'],144,6
800_0LT001,1448.8556,49.793274,3615.9177,['800_0LT001'],144,1,['1VL9OA1' '1VL9OB1' '1VL9OA2' '1VL9OB2' '1VL9OA3' '1VL9OB3'],144,6
800_1LT001,1031.1272,51.59403,2329.91,['800_1LT001'],96,1,['OP31VB1' 'OP31VD1' 'OP31VB2' 'OP31VD2'],96,4
800_2LT001,439.77878,55.292816,1378.3452,['800_2LT001'],48,1,['9OQG3B1' '9OQG3B2'],48,2
800_3LT001,1342.6915,50.150997,3795.369,['800_3LT001'],144,1,['QG1OLA1' 'QG1OLB1' 'QG1OLA2' 'QG1OLB2' 'QG1OLA3' 'QG1OLB3'],144,6
801_0LT001,2065.3386,47.816868,5550.9707,['801_0LT001'],216,1,"['P9GOQA1' 'P9GOQB1' 'P9GOQD1' 'P9GOQA2' 'P9GOQB2' 'P9GOQD2' 'P9GOQA3'
 'P9GOQB3' 'P9GOQD3']",216,9
801_1LT001,2222.0195,50.56616,5486.537,['801_1LT001'],216,1,"['1PV9GA1' '1PV9GB1' '1PV9GC1' '1PV9GA2' '1PV9GB2' '1PV9GC2' '1PV9GA3'
 '1PV9GB3' '1PV9GC3']",216,9
801_2LT001,2236.0984,52.64724,5262.8613,['801_2LT001'],216,1,"['1VG3LA1' '1VG3LB1' '1VG3LD1' '1VG3LA2' '1VG3LB2' '1VG3LD2' '1VG3LA3'
 '1VG3LB3' '1VG3LD3']",216,9
801_3LT001,2042.0825,52.00847,5405.3135,['801_3LT001'],216,1,"['LO93QA1' 'LO93QB1' 'LO93QC1' 'LO93QA2' 'LO93QB2' 'LO93QC2' 'LO93QA3'
 'LO93QB3' 'LO93QC3']",216,9
801_4LT001,2167.7288,51.52905,5886.043,['801_4LT001'],216,1,"['P9GV3A1' 'P9GV3B1' 'P9GV3C1' 'P9GV3A2' 'P9GV3B2' 'P9GV3C2' 'P9GV3A3'
 'P9GV3B3' 'P9GV3C3']",216,9
801_5LT001,2073.41,50.864113,5282.867,['801_5LT001'],216,1,"['Q9PGOA1' 'Q9PGOB1' 'Q9PGOD1' 'Q9PGOA2' 'Q9PGOB2' 'Q9PGOD2' 'Q9PGOA3'
 'Q9PGOB3' 'Q9PGOD3']",216,9
801_6LT001,1581.6393,49.60576,3441.062,['801_6LT001'],144,1,['31PLGA1' '31PLGB1' '31PLGA2' '31PLGB2' '31PLGA3' '31PLGB3'],144,6
801_7LT001,2158.7441,51.462677,5007.449,['801_7LT001'],216,1,"['P1OLAA1' 'P1OLAB1' 'P1OLAD1' 'P1OLAA2' 'P1OLAB2' 'P1OLAD2' 'P1OLAA3'
 'P1OLAB3' 'P1OLAD3']",216,9
801_8LT001,2088.5054,47.7531,5289.077,['801_8LT001'],216,1,"['VQL1AA1' 'VQL1AB1' 'VQL1AC1' 'VQL1AA2' 'VQL1AB2' 'VQL1AC2' 'VQL1AA3'
 'VQL1AB3' 'VQL1AC3']",216,9
801_9LT001,2085.8494,51.135956,5478.68,['801_9LT001'],216,1,"['LOG91A1' 'LOG91B1' 'LOG91D1' 'LOG91A2' 'LOG91B2' 'LOG91D2' 'LOG91A3'
 'LOG91B3' 'LOG91D3']",216,9
802_0LT001,2305.5432,49.15633,5475.833,['802_0LT001'],216,1,"['LG9PVA1' 'LG9PVB1' 'LG9PVD1' 'LG9PVA2' 'LG9PVB2' 'LG9PVD2' 'LG9PVA3'
 'LG9PVB3' 'LG9PVD3']",216,9
802_1LT001,2096.0515,51.54257,5095.7754,['802_1LT001'],216,1,"['OLV1PA1' 'OLV1PB1' 'OLV1PD1' 'OLV1PA2' 'OLV1PB2' 'OLV1PD2' 'OLV1PA3'
 'OLV1PB3' 'OLV1PD3']",216,9
802_2LT001,2228.8909,50.663578,5343.9736,['802_2LT001'],216,1,"['AGO9QA1' 'AGO9QB1' 'AGO9QD1' 'AGO9QA2' 'AGO9QB2' 'AGO9QD2' 'AGO9QA3'
 'AGO9QB3' 'AGO9QD3']",216,9
802_3LT001,2113.8762,51.38515,5073.7114,['802_3LT001'],216,1,"['G391PA1' 'G391PB1' 'G391PC1' 'G391PA2' 'G391PB2' 'G391PC2' 'G391PA3'
 'G391PB3' 'G391PC3']",216,9
803_0LT001,467.35748,52.85197,1278.4412,['803_0LT001'],48,1,['L1AG3B1' 'L1AG3B2'],48,2
803_1LT001,531.4359,50.67271,1380.1278,['803_1LT001'],48,1,['A3GVQB1' 'A3GVQB2'],48,2
803_2LT001,2046.1364,48.800106,5046.7456,['803_2LT001'],216,1,"['AP9Q1A1' 'AP9Q1B1' 'AP9Q1C1' 'AP9Q1A2' 'AP9Q1B2' 'AP9Q1C2' 'AP9Q1A3'
 'AP9Q1B3' 'AP9Q1C3']",216,9
803_3LT001,860.295,51.69048,2343.5217,['803_3LT001'],96,1,['9GV3PB1' '9GV3PD1' '9GV3PB2' '9GV3PD2'],96,4
803_4LT001,961.0319,48.673588,2216.4346,['803_4LT001'],96,1,['9POL3B1' '9POL3D1' '9POL3B2' '9POL3D2'],96,4
803_5LT001,1015.38104,53.062595,2463.4104,['803_5LT001'],96,1,['3VAPGB1' '3VAPGD1' '3VAPGB2' '3VAPGD2'],96,4
804_0LT001,539.044,47.334248,1079.9453,['804_0LT001'],48,1,['9LOV3B1' '9LOV3B2'],48,2
804_1LT001,2290.8608,49.592777,5393.968,['804_1LT001'],216,1,"['QA3G9A1' 'QA3G9B1' 'QA3G9C1' 'QA3G9A2' 'QA3G9B2' 'QA3G9C2' 'QA3G9A3'
 'QA3G9B3' 'QA3G9C3']",216,9
804_2LT001,884.1807,44.154743,2536.2664,['804_2LT001'],96,1,['LO3QGB1' 'LO3QGD1' 'LO3QGB2' 'LO3QGD2'],96,4
804_3LT001,490.64664,48.764423,1125.3639,['804_3LT001'],48,1,['VLAP1B1' 'VLAP1B2'],48,2
804_4LT001,1511.8705,52.163017,3852.5422,['804_4LT001'],144,1,['AL39OA1' 'AL39OB1' 'AL39OA2' 'AL39OB2' 'AL39OA3' 'AL39OB3'],144,6
804_5LT001,551.4646,47.866856,1195.0233,['804_5LT001'],48,1,['1ALQ3B1' '1ALQ3B2'],48,2
804_6LT001,2231.3528,49.845272,5366.2646,['804_6LT001'],216,1,"['GP91OA1' 'GP91OB1' 'GP91OC1' 'GP91OA2' 'GP91OB2' 'GP91OC2' 'GP91OA3'
 'GP91OB3' 'GP91OC3']",216,9
805_0LT001,958.90125,48.227573,2440.531,['805_0LT001'],96,1,['VQ9ALB1' 'VQ9ALD1' 'VQ9ALB2' 'VQ9ALD2'],96,4
805_1LT001,2284.476,48.394073,5393.465,['805_1LT001'],216,1,"['G39QLA1' 'G39QLB1' 'G39QLD1' 'G39QLA2' 'G39QLB2' 'G39QLD2' 'G39QLA3'
 'G39QLB3' 'G39QLD3']",216,9
805_2LT001,2061.4165,49.43895,5370.1655,['805_2LT001'],216,1,"['31AGLA1' '31AGLB1' '31AGLC1' '31AGLA2' '31AGLB2' '31AGLC2' '31AGLA3'
 '31AGLB3' '31AGLC3']",216,9
806_0LT001,1316.7761,53.11664,3578.126,['806_0LT001'],144,1,['OALQPA1' 'OALQPB1' 'OALQPA2' 'OALQPB2' 'OALQPA3' 'OALQPB3'],144,6
806_1LT001,2140.1853,46.44257,5063.2114,['806_1LT001'],216,1,"['LO9G1A1' 'LO9G1B1' 'LO9G1D1' 'LO9G1A2' 'LO9G1B2' 'LO9G1D2' 'LO9G1A3'
 'LO9G1B3' 'LO9G1D3']",216,9
806_2LT001,478.46707,43.51415,1363.0471,['806_2LT001'],48,1,['GAQPLB1' 'GAQPLB2'],48,2
806_3LT001,2129.3997,49.651005,5405.7036,['806_3LT001'],216,1,"['GQA9VA1' 'GQA9VB1' 'GQA9VD1' 'GQA9VA2' 'GQA9VB2' 'GQA9VD2' 'GQA9VA3'
 'GQA9VB3' 'GQA9VD3']",216,9
807_0LT001,2210.095,50.81087,5287.785,['807_0LT001'],216,1,"['GV1LPA1' 'GV1LPB1' 'GV1LPD1' 'GV1LPA2' 'GV1LPB2' 'GV1LPD2' 'GV1LPA3'
 'GV1LPB3' 'GV1LPD3']",216,9
807_1LT001,2077.8286,47.9443,5530.084,['807_1LT001'],216,1,"['1LGPVA1' '1LGPVB1' '1LGPVC1' '1LGPVA2' '1LGPVB2' '1LGPVC2' '1LGPVA3'
 '1LGPVB3' '1LGPVC3']",216,9
808_0LT001,1023.6042,49.24106,2778.5312,['808_0LT001'],96,1,['G3VP9B1' 'G3VP9D1' 'G3VP9B2' 'G3VP9D2'],96,4
808_1LT001,1041.8206,45.36545,2216.0862,['808_1LT001'],96,1,['Q193GB1' 'Q193GD1' 'Q193GB2' 'Q193GD2'],96,4
808_2LT001,2073.3684,50.95228,5336.0464,['808_2LT001'],216,1,"['3OG1PA1' '3OG1PB1' '3OG1PD1' '3OG1PA2' '3OG1PB2' '3OG1PD2' '3OG1PA3'
 '3OG1PB3' '3OG1PD3']",216,9
809_0LT001,1395.3392,51.027813,3377.8547,['809_0LT001'],144,1,['Q39ALA1' 'Q39ALB1' 'Q39ALA2' 'Q39ALB2' 'Q39ALA3' 'Q39ALB3'],144,6
809_1LT001,2252.937,50.163822,5580.476,['809_1LT001'],216,1,"['9OGPAA1' '9OGPAB1' '9OGPAD1' '9OGPAA2' '9OGPAB2' '9OGPAD2' '9OGPAA3'
 '9OGPAB3' '9OGPAD3']",216,9
810_0LT001,2121.7158,49.550217,5351.616,['810_0LT001'],216,1,"['1L9GAA1' '1L9GAB1' '1L9GAC1' '1L9GAA2' '1L9GAB2' '1L9GAC2' '1L9GAA3'
 '1L9GAB3' '1L9GAC3']",216,9
810_1LT001,421.83243,52.41634,1211.618,['810_1LT001'],48,1,['A3PQ1B1' 'A3PQ1B2'],48,2
810_2LT001,1371.5426,50.929173,3685.0767,['810_2LT001'],144,1,['A1OP9A1' 'A1OP9B1' 'A1OP9A2' 'A1OP9B2' 'A1OP9A3' 'A1OP9B3'],144,6
810_3LT001,2176.5745,54.086254,5351.0225,['810_3LT001'],216,1,"['AO3PGA1' 'AO3PGB1' 'AO3PGD1' 'AO3PGA2' 'AO3PGB2' 'AO3PGD2' 'AO3PGA3'
 'AO3PGB3' 'AO3PGD3']",216,9
810_4LT001,1398.023,52.103725,3412.4424,['810_4LT001'],144,1,['G1OL9A1' 'G1OL9B1' 'G1OL9A2' 'G1OL9B2' 'G1OL9A3' 'G1OL9B3'],144,6
810_5LT001,2340.2969,48.0837,5452.455,['810_5LT001'],216,1,"['9V1LOA1' '9V1LOB1' '9V1LOD1' '9V1LOA2' '9V1LOB2' '9V1LOD2' '9V1LOA3'
 '9V1LOB3' '9V1LOD3']",216,9
810_6LT001,2192.0916,52.074783,5563.1533,['810_6LT001'],216,1,"['9PG3QA1' '9PG3QB1' '9PG3QD1' '9PG3QA2' '9PG3QB2' '9PG3QD2' '9PG3QA3'
 '9PG3QB3' '9PG3QD3']",216,9
811_0LT001,1009.34155,53.385468,2580.487,['811_0LT001'],96,1,['AVG9QB1' 'AVG9QD1' 'AVG9QB2' 'AVG9QD2'],96,4
811_1LT001,1010.68726,48.101696,2459.7078,['811_1LT001'],96,1,['1LGAOB1' '1LGAOD1' '1LGAOB2' '1LGAOD2'],96,4
811_2LT001,2146.6309,47.8583,5491.6665,['811_2LT001'],216,1,"['93OLGA1' '93OLGB1' '93OLGD1' '93OLGA2' '93OLGB2' '93OLGD2' '93OLGA3'
 '93OLGB3' '93OLGD3']",216,9
811_3LT001,2130.9424,49.66866,5220.014,['811_3LT001'],216,1,"['LQAV1A1' 'LQAV1B1' 'LQAV1D1' 'LQAV1A2' 'LQAV1B2' 'LQAV1D2' 'LQAV1A3'
 'LQAV1B3' 'LQAV1D3']",216,9
811_4LT001,1483.128,49.41401,3766.9822,['811_4LT001'],144,1,['GP1AOA1' 'GP1AOB1' 'GP1AOA2' 'GP1AOB2' 'GP1AOA3' 'GP1AOB3'],144,6
811_5LT001,2008.2177,47.87235,5390.37,['811_5LT001'],216,1,"['GP3OQA1' 'GP3OQB1' 'GP3OQD1' 'GP3OQA2' 'GP3OQB2' 'GP3OQD2' 'GP3OQA3'
 'GP3OQB3' 'GP3OQD3']",216,9
811_6LT001,932.96765,52.503464,2718.1372,['811_6LT001'],96,1,['QV3A9B1' 'QV3A9D1' 'QV3A9B2' 'QV3A9D2'],96,4
812_0LT001,1052.0292,48.23695,2647.55,['812_0LT001'],96,1,['QOAP1B1' 'QOAP1D1' 'QOAP1B2' 'QOAP1D2'],96,4
812_1LT001,2277.5288,48.802223,5482.328,['812_1LT001'],216,1,"['APOQGA1' 'APOQGB1' 'APOQGD1' 'APOQGA2' 'APOQGB2' 'APOQGD2' 'APOQGA3'
 'APOQGB3' 'APOQGD3']",216,9
812_2LT001,2383.74,49.930653,6039.2524,['812_2LT001'],240,1,"['A3GL1B1' 'A3GL1D1' 'A3GL1B2' 'A3GL1D2' 'A3GL1B3' 'A3GL1D3' 'A3GL1B4'
 'A3GL1D4' 'A3GL1B5' 'A3GL1D5']",240,10
812_3LT001,1472.3347,51.931396,3608.3105,['812_3LT001'],144,1,['LGAP9A1' 'LGAP9B1' 'LGAP9A2' 'LGAP9B2' 'LGAP9A3' 'LGAP9B3'],144,6
813_0LT001,2078.1042,49.45254,5145.3354,['813_0LT001'],216,1,"['AQLO1A1' 'AQLO1B1' 'AQLO1C1' 'AQLO1A2' 'AQLO1B2' 'AQLO1C2' 'AQLO1A3'
 'AQLO1B3' 'AQLO1C3']",216,9
813_1LT001,460.59738,43.54349,1280.5632,['813_1LT001'],48,1,['3P9AQB1' '3P9AQB2'],48,2
813_2LT001,935.63086,49.330326,2584.4055,['813_2LT001'],96,1,['91VG3B1' '91VG3D1' '91VG3B2' '91VG3D2'],96,4
813_3LT001,422.9716,42.21447,1058.5024,['813_3LT001'],48,1,['G91QLB1' 'G91QLB2'],48,2
814_0LT001,2216.3987,46.818474,5006.4453,['814_0LT001'],216,1,"['VPGQAA1' 'VPGQAB1' 'VPGQAD1' 'VPGQAA2' 'VPGQAB2' 'VPGQAD2' 'VPGQAA3'
 'VPGQAB3' 'VPGQAD3']",216,9
814_1LT001,2128.3792,51.09715,5528.038,['814_1LT001'],216,1,"['3V1OPA1' '3V1OPB1' '3V1OPD1' '3V1OPA2' '3V1OPB2' '3V1OPD2' '3V1OPA3'
 '3V1OPB3' '3V1OPD3']",216,9
814_2LT001,2307.1204,49.12192,5680.6763,['814_2LT001'],216,1,"['VOGQLA1' 'VOGQLB1' 'VOGQLD1' 'VOGQLA2' 'VOGQLB2' 'VOGQLD2' 'VOGQLA3'
 'VOGQLB3' 'VOGQLD3']",216,9
814_3LT001,470.5981,50.657032,1082.8362,['814_3LT001'],48,1,['VG9APB1' 'VG9APB2'],48,2
814_4LT001,466.018,53.290516,1135.6764,['814_4LT001'],48,1,['OAGP1B1' 'OAGP1B2'],48,2
815_0LT001,480.85492,46.15724,1193.7205,['815_0LT001'],48,1,['P1L3OB1' 'P1L3OB2'],48,2
815_1LT001,2091.3657,45.947906,5253.5273,['815_1LT001'],216,1,"['LA1V9A1' 'LA1V9B1' 'LA1V9C1' 'LA1V9A2' 'LA1V9B2' 'LA1V9C2' 'LA1V9A3'
 'LA1V9B3' 'LA1V9C3']",216,9
816_0LT001,2209.0476,46.71351,5155.901,['816_0LT001'],216,1,"['OVQL3A1' 'OVQL3B1' 'OVQL3C1' 'OVQL3A2' 'OVQL3B2' 'OVQL3C2' 'OVQL3A3'
 'OVQL3B3' 'OVQL3C3']",216,9
816_1LT001,2393.0127,53.50055,5818.4824,['816_1LT001'],240,1,"['P9VQGB1' 'P9VQGD1' 'P9VQGB2' 'P9VQGD2' 'P9VQGB3' 'P9VQGD3' 'P9VQGB4'
 'P9VQGD4' 'P9VQGB5' 'P9VQGD5']",240,10
816_2LT001,472.38928,44.693054,1138.1677,['816_2LT001'],48,1,['3LQGVB1' '3LQGVB2'],48,2
816_3LT001,493.00967,50.76201,1418.4998,['816_3LT001'],48,1,['LV1GPB1' 'LV1GPB2'],48,2
816_4LT001,474.7295,54.40848,1092.0756,['816_4LT001'],48,1,['G1QA3B1' 'G1QA3B2'],48,2
817_0LT001,2177.4124,53.659798,5151.5796,['817_0LT001'],216,1,"['OAQV1A1' 'OAQV1B1' 'OAQV1D1' 'OAQV1A2' 'OAQV1B2' 'OAQV1D2' 'OAQV1A3'
 'OAQV1B3' 'OAQV1D3']",216,9
817_1LT001,496.02563,58.247025,1152.0052,['817_1LT001'],48,1,['3LAGQB1' '3LAGQB2'],48,2
818_0LT001,2131.9717,51.123295,5797.683,['818_0LT001'],216,1,"['9GPA3A1' '9GPA3B1' '9GPA3D1' '9GPA3A2' '9GPA3B2' '9GPA3D2' '9GPA3A3'
 '9GPA3B3' '9GPA3D3']",216,9
818_1LT001,2365.6243,49.61407,5016.9663,['818_1LT001'],216,1,"['OAP3GA1' 'OAP3GB1' 'OAP3GD1' 'OAP3GA2' 'OAP3GB2' 'OAP3GD2' 'OAP3GA3'
 'OAP3GB3' 'OAP3GD3']",216,9
818_2LT001,1299.1326,52.575096,2768.776,['818_2LT001'],120,1,['O1LQ9B1' 'O1LQ9B2' 'O1LQ9B3' 'O1LQ9B4' 'O1LQ9B5'],120,5
818_3LT001,460.01233,44.28642,1209.7501,['818_3LT001'],48,1,['19POQB1' '19POQB2'],48,2
818_4LT001,2150.535,47.388817,5627.789,['818_4LT001'],216,1,"['P3OALA1' 'P3OALB1' 'P3OALD1' 'P3OALA2' 'P3OALB2' 'P3OALD2' 'P3OALA3'
 'P3OALB3' 'P3OALD3']",216,9
818_5LT001,900.5349,52.7585,2521.9568,['818_5LT001'],96,1,['1Q3APB1' '1Q3APD1' '1Q3APB2' '1Q3APD2'],96,4
819_0LT001,1494.2964,48.70783,3461.4385,['819_0LT001'],144,1,['LOAGVA1' 'LOAGVB1' 'LOAGVA2' 'LOAGVB2' 'LOAGVA3' 'LOAGVB3'],144,6
819_1LT001,2170.7256,50.99057,5506.2188,['819_1LT001'],216,1,"['L3VGQA1' 'L3VGQB1' 'L3VGQC1' 'L3VGQA2' 'L3VGQB2' 'L3VGQC2' 'L3VGQA3'
 'L3VGQB3' 'L3VGQC3']",216,9
819_2LT001,528.2667,55.594692,1108.1207,['819_2LT001'],48,1,['3OP1AB1' '3OP1AB2'],48,2
819_3LT001,2248.7803,53.03769,5558.042,['819_3LT001'],216,1,"['13APQA1' '13APQB1' '13APQD1' '13APQA2' '13APQB2' '13APQD2' '13APQA3'
 '13APQB3' '13APQD3']",216,9
820_0LT001,2021.8503,47.00127,5671.234,['820_0LT001'],216,1,"['L3VOPA1' 'L3VOPB1' 'L3VOPC1' 'L3VOPA2' 'L3VOPB2' 'L3VOPC2' 'L3VOPA3'
 'L3VOPB3' 'L3VOPC3']",216,9
820_1LT001,1416.2203,51.993908,3941.5588,['820_1LT001'],144,1,['GO1VLA1' 'GO1VLB1' 'GO1VLA2' 'GO1VLB2' 'GO1VLA3' 'GO1VLB3'],144,6
821_0LT001,2199.7256,50.49028,5611.3496,['821_0LT001'],216,1,"['Q91GPA1' 'Q91GPB1' 'Q91GPD1' 'Q91GPA2' 'Q91GPB2' 'Q91GPD2' 'Q91GPA3'
 'Q91GPB3' 'Q91GPD3']",216,9
821_1LT001,2204.084,48.445145,5396.7593,['821_1LT001'],216,1,"['91GVPA1' '91GVPB1' '91GVPD1' '91GVPA2' '91GVPB2' '91GVPD2' '91GVPA3'
 '91GVPB3' '91GVPD3']",216,9
821_2LT001,2084.781,51.19545,5140.912,['821_2LT001'],216,1,"['VO91QA1' 'VO91QB1' 'VO91QD1' 'VO91QA2' 'VO91QB2' 'VO91QD2' 'VO91QA3'
 'VO91QB3' 'VO91QD3']",216,9
822_0LT001,1368.2412,50.683933,3717.781,['822_0LT001'],144,1,['Q3OAPA1' 'Q3OAPB1' 'Q3OAPA2' 'Q3OAPB2' 'Q3OAPA3' 'Q3OAPB3'],144,6
822_1LT001,457.21127,51.39638,1182.2579,['822_1LT001'],48,1,['3O1PGB1' '3O1PGB2'],48,2
822_2LT001,2094.9822,50.867775,5280.806,['822_2LT001'],216,1,"['3VGAPA1' '3VGAPB1' '3VGAPD1' '3VGAPA2' '3VGAPB2' '3VGAPD2' '3VGAPA3'
 '3VGAPB3' '3VGAPD3']",216,9
822_3LT001,2201.3752,50.292725,5178.917,['822_3LT001'],216,1,"['QL1POA1' 'QL1POB1' 'QL1POD1' 'QL1POA2' 'QL1POB2' 'QL1POD2' 'QL1POA3'
 'QL1POB3' 'QL1POD3']",216,9
823_0LT001,2426.1958,49.772697,5781.022,['823_0LT001'],240,1,"['9ALQGB1' '9ALQGD1' '9ALQGB2' '9ALQGD2' '9ALQGB3' '9ALQGD3' '9ALQGB4'
 '9ALQGD4' '9ALQGB5' '9ALQGD5']",240,10
823_1LT001,2061.6526,48.96193,5359.5117,['823_1LT001'],216,1,"['LOPVQA1' 'LOPVQB1' 'LOPVQC1' 'LOPVQA2' 'LOPVQB2' 'LOPVQC2' 'LOPVQA3'
 'LOPVQB3' 'LOPVQC3']",216,9
823_2LT001,1239.168,50.300037,3224.0044,['823_2LT001'],120,1,['V9A1OB1' 'V9A1OB2' 'V9A1OB3' 'V9A1OB4' 'V9A1OB5'],120,5
824_0LT001,509.0873,47.490597,1129.1711,['824_0LT001'],48,1,['QV3LGB1' 'QV3LGB2'],48,2
824_1LT001,957.5425,51.25324,2512.7012,['824_1LT001'],96,1,['P3VO9B1' 'P3VO9D1' 'P3VO9B2' 'P3VO9D2'],96,4
824_2LT001,2249.5442,48.527752,5511.108,['824_2LT001'],216,1,"['O9QLVA1' 'O9QLVB1' 'O9QLVD1' 'O9QLVA2' 'O9QLVB2' 'O9QLVD2' 'O9QLVA3'
 'O9QLVB3' 'O9QLVD3']",216,9
825_0LT001,1979.75,47.99882,5341.4814,['825_0LT001'],216,1,"['VP9L1A1' 'VP9L1B1' 'VP9L1C1' 'VP9L1A2' 'VP9L1B2' 'VP9L1C2' 'VP9L1A3'
 'VP9L1B3' 'VP9L1C3']",216,9
825_1LT001,497.5766,43.54675,975.11395,['825_1LT001'],48,1,['9VOQLB1' '9VOQLB2'],48,2
825_2LT001,2121.945,50.5336,5328.4517,['825_2LT001'],216,1,"['ALPG9A1' 'ALPG9B1' 'ALPG9C1' 'ALPG9A2' 'ALPG9B2' 'ALPG9C2' 'ALPG9A3'
 'ALPG9B3' 'ALPG9C3']",216,9
826_0LT001,2171.1692,53.368504,5759.7817,['826_0LT001'],216,1,"['V3QO9A1' 'V3QO9B1' 'V3QO9C1' 'V3QO9A2' 'V3QO9B2' 'V3QO9C2' 'V3QO9A3'
 'V3QO9B3' 'V3QO9C3']",216,9
826_1LT001,942.9529,46.870716,2569.7942,['826_1LT001'],96,1,['3V9GQB1' '3V9GQD1' '3V9GQB2' '3V9GQD2'],96,4
827_0LT001,2202.3062,48.72792,5799.814,['827_0LT001'],216,1,"['OAVG3A1' 'OAVG3B1' 'OAVG3C1' 'OAVG3A2' 'OAVG3B2' 'OAVG3C2' 'OAVG3A3'
 'OAVG3B3' 'OAVG3C3']",216,9
827_1LT001,2095.3284,49.994637,5350.18,['827_1LT001'],216,1,"['19POLA1' '19POLB1' '19POLC1' '19POLA2' '19POLB2' '19POLC2' '19POLA3'
 '19POLB3' '19POLC3']",216,9
827_2LT001,2127.5083,51.758896,5521.1553,['827_2LT001'],216,1,"['GL39AA1' 'GL39AB1' 'GL39AC1' 'GL39AA2' 'GL39AB2' 'GL39AC2' 'GL39AA3'
 'GL39AB3' 'GL39AC3']",216,9
828_0LT001,2062.1592,48.18221,5372.675,['828_0LT001'],216,1,"['G1VP3A1' 'G1VP3B1' 'G1VP3D1' 'G1VP3A2' 'G1VP3B2' 'G1VP3D2' 'G1VP3A3'
 'G1VP3B3' 'G1VP3D3']",216,9
828_1LT001,465.84753,46.11479,1318.2948,['828_1LT001'],48,1,['LAVGPB1' 'LAVGPB2'],48,2
828_2LT001,2192.1997,50.39431,5258.741,['828_2LT001'],216,1,"['QLG13A1' 'QLG13B1' 'QLG13C1' 'QLG13A2' 'QLG13B2' 'QLG13C2' 'QLG13A3'
 'QLG13B3' 'QLG13C3']",216,9
829_0LT001,900.3861,53.421124,2487.5122,['829_0LT001'],96,1,['9O1LQB1' '9O1LQD1' '9O1LQB2' '9O1LQD2'],96,4
829_1LT001,2125.845,54.08724,5398.9795,['829_1LT001'],216,1,"['A9QL1A1' 'A9QL1B1' 'A9QL1D1' 'A9QL1A2' 'A9QL1B2' 'A9QL1D2' 'A9QL1A3'
 'A9QL1B3' 'A9QL1D3']",216,9
829_2LT001,996.3825,48.731052,2339.9526,['829_2LT001'],96,1,['GQPV9B1' 'GQPV9D1' 'GQPV9B2' 'GQPV9D2'],96,4
829_3LT001,964.6173,49.034103,2281.4485,['829_3LT001'],96,1,['LPO1QB1' 'LPO1QD1' 'LPO1QB2' 'LPO1QD2'],96,4
830_0LT001,2271.577,54.413837,5554.246,['830_0LT001'],216,1,"['31V9LA1' '31V9LB1' '31V9LC1' '31V9LA2' '31V9LB2' '31V9LC2' '31V9LA3'
 '31V9LB3' '31V9LC3']",216,9
830_1LT001,985.11444,56.83724,2338.5908,['830_1LT001'],96,1,['19PL3B1' '19PL3D1' '19PL3B2' '19PL3D2'],96,4
830_2LT001,2243.9583,50.45071,5489.9614,['830_2LT001'],216,1,"['G91V3A1' 'G91V3B1' 'G91V3D1' 'G91V3A2' 'G91V3B2' 'G91V3D2' 'G91V3A3'
 'G91V3B3' 'G91V3D3']",216,9
830_3LT001,993.98224,54.179523,2548.873,['830_3LT001'],96,1,['VA31QB1' 'VA31QD1' 'VA31QB2' 'VA31QD2'],96,4
831_0LT001,2121.6755,48.072468,4962.006,['831_0LT001'],216,1,"['O13VLA1' 'O13VLB1' 'O13VLD1' 'O13VLA2' 'O13VLB2' 'O13VLD2' 'O13VLA3'
 'O13VLB3' 'O13VLD3']",216,9
831_1LT001,2128.3413,51.72029,5193.173,['831_1LT001'],216,1,"['91L3VA1' '91L3VB1' '91L3VC1' '91L3VA2' '91L3VB2' '91L3VC2' '91L3VA3'
 '91L3VB3' '91L3VC3']",216,9
831_2LT001,1492.0769,51.74478,3297.3384,['831_2LT001'],144,1,['P1GLVA1' 'P1GLVB1' 'P1GLVA2' 'P1GLVB2' 'P1GLVA3' 'P1GLVB3'],144,6
832_0LT001,2183.492,49.345768,5402.8237,['832_0LT001'],216,1,"['QG9OLA1' 'QG9OLB1' 'QG9OLC1' 'QG9OLA2' 'QG9OLB2' 'QG9OLC2' 'QG9OLA3'
 'QG9OLB3' 'QG9OLC3']",216,9
832_1LT001,2137.265,50.84803,5160.6987,['832_1LT001'],216,1,"['93L1QA1' '93L1QB1' '93L1QC1' '93L1QA2' '93L1QB2' '93L1QC2' '93L1QA3'
 '93L1QB3' '93L1QC3']",216,9
832_2LT001,483.77142,56.06683,1168.4385,['832_2LT001'],48,1,['QG3OLB1' 'QG3OLB2'],48,2
833_0LT001,2158.5718,51.333183,5017.0293,['833_0LT001'],216,1,"['V9GL1A1' 'V9GL1B1' 'V9GL1D1' 'V9GL1A2' 'V9GL1B2' 'V9GL1D2' 'V9GL1A3'
 'V9GL1B3' 'V9GL1D3']",216,9
833_1LT001,1459.5111,52.37021,3682.1138,['833_1LT001'],144,1,['3A9POA1' '3A9POB1' '3A9POA2' '3A9POB2' '3A9POA3' '3A9POB3'],144,6
833_2LT001,959.0745,48.633823,2376.827,['833_2LT001'],96,1,['13LOVB1' '13LOVD1' '13LOVB2' '13LOVD2'],96,4
834_0LT001,2158.7856,50.08484,5238.399,['834_0LT001'],216,1,"['AL1OVA1' 'AL1OVB1' 'AL1OVD1' 'AL1OVA2' 'AL1OVB2' 'AL1OVD2' 'AL1OVA3'
 'AL1OVB3' 'AL1OVD3']",216,9
834_1LT001,1906.6636,51.873558,5084.269,['834_1LT001'],216,1,"['L93O1A1' 'L93O1B1' 'L93O1D1' 'L93O1A2' 'L93O1B2' 'L93O1D2' 'L93O1A3'
 'L93O1B3' 'L93O1D3']",216,9
834_2LT001,2341.7798,48.11843,6090.031,['834_2LT001'],216,1,"['PAOGQA1' 'PAOGQB1' 'PAOGQC1' 'PAOGQA2' 'PAOGQB2' 'PAOGQC2' 'PAOGQA3'
 'PAOGQB3' 'PAOGQC3']",216,9
834_3LT001,1352.2195,53.253365,3769.6548,['834_3LT001'],144,1,['1A9VOA1' '1A9VOB1' '1A9VOA2' '1A9VOB2' '1A9VOA3' '1A9VOB3'],144,6
834_4LT001,2121.858,46.075775,5294.46,['834_4LT001'],216,1,"['Q1ALPA1' 'Q1ALPB1' 'Q1ALPC1' 'Q1ALPA2' 'Q1ALPB2' 'Q1ALPC2' 'Q1ALPA3'
 'Q1ALPB3' 'Q1ALPC3']",216,9
835_0LT001,2301.486,51.33001,5176.295,['835_0LT001'],216,1,"['AG3O1A1' 'AG3O1B1' 'AG3O1D1' 'AG3O1A2' 'AG3O1B2' 'AG3O1D2' 'AG3O1A3'
 'AG3O1B3' 'AG3O1D3']",216,9
835_1LT001,2268.1882,51.81142,5208.4463,['835_1LT001'],216,1,"['OQGA3A1' 'OQGA3B1' 'OQGA3C1' 'OQGA3A2' 'OQGA3B2' 'OQGA3C2' 'OQGA3A3'
 'OQGA3B3' 'OQGA3C3']",216,9
835_2LT001,2249.372,52.22889,5339.967,['835_2LT001'],216,1,"['QOGV9A1' 'QOGV9B1' 'QOGV9D1' 'QOGV9A2' 'QOGV9B2' 'QOGV9D2' 'QOGV9A3'
 'QOGV9B3' 'QOGV9D3']",216,9
835_3LT001,1441.4036,47.57123,3283.9224,['835_3LT001'],144,1,['9QLOPA1' '9QLOPB1' '9QLOPA2' '9QLOPB2' '9QLOPA3' '9QLOPB3'],144,6
835_4LT001,2199.121,47.266323,5466.3647,['835_4LT001'],216,1,"['APV3GA1' 'APV3GB1' 'APV3GD1' 'APV3GA2' 'APV3GB2' 'APV3GD2' 'APV3GA3'
 'APV3GB3' 'APV3GD3']",216,9
835_5LT001,2113.4773,46.54396,5413.219,['835_5LT001'],216,1,"['OVG93A1' 'OVG93B1' 'OVG93D1' 'OVG93A2' 'OVG93B2' 'OVG93D2' 'OVG93A3'
 'OVG93B3' 'OVG93D3']",216,9
835_6LT001,2111.8564,51.82284,5268.2725,['835_6LT001'],216,1,"['AQO3VA1' 'AQO3VB1' 'AQO3VD1' 'AQO3VA2' 'AQO3VB2' 'AQO3VD2' 'AQO3VA3'
 'AQO3VB3' 'AQO3VD3']",216,9
836_0LT001,2236.1487,50.413326,5577.111,['836_0LT001'],216,1,"['PL1G3A1' 'PL1G3B1' 'PL1G3C1' 'PL1G3A2' 'PL1G3B2' 'PL1G3C2' 'PL1G3A3'
 'PL1G3B3' 'PL1G3C3']",216,9
836_1LT001,2121.3806,51.916405,5402.8403,['836_1LT001'],216,1,"['A1PVOA1' 'A1PVOB1' 'A1PVOD1' 'A1PVOA2' 'A1PVOB2' 'A1PVOD2' 'A1PVOA3'
 'A1PVOB3' 'A1PVOD3']",216,9
836_2LT001,442.2166,42.963757,1189.6522,['836_2LT001'],48,1,['P1A3GB1' 'P1A3GB2'],48,2
836_3LT001,2336.761,48.480476,5751.932,['836_3LT001'],240,1,"['POVGLB1' 'POVGLD1' 'POVGLB2' 'POVGLD2' 'POVGLB3' 'POVGLD3' 'POVGLB4'
 'POVGLD4' 'POVGLB5' 'POVGLD5']",240,10
837_0LT001,1341.4291,52.514618,3845.132,['837_0LT001'],144,1,['V9GLPA1' 'V9GLPB1' 'V9GLPA2' 'V9GLPB2' 'V9GLPA3' 'V9GLPB3'],144,6
837_1LT001,1337.4557,50.473553,3379.774,['837_1LT001'],144,1,['QL19PA1' 'QL19PB1' 'QL19PA2' 'QL19PB2' 'QL19PA3' 'QL19PB3'],144,6
838_0LT001,451.03937,58.239136,1204.8986,['838_0LT001'],48,1,['P91VQB1' 'P91VQB2'],48,2
838_1LT001,1417.5952,49.01792,3498.564,['838_1LT001'],144,1,['1PLG3A1' '1PLG3B1' '1PLG3A2' '1PLG3B2' '1PLG3A3' '1PLG3B3'],144,6
838_2LT001,2169.5322,51.48862,5432.6484,['838_2LT001'],216,1,"['OP3Q1A1' 'OP3Q1B1' 'OP3Q1C1' 'OP3Q1A2' 'OP3Q1B2' 'OP3Q1C2' 'OP3Q1A3'
 'OP3Q1B3' 'OP3Q1C3']",216,9
839_0LT001,514.5685,51.946774,1251.606,['839_0LT001'],48,1,['1A39PB1' '1A39PB2'],48,2
839_1LT001,2330.2388,48.359745,5428.86,['839_1LT001'],216,1,"['QOPVGA1' 'QOPVGB1' 'QOPVGD1' 'QOPVGA2' 'QOPVGB2' 'QOPVGD2' 'QOPVGA3'
 'QOPVGB3' 'QOPVGD3']",216,9
840_0LT001,2125.255,48.116203,5527.633,['840_0LT001'],216,1,"['Q1GOLA1' 'Q1GOLB1' 'Q1GOLC1' 'Q1GOLA2' 'Q1GOLB2' 'Q1GOLC2' 'Q1GOLA3'
 'Q1GOLB3' 'Q1GOLC3']",216,9
840_1LT001,2055.7693,50.643143,5145.147,['840_1LT001'],216,1,"['OLVGQA1' 'OLVGQB1' 'OLVGQD1' 'OLVGQA2' 'OLVGQB2' 'OLVGQD2' 'OLVGQA3'
 'OLVGQB3' 'OLVGQD3']",216,9
841_0LT001,469.78815,50.781292,1365.0004,['841_0LT001'],48,1,['9PQVGB1' '9PQVGB2'],48,2
841_1LT001,2201.2852,47.51536,5417.747,['841_1LT001'],216,1,"['9GQO1A1' '9GQO1B1' '9GQO1C1' '9GQO1A2' '9GQO1B2' '9GQO1C2' '9GQO1A3'
 '9GQO1B3' '9GQO1C3']",216,9
841_2LT001,2072.385,52.21807,5292.53,['841_2LT001'],216,1,"['LOGQPA1' 'LOGQPB1' 'LOGQPD1' 'LOGQPA2' 'LOGQPB2' 'LOGQPD2' 'LOGQPA3'
 'LOGQPB3' 'LOGQPD3']",216,9
841_3LT001,1469.491,46.822746,3637.5273,['841_3LT001'],144,1,['GP1QOA1' 'GP1QOB1' 'GP1QOA2' 'GP1QOB2' 'GP1QOA3' 'GP1QOB3'],144,6
842_0LT001,1388.5336,49.499523,3760.966,['842_0LT001'],144,1,['AVOL1A1' 'AVOL1B1' 'AVOL1A2' 'AVOL1B2' 'AVOL1A3' 'AVOL1B3'],144,6
842_1LT001,2246.4678,52.473118,6251.2227,['842_1LT001'],240,1,"['G9V3AB1' 'G9V3AC1' 'G9V3AB2' 'G9V3AC2' 'G9V3AB3' 'G9V3AC3' 'G9V3AB4'
 'G9V3AC4' 'G9V3AB5' 'G9V3AC5']",240,10
843_0LT001,2244.2954,49.4996,5171.0967,['843_0LT001'],216,1,"['Q3L9VA1' 'Q3L9VB1' 'Q3L9VD1' 'Q3L9VA2' 'Q3L9VB2' 'Q3L9VD2' 'Q3L9VA3'
 'Q3L9VB3' 'Q3L9VD3']",216,9
843_1LT001,2143.828,47.838017,5507.174,['843_1LT001'],216,1,"['OL13PA1' 'OL13PB1' 'OL13PC1' 'OL13PA2' 'OL13PB2' 'OL13PC2' 'OL13PA3'
 'OL13PB3' 'OL13PC3']",216,9
844_0LT001,1425.6947,53.976276,3333.55,['844_0LT001'],144,1,['LAGQ3A1' 'LAGQ3B1' 'LAGQ3A2' 'LAGQ3B2' 'LAGQ3A3' 'LAGQ3B3'],144,6
844_1LT001,981.92664,46.330643,2442.9998,['844_1LT001'],96,1,['9QLV3B1' '9QLV3D1' '9QLV3B2' '9QLV3D2'],96,4
844_2LT001,2153.822,47.913704,5286.729,['844_2LT001'],216,1,"['91G3OA1' '91G3OB1' '91G3OD1' '91G3OA2' '91G3OB2' '91G3OD2' '91G3OA3'
 '91G3OB3' '91G3OD3']",216,9
844_3LT001,1503.6084,52.720116,3639.44,['844_3LT001'],144,1,['39PAQA1' '39PAQB1' '39PAQA2' '39PAQB2' '39PAQA3' '39PAQB3'],144,6
845_0LT001,2402.662,45.056835,5228.366,['845_0LT001'],216,1,"['1G9VAA1' '1G9VAB1' '1G9VAD1' '1G9VAA2' '1G9VAB2' '1G9VAD2' '1G9VAA3'
 '1G9VAB3' '1G9VAD3']",216,9
845_1LT001,1494.2571,45.28521,3632.1128,['845_1LT001'],144,1,['AVO39A1' 'AVO39B1' 'AVO39A2' 'AVO39B2' 'AVO39A3' 'AVO39B3'],144,6
845_2LT001,1313.4889,50.755444,3405.759,['845_2LT001'],144,1,['OG9V1A1' 'OG9V1B1' 'OG9V1A2' 'OG9V1B2' 'OG9V1A3' 'OG9V1B3'],144,6
846_0LT001,2178.6775,47.385838,5351.7593,['846_0LT001'],216,1,"['3Q9AGA1' '3Q9AGB1' '3Q9AGC1' '3Q9AGA2' '3Q9AGB2' '3Q9AGC2' '3Q9AGA3'
 '3Q9AGB3' '3Q9AGC3']",216,9
846_1LT001,1990.72,50.750473,5257.886,['846_1LT001'],216,1,"['3L1A9A1' '3L1A9B1' '3L1A9D1' '3L1A9A2' '3L1A9B2' '3L1A9D2' '3L1A9A3'
 '3L1A9B3' '3L1A9D3']",216,9
847_0LT001,2211.8784,47.421867,5174.8545,['847_0LT001'],216,1,"['PLQVGA1' 'PLQVGB1' 'PLQVGC1' 'PLQVGA2' 'PLQVGB2' 'PLQVGC2' 'PLQVGA3'
 'PLQVGB3' 'PLQVGC3']",216,9
847_1LT001,2069.8757,47.289993,5540.489,['847_1LT001'],216,1,"['VGLQAA1' 'VGLQAB1' 'VGLQAD1' 'VGLQAA2' 'VGLQAB2' 'VGLQAD2' 'VGLQAA3'
 'VGLQAB3' 'VGLQAD3']",216,9
847_2LT001,942.1044,53.140827,2408.411,['847_2LT001'],96,1,['P9VLAB1' 'P9VLAD1' 'P9VLAB2' 'P9VLAD2'],96,4
847_3LT001,1254.8368,48.899628,3675.183,['847_3LT001'],144,1,['P3VAOA1' 'P3VAOB1' 'P3VAOA2' 'P3VAOB2' 'P3VAOA3' 'P3VAOB3'],144,6
847_4LT001,2182.478,52.448883,5158.768,['847_4LT001'],216,1,"['PG391A1' 'PG391B1' 'PG391D1' 'PG391A2' 'PG391B2' 'PG391D2' 'PG391A3'
 'PG391B3' 'PG391D3']",216,9
848_0LT001,2140.7021,49.30777,5421.221,['848_0LT001'],216,1,"['VGQ31A1' 'VGQ31B1' 'VGQ31D1' 'VGQ31A2' 'VGQ31B2' 'VGQ31D2' 'VGQ31A3'
 'VGQ31B3' 'VGQ31D3']",216,9
848_1LT001,2068.9053,49.522446,5358.809,['848_1LT001'],216,1,"['QPO3LA1' 'QPO3LB1' 'QPO3LC1' 'QPO3LA2' 'QPO3LB2' 'QPO3LC2' 'QPO3LA3'
 'QPO3LB3' 'QPO3LC3']",216,9
849_0LT001,474.26828,53.25311,1164.4211,['849_0LT001'],48,1,['QP39VB1' 'QP39VB2'],48,2
849_1LT001,2045.122,52.912663,5389.623,['849_1LT001'],216,1,"['3ALQ9A1' '3ALQ9B1' '3ALQ9D1' '3ALQ9A2' '3ALQ9B2' '3ALQ9D2' '3ALQ9A3'
 '3ALQ9B3' '3ALQ9D3']",216,9
850_0LT001,2189.1785,44.689938,5507.942,['850_0LT001'],216,1,"['1GQL9A1' '1GQL9B1' '1GQL9C1' '1GQL9A2' '1GQL9B2' '1GQL9C2' '1GQL9A3'
 '1GQL9B3' '1GQL9C3']",216,9
850_1LT001,1417.4962,46.385216,3656.9941,['850_1LT001'],144,1,['PA319A1' 'PA319B1' 'PA319A2' 'PA319B2' 'PA319A3' 'PA319B3'],144,6
850_2LT001,1986.5322,51.7594,5461.9224,['850_2LT001'],216,1,"['PQV3AA1' 'PQV3AB1' 'PQV3AD1' 'PQV3AA2' 'PQV3AB2' 'PQV3AD2' 'PQV3AA3'
 'PQV3AB3' 'PQV3AD3']",216,9
851_0LT001,485.45343,43.240005,1280.239,['851_0LT001'],48,1,['L9VO1B1' 'L9VO1B2'],48,2
851_1LT001,1960.3842,51.288544,5738.783,['851_1LT001'],216,1,"['OGQ9LA1' 'OGQ9LB1' 'OGQ9LD1' 'OGQ9LA2' 'OGQ9LB2' 'OGQ9LD2' 'OGQ9LA3'
 'OGQ9LB3' 'OGQ9LD3']",216,9
851_2LT001,1457.6049,45.5568,3843.7385,['851_2LT001'],144,1,['1APGOA1' '1APGOB1' '1APGOA2' '1APGOB2' '1APGOA3' '1APGOB3'],144,6
851_3LT001,2172.8806,51.66832,5335.1313,['851_3LT001'],216,1,"['AG9OLA1' 'AG9OLB1' 'AG9OLD1' 'AG9OLA2' 'AG9OLB2' 'AG9OLD2' 'AG9OLA3'
 'AG9OLB3' 'AG9OLD3']",216,9
852_0LT001,2137.658,51.707993,5460.5444,['852_0LT001'],216,1,"['AOPG9A1' 'AOPG9B1' 'AOPG9D1' 'AOPG9A2' 'AOPG9B2' 'AOPG9D2' 'AOPG9A3'
 'AOPG9B3' 'AOPG9D3']",216,9
852_1LT001,929.8346,46.446735,2453.5576,['852_1LT001'],96,1,['QV39OB1' 'QV39OD1' 'QV39OB2' 'QV39OD2'],96,4
853_0LT001,2141.4622,47.810295,5370.69,['853_0LT001'],216,1,"['LGV1PA1' 'LGV1PB1' 'LGV1PD1' 'LGV1PA2' 'LGV1PB2' 'LGV1PD2' 'LGV1PA3'
 'LGV1PB3' 'LGV1PD3']",216,9
853_1LT001,2179.7856,51.89841,5572.9785,['853_1LT001'],216,1,"['GOP9QA1' 'GOP9QB1' 'GOP9QD1' 'GOP9QA2' 'GOP9QB2' 'GOP9QD2' 'GOP9QA3'
 'GOP9QB3' 'GOP9QD3']",216,9
853_2LT001,439.12405,52.584595,1252.5453,['853_2LT001'],48,1,['AOP9GB1' 'AOP9GB2'],48,2
853_3LT001,2140.4895,48.190693,5630.775,['853_3LT001'],216,1,"['31A9QA1' '31A9QB1' '31A9QD1' '31A9QA2' '31A9QB2' '31A9QD2' '31A9QA3'
 '31A9QB3' '31A9QD3']",216,9
854_0LT001,977.5052,58.87921,2132.2825,['854_0LT001'],96,1,['PGVL3B1' 'PGVL3D1' 'PGVL3B2' 'PGVL3D2'],96,4
854_1LT001,2472.09,48.886723,6099.2896,['854_1LT001'],240,1,"['V1PG3B1' 'V1PG3D1' 'V1PG3B2' 'V1PG3D2' 'V1PG3B3' 'V1PG3D3' 'V1PG3B4'
 'V1PG3D4' 'V1PG3B5' 'V1PG3D5']",240,10
854_2LT001,2224.1362,52.662827,5427.4214,['854_2LT001'],216,1,"['V93GQA1' 'V93GQB1' 'V93GQD1' 'V93GQA2' 'V93GQB2' 'V93GQD2' 'V93GQA3'
 'V93GQB3' 'V93GQD3']",216,9
854_3LT001,2126.7244,48.847836,5539.7817,['854_3LT001'],216,1,"['V9OL3A1' 'V9OL3B1' 'V9OL3D1' 'V9OL3A2' 'V9OL3B2' 'V9OL3D2' 'V9OL3A3'
 'V9OL3B3' 'V9OL3D3']",216,9
855_0LT001,933.084,50.26533,2684.2546,['855_0LT001'],96,1,['3QOLGB1' '3QOLGD1' '3QOLGB2' '3QOLGD2'],96,4
855_1LT001,2246.721,52.052948,5418.7866,['855_1LT001'],216,1,"['Q3PLGA1' 'Q3PLGB1' 'Q3PLGD1' 'Q3PLGA2' 'Q3PLGB2' 'Q3PLGD2' 'Q3PLGA3'
 'Q3PLGB3' 'Q3PLGD3']",216,9
855_2LT001,2054.1926,50.13781,5251.3716,['855_2LT001'],216,1,"['PQO9GA1' 'PQO9GB1' 'PQO9GD1' 'PQO9GA2' 'PQO9GB2' 'PQO9GD2' 'PQO9GA3'
 'PQO9GB3' 'PQO9GD3']",216,9
855_3LT001,939.14136,52.804585,2361.901,['855_3LT001'],96,1,['LPG31B1' 'LPG31D1' 'LPG31B2' 'LPG31D2'],96,4
856_0LT001,2214.3503,44.905933,5234.269,['856_0LT001'],216,1,"['QLOA3A1' 'QLOA3B1' 'QLOA3C1' 'QLOA3A2' 'QLOA3B2' 'QLOA3C2' 'QLOA3A3'
 'QLOA3B3' 'QLOA3C3']",216,9
856_1LT001,2060.3376,46.53814,5089.1606,['856_1LT001'],216,1,"['A3Q1GA1' 'A3Q1GB1' 'A3Q1GD1' 'A3Q1GA2' 'A3Q1GB2' 'A3Q1GD2' 'A3Q1GA3'
 'A3Q1GB3' 'A3Q1GD3']",216,9
857_0LT001,1534.3353,46.811043,3588.6936,['857_0LT001'],144,1,['VLP39A1' 'VLP39B1' 'VLP39A2' 'VLP39B2' 'VLP39A3' 'VLP39B3'],144,6
857_1LT001,2070.4397,51.64854,5664.0996,['857_1LT001'],216,1,"['O1V9PA1' 'O1V9PB1' 'O1V9PD1' 'O1V9PA2' 'O1V9PB2' 'O1V9PD2' 'O1V9PA3'
 'O1V9PB3' 'O1V9PD3']",216,9
857_2LT001,2270.5166,50.503517,5892.6836,['857_2LT001'],240,1,"['AG9O1B1' 'AG9O1D1' 'AG9O1B2' 'AG9O1D2' 'AG9O1B3' 'AG9O1D3' 'AG9O1B4'
 'AG9O1D4' 'AG9O1B5' 'AG9O1D5']",240,10
857_3LT001,2171.4724,49.054466,5141.7744,['857_3LT001'],216,1,"['G91ALA1' 'G91ALB1' 'G91ALD1' 'G91ALA2' 'G91ALB2' 'G91ALD2' 'G91ALA3'
 'G91ALB3' 'G91ALD3']",216,9
857_4LT001,2102.1604,49.978645,5263.6885,['857_4LT001'],216,1,"['P1Q9VA1' 'P1Q9VB1' 'P1Q9VC1' 'P1Q9VA2' 'P1Q9VB2' 'P1Q9VC2' 'P1Q9VA3'
 'P1Q9VB3' 'P1Q9VC3']",216,9
857_5LT001,2180.9805,50.54441,5261.997,['857_5LT001'],216,1,"['PLQOVA1' 'PLQOVB1' 'PLQOVC1' 'PLQOVA2' 'PLQOVB2' 'PLQOVC2' 'PLQOVA3'
 'PLQOVB3' 'PLQOVC3']",216,9
857_6LT001,1565.2769,48.670723,3505.2043,['857_6LT001'],144,1,['ALVO1A1' 'ALVO1B1' 'ALVO1A2' 'ALVO1B2' 'ALVO1A3' 'ALVO1B3'],144,6
858_0LT001,1466.3451,48.623642,3584.7842,['858_0LT001'],144,1,['19VOPA1' '19VOPB1' '19VOPA2' '19VOPB2' '19VOPA3' '19VOPB3'],144,6
858_1LT001,518.7669,52.940105,1193.6392,['858_1LT001'],48,1,['1AG3VB1' '1AG3VB2'],48,2
859_0LT001,2250.9973,48.626534,5167.6772,['859_0LT001'],216,1,"['A1QGLA1' 'A1QGLB1' 'A1QGLD1' 'A1QGLA2' 'A1QGLB2' 'A1QGLD2' 'A1QGLA3'
 'A1QGLB3' 'A1QGLD3']",216,9
859_1LT001,2246.7253,50.86509,5208.136,['859_1LT001'],216,1,"['LVPO3A1' 'LVPO3B1' 'LVPO3D1' 'LVPO3A2' 'LVPO3B2' 'LVPO3D2' 'LVPO3A3'
 'LVPO3B3' 'LVPO3D3']",216,9
860_0LT001,2177.877,47.778027,5397.6235,['860_0LT001'],216,1,"['G31QOA1' 'G31QOB1' 'G31QOD1' 'G31QOA2' 'G31QOB2' 'G31QOD2' 'G31QOA3'
 'G31QOB3' 'G31QOD3']",216,9
860_1LT001,2236.3743,49.541306,5641.705,['860_1LT001'],216,1,"['QL9A1A1' 'QL9A1B1' 'QL9A1D1' 'QL9A1A2' 'QL9A1B2' 'QL9A1D2' 'QL9A1A3'
 'QL9A1B3' 'QL9A1D3']",216,9
860_2LT001,1228.5387,49.529156,2852.307,['860_2LT001'],120,1,['OQA1VB1' 'OQA1VB2' 'OQA1VB3' 'OQA1VB4' 'OQA1VB5'],120,5
860_3LT001,2104.3625,51.654762,5324.656,['860_3LT001'],216,1,"['GPVL9A1' 'GPVL9B1' 'GPVL9D1' 'GPVL9A2' 'GPVL9B2' 'GPVL9D2' 'GPVL9A3'
 'GPVL9B3' 'GPVL9D3']",216,9
861_0LT001,2288.0217,52.81904,5161.78,['861_0LT001'],216,1,"['19G3LA1' '19G3LB1' '19G3LD1' '19G3LA2' '19G3LB2' '19G3LD2' '19G3LA3'
 '19G3LB3' '19G3LD3']",216,9
861_1LT001,2075.634,48.90421,5606.264,['861_1LT001'],216,1,"['AQGPOA1' 'AQGPOB1' 'AQGPOC1' 'AQGPOA2' 'AQGPOB2' 'AQGPOC2' 'AQGPOA3'
 'AQGPOB3' 'AQGPOC3']",216,9
861_2LT001,459.97607,45.541164,1123.5541,['861_2LT001'],48,1,['GVA3OB1' 'GVA3OB2'],48,2
861_3LT001,547.7908,48.97476,1161.8143,['861_3LT001'],48,1,['9P3GAB1' '9P3GAB2'],48,2
862_0LT001,1981.0297,46.72781,5528.4473,['862_0LT001'],216,1,"['L1PVQA1' 'L1PVQB1' 'L1PVQD1' 'L1PVQA2' 'L1PVQB2' 'L1PVQD2' 'L1PVQA3'
 'L1PVQB3' 'L1PVQD3']",216,9
862_1LT001,2067.5803,46.61337,5280.279,['862_1LT001'],216,1,"['AP9V1A1' 'AP9V1B1' 'AP9V1D1' 'AP9V1A2' 'AP9V1B2' 'AP9V1D2' 'AP9V1A3'
 'AP9V1B3' 'AP9V1D3']",216,9
863_0LT001,1434.5247,49.461723,3527.557,['863_0LT001'],144,1,['93VL1A1' '93VL1B1' '93VL1A2' '93VL1B2' '93VL1A3' '93VL1B3'],144,6
863_1LT001,2164.3047,50.645023,5240.6973,['863_1LT001'],216,1,"['V3PO1A1' 'V3PO1B1' 'V3PO1D1' 'V3PO1A2' 'V3PO1B2' 'V3PO1D2' 'V3PO1A3'
 'V3PO1B3' 'V3PO1D3']",216,9
863_2LT001,904.3409,46.125187,2250.1694,['863_2LT001'],96,1,['PO3GLB1' 'PO3GLD1' 'PO3GLB2' 'PO3GLD2'],96,4
864_0LT001,531.09644,45.114048,1157.9203,['864_0LT001'],48,1,['OVL1AB1' 'OVL1AB2'],48,2
864_1LT001,2252.8374,50.69302,5542.502,['864_1LT001'],216,1,"['1Q39OA1' '1Q39OB1' '1Q39OD1' '1Q39OA2' '1Q39OB2' '1Q39OD2' '1Q39OA3'
 '1Q39OB3' '1Q39OD3']",216,9
865_0LT001,2264.4778,51.588207,5047.759,['865_0LT001'],216,1,"['LA1PGA1' 'LA1PGB1' 'LA1PGD1' 'LA1PGA2' 'LA1PGB2' 'LA1PGD2' 'LA1PGA3'
 'LA1PGB3' 'LA1PGD3']",216,9
865_1LT001,2085.898,53.83657,5447.7065,['865_1LT001'],216,1,"['A1GPOA1' 'A1GPOB1' 'A1GPOD1' 'A1GPOA2' 'A1GPOB2' 'A1GPOD2' 'A1GPOA3'
 'A1GPOB3' 'A1GPOD3']",216,9
865_2LT001,486.5046,54.558445,1325.399,['865_2LT001'],48,1,['O3LVPB1' 'O3LVPB2'],48,2
865_3LT001,2657.054,45.975666,5922.3687,['865_3LT001'],240,1,"['3GV1LB1' '3GV1LD1' '3GV1LB2' '3GV1LD2' '3GV1LB3' '3GV1LD3' '3GV1LB4'
 '3GV1LD4' '3GV1LB5' '3GV1LD5']",240,10
866_0LT001,1368.7373,53.74688,3808.3313,['866_0LT001'],144,1,['1LOG3A1' '1LOG3B1' '1LOG3A2' '1LOG3B2' '1LOG3A3' '1LOG3B3'],144,6
866_1LT001,475.25323,55.93704,1312.6361,['866_1LT001'],48,1,['O9PGLB1' 'O9PGLB2'],48,2
867_0LT001,951.0479,54.26385,2477.1606,['867_0LT001'],96,1,['V3L9GB1' 'V3L9GD1' 'V3L9GB2' 'V3L9GD2'],96,4
867_1LT001,1361.3323,53.762573,3671.0964,['867_1LT001'],144,1,['G3QLAA1' 'G3QLAB1' 'G3QLAA2' 'G3QLAB2' 'G3QLAA3' 'G3QLAB3'],144,6
867_2LT001,394.6079,45.63834,1249.8813,['867_2LT001'],48,1,['QG9OAB1' 'QG9OAB2'],48,2
867_3LT001,2108.9714,48.563183,5405.846,['867_3LT001'],216,1,"['GVAP3A1' 'GVAP3B1' 'GVAP3D1' 'GVAP3A2' 'GVAP3B2' 'GVAP3D2' 'GVAP3A3'
 'GVAP3B3' 'GVAP3D3']",216,9
868_0LT001,2207.982,47.120308,5385.977,['868_0LT001'],216,1,"['Q9A1PA1' 'Q9A1PB1' 'Q9A1PD1' 'Q9A1PA2' 'Q9A1PB2' 'Q9A1PD2' 'Q9A1PA3'
 'Q9A1PB3' 'Q9A1PD3']",216,9
868_1LT001,2199.255,48.909683,5272.448,['868_1LT001'],216,1,"['1OGAQA1' '1OGAQB1' '1OGAQC1' '1OGAQA2' '1OGAQB2' '1OGAQC2' '1OGAQA3'
 '1OGAQB3' '1OGAQC3']",216,9
868_2LT001,2149.7422,50.213215,5610.913,['868_2LT001'],216,1,"['31G9LA1' '31G9LB1' '31G9LC1' '31G9LA2' '31G9LB2' '31G9LC2' '31G9LA3'
 '31G9LB3' '31G9LC3']",216,9
869_0LT001,510.27847,46.51859,1104.0514,['869_0LT001'],48,1,['V1PA9B1' 'V1PA9B2'],48,2
869_1LT001,2254.1309,46.538914,5133.7627,['869_1LT001'],216,1,"['A9G1LA1' 'A9G1LB1' 'A9G1LD1' 'A9G1LA2' 'A9G1LB2' 'A9G1LD2' 'A9G1LA3'
 'A9G1LB3' 'A9G1LD3']",216,9
870_0LT001,2184.2107,52.28891,5671.4414,['870_0LT001'],216,1,"['GP1L9A1' 'GP1L9B1' 'GP1L9C1' 'GP1L9A2' 'GP1L9B2' 'GP1L9C2' 'GP1L9A3'
 'GP1L9B3' 'GP1L9C3']",216,9
870_1LT001,445.60828,49.84728,1217.1669,['870_1LT001'],48,1,['V9GLOB1' 'V9GLOB2'],48,2
870_2LT001,1496.3158,55.91776,3673.7227,['870_2LT001'],144,1,['L9QPGA1' 'L9QPGB1' 'L9QPGA2' 'L9QPGB2' 'L9QPGA3' 'L9QPGB3'],144,6
871_0LT001,2178.3523,51.261776,5354.0024,['871_0LT001'],216,1,"['3O1V9A1' '3O1V9B1' '3O1V9C1' '3O1V9A2' '3O1V9B2' '3O1V9C2' '3O1V9A3'
 '3O1V9B3' '3O1V9C3']",216,9
871_1LT001,831.9617,49.961216,2663.912,['871_1LT001'],96,1,['AGL1QB1' 'AGL1QD1' 'AGL1QB2' 'AGL1QD2'],96,4
871_2LT001,2239.2563,50.25681,4938.2305,['871_2LT001'],216,1,"['3APG1A1' '3APG1B1' '3APG1C1' '3APG1A2' '3APG1B2' '3APG1C2' '3APG1A3'
 '3APG1B3' '3APG1C3']",216,9
871_3LT001,1378.3588,55.632744,3652.5168,['871_3LT001'],144,1,['P31OQA1' 'P31OQB1' 'P31OQA2' 'P31OQB2' 'P31OQA3' 'P31OQB3'],144,6
872_0LT001,2514.1545,50.466854,6016.602,['872_0LT001'],240,1,"['PO31LB1' 'PO31LD1' 'PO31LB2' 'PO31LD2' 'PO31LB3' 'PO31LD3' 'PO31LB4'
 'PO31LD4' 'PO31LB5' 'PO31LD5']",240,10
872_1LT001,2243.344,51.316772,5096.4023,['872_1LT001'],216,1,"['1QOVPA1' '1QOVPB1' '1QOVPD1' '1QOVPA2' '1QOVPB2' '1QOVPD2' '1QOVPA3'
 '1QOVPB3' '1QOVPD3']",216,9
872_2LT001,435.76044,49.364502,1013.0438,['872_2LT001'],48,1,['P19O3B1' 'P19O3B2'],48,2
872_3LT001,937.0794,45.87853,2492.6086,['872_3LT001'],96,1,['AVQO9B1' 'AVQO9D1' 'AVQO9B2' 'AVQO9D2'],96,4
873_0LT001,2207.2878,47.80196,5466.284,['873_0LT001'],216,1,"['PQ9OAA1' 'PQ9OAB1' 'PQ9OAD1' 'PQ9OAA2' 'PQ9OAB2' 'PQ9OAD2' 'PQ9OAA3'
 'PQ9OAB3' 'PQ9OAD3']",216,9
873_1LT001,2178.9524,48.24932,5443.4756,['873_1LT001'],216,1,"['OAGVPA1' 'OAGVPB1' 'OAGVPC1' 'OAGVPA2' 'OAGVPB2' 'OAGVPC2' 'OAGVPA3'
 'OAGVPB3' 'OAGVPC3']",216,9
873_2LT001,1469.2756,47.86448,3387.1758,['873_2LT001'],144,1,['GAV19A1' 'GAV19B1' 'GAV19A2' 'GAV19B2' 'GAV19A3' 'GAV19B3'],144,6
874_0LT001,2193.1902,49.858837,5034.115,['874_0LT001'],216,1,"['193PGA1' '193PGB1' '193PGD1' '193PGA2' '193PGB2' '193PGD2' '193PGA3'
 '193PGB3' '193PGD3']",216,9
874_1LT001,2204.3118,51.57634,5473.433,['874_1LT001'],216,1,"['LP9GVA1' 'LP9GVB1' 'LP9GVC1' 'LP9GVA2' 'LP9GVB2' 'LP9GVC2' 'LP9GVA3'
 'LP9GVB3' 'LP9GVC3']",216,9
874_2LT001,2157.4617,53.56165,5182.269,['874_2LT001'],216,1,"['LPOVQA1' 'LPOVQB1' 'LPOVQC1' 'LPOVQA2' 'LPOVQB2' 'LPOVQC2' 'LPOVQA3'
 'LPOVQB3' 'LPOVQC3']",216,9
875_0LT001,2102.5781,50.046577,5334.2505,['875_0LT001'],216,1,"['P91LOA1' 'P91LOB1' 'P91LOD1' 'P91LOA2' 'P91LOB2' 'P91LOD2' 'P91LOA3'
 'P91LOB3' 'P91LOD3']",216,9
875_1LT001,993.73956,54.475555,2517.6294,['875_1LT001'],96,1,['PL19GB1' 'PL19GD1' 'PL19GB2' 'PL19GD2'],96,4
875_2LT001,2203.213,54.42242,5488.308,['875_2LT001'],216,1,"['9PV3LA1' '9PV3LB1' '9PV3LD1' '9PV3LA2' '9PV3LB2' '9PV3LD2' '9PV3LA3'
 '9PV3LB3' '9PV3LD3']",216,9
876_0LT001,2215.203,49.86408,5740.3354,['876_0LT001'],216,1,"['3QVPLA1' '3QVPLB1' '3QVPLC1' '3QVPLA2' '3QVPLB2' '3QVPLC2' '3QVPLA3'
 '3QVPLB3' '3QVPLC3']",216,9
876_1LT001,844.5495,53.609837,2320.3333,['876_1LT001'],96,1,['QOPG3B1' 'QOPG3D1' 'QOPG3B2' 'QOPG3D2'],96,4
876_2LT001,1048.0541,46.617634,2325.516,['876_2LT001'],96,1,['9OL3GB1' '9OL3GD1' '9OL3GB2' '9OL3GD2'],96,4
876_3LT001,952.37805,48.701828,2448.603,['876_3LT001'],96,1,['1G39PB1' '1G39PD1' '1G39PB2' '1G39PD2'],96,4
877_0LT001,2194.6958,53.0031,5076.176,['877_0LT001'],216,1,"['GQPA9A1' 'GQPA9B1' 'GQPA9D1' 'GQPA9A2' 'GQPA9B2' 'GQPA9D2' 'GQPA9A3'
 'GQPA9B3' 'GQPA9D3']",216,9
877_1LT001,2336.0974,49.81518,5618.056,['877_1LT001'],240,1,"['19VLOB1' '19VLOD1' '19VLOB2' '19VLOD2' '19VLOB3' '19VLOD3' '19VLOB4'
 '19VLOD4' '19VLOB5' '19VLOD5']",240,10
878_0LT001,883.06415,47.154766,2475.1575,['878_0LT001'],96,1,['LP3AVB1' 'LP3AVD1' 'LP3AVB2' 'LP3AVD2'],96,4
878_1LT001,1469.5721,49.205063,3671.8943,['878_1LT001'],144,1,['LQGA9A1' 'LQGA9B1' 'LQGA9A2' 'LQGA9B2' 'LQGA9A3' 'LQGA9B3'],144,6
878_2LT001,512.1284,49.742443,1274.3899,['878_2LT001'],48,1,['QOAPVB1' 'QOAPVB2'],48,2
878_3LT001,2111.5508,48.868214,5313.8223,['878_3LT001'],216,1,"['9OVL3A1' '9OVL3B1' '9OVL3D1' '9OVL3A2' '9OVL3B2' '9OVL3D2' '9OVL3A3'
 '9OVL3B3' '9OVL3D3']",216,9
879_0LT001,2114.9978,50.88936,5197.2476,['879_0LT001'],216,1,"['APG3VA1' 'APG3VB1' 'APG3VC1' 'APG3VA2' 'APG3VB2' 'APG3VC2' 'APG3VA3'
 'APG3VB3' 'APG3VC3']",216,9
879_1LT001,2133.587,47.101482,5190.808,['879_1LT001'],216,1,"['9GQOLA1' '9GQOLB1' '9GQOLD1' '9GQOLA2' '9GQOLB2' '9GQOLD2' '9GQOLA3'
 '9GQOLB3' '9GQOLD3']",216,9
879_2LT001,942.3868,49.130848,2511.548,['879_2LT001'],96,1,['PAOQ3B1' 'PAOQ3D1' 'PAOQ3B2' 'PAOQ3D2'],96,4
880_0LT001,2287.4417,49.400837,5365.242,['880_0LT001'],216,1,"['VOP31A1' 'VOP31B1' 'VOP31D1' 'VOP31A2' 'VOP31B2' 'VOP31D2' 'VOP31A3'
 'VOP31B3' 'VOP31D3']",216,9
880_1LT001,2203.5134,49.180542,5099.818,['880_1LT001'],216,1,"['3AGLPA1' '3AGLPB1' '3AGLPD1' '3AGLPA2' '3AGLPB2' '3AGLPD2' '3AGLPA3'
 '3AGLPB3' '3AGLPD3']",216,9
880_2LT001,496.63068,40.040455,1210.0099,['880_2LT001'],48,1,['PA1L9B1' 'PA1L9B2'],48,2
881_0LT001,1367.2079,50.69955,3502.1333,['881_0LT001'],144,1,['OAGV3A1' 'OAGV3B1' 'OAGV3A2' 'OAGV3B2' 'OAGV3A3' 'OAGV3B3'],144,6
881_1LT001,1064.5243,51.72289,2290.659,['881_1LT001'],96,1,['OV9G1B1' 'OV9G1D1' 'OV9G1B2' 'OV9G1D2'],96,4
881_2LT001,2046.2694,52.391975,5375.994,['881_2LT001'],216,1,"['9G1LPA1' '9G1LPB1' '9G1LPD1' '9G1LPA2' '9G1LPB2' '9G1LPD2' '9G1LPA3'
 '9G1LPB3' '9G1LPD3']",216,9
881_3LT001,2308.56,51.563686,5261.101,['881_3LT001'],216,1,"['P9LVQA1' 'P9LVQB1' 'P9LVQD1' 'P9LVQA2' 'P9LVQB2' 'P9LVQD2' 'P9LVQA3'
 'P9LVQB3' 'P9LVQD3']",216,9
882_0LT001,2272.201,52.77977,5345.6333,['882_0LT001'],216,1,"['3A9PLA1' '3A9PLB1' '3A9PLC1' '3A9PLA2' '3A9PLB2' '3A9PLC2' '3A9PLA3'
 '3A9PLB3' '3A9PLC3']",216,9
882_1LT001,960.955,48.89026,2396.527,['882_1LT001'],96,1,['O3AQ9B1' 'O3AQ9D1' 'O3AQ9B2' 'O3AQ9D2'],96,4
882_2LT001,2237.0806,47.41867,5545.9004,['882_2LT001'],216,1,"['Q9PLVA1' 'Q9PLVB1' 'Q9PLVD1' 'Q9PLVA2' 'Q9PLVB2' 'Q9PLVD2' 'Q9PLVA3'
 'Q9PLVB3' 'Q9PLVD3']",216,9
882_3LT001,2079.2185,50.15305,5619.7666,['882_3LT001'],216,1,"['3QAO9A1' '3QAO9B1' '3QAO9C1' '3QAO9A2' '3QAO9B2' '3QAO9C2' '3QAO9A3'
 '3QAO9B3' '3QAO9C3']",216,9
883_0LT001,2214.387,51.856472,5644.8965,['883_0LT001'],216,1,"['PVLA1A1' 'PVLA1B1' 'PVLA1D1' 'PVLA1A2' 'PVLA1B2' 'PVLA1D2' 'PVLA1A3'
 'PVLA1B3' 'PVLA1D3']",216,9
883_1LT001,2252.5989,48.84146,5374.502,['883_1LT001'],216,1,"['OGAQVA1' 'OGAQVB1' 'OGAQVD1' 'OGAQVA2' 'OGAQVB2' 'OGAQVD2' 'OGAQVA3'
 'OGAQVB3' 'OGAQVD3']",216,9
884_0LT001,2135.8728,51.25569,5206.4404,['884_0LT001'],216,1,"['93PGOA1' '93PGOB1' '93PGOC1' '93PGOA2' '93PGOB2' '93PGOC2' '93PGOA3'
 '93PGOB3' '93PGOC3']",216,9
884_1LT001,1396.9192,51.776016,3663.0837,['884_1LT001'],144,1,['ALQ93A1' 'ALQ93B1' 'ALQ93A2' 'ALQ93B2' 'ALQ93A3' 'ALQ93B3'],144,6
884_2LT001,2192.1814,50.269463,5338.817,['884_2LT001'],216,1,"['VQ1G3A1' 'VQ1G3B1' 'VQ1G3D1' 'VQ1G3A2' 'VQ1G3B2' 'VQ1G3D2' 'VQ1G3A3'
 'VQ1G3B3' 'VQ1G3D3']",216,9
885_0LT001,2097.2805,50.640625,5150.2524,['885_0LT001'],216,1,"['QVO93A1' 'QVO93B1' 'QVO93C1' 'QVO93A2' 'QVO93B2' 'QVO93C2' 'QVO93A3'
 'QVO93B3' 'QVO93C3']",216,9
885_1LT001,2152.4443,52.4779,5157.0454,['885_1LT001'],216,1,"['3QPLGA1' '3QPLGB1' '3QPLGC1' '3QPLGA2' '3QPLGB2' '3QPLGC2' '3QPLGA3'
 '3QPLGB3' '3QPLGC3']",216,9
885_2LT001,2214.1853,51.702217,5820.3467,['885_2LT001'],216,1,"['APV9QA1' 'APV9QB1' 'APV9QD1' 'APV9QA2' 'APV9QB2' 'APV9QD2' 'APV9QA3'
 'APV9QB3' 'APV9QD3']",216,9
885_3LT001,2144.3154,51.30454,5428.141,['885_3LT001'],216,1,"['9Q1POA1' '9Q1POB1' '9Q1POD1' '9Q1POA2' '9Q1POB2' '9Q1POD2' '9Q1POA3'
 '9Q1POB3' '9Q1POD3']",216,9
886_0LT001,2315.4727,50.594257,5444.8687,['886_0LT001'],216,1,"['1OAL9A1' '1OAL9B1' '1OAL9D1' '1OAL9A2' '1OAL9B2' '1OAL9D2' '1OAL9A3'
 '1OAL9B3' '1OAL9D3']",216,9
886_1LT001,1173.9702,49.6637,3091.5193,['886_1LT001'],120,1,['1QLP9B1' '1QLP9B2' '1QLP9B3' '1QLP9B4' '1QLP9B5'],120,5
887_0LT001,930.1446,51.88693,2509.717,['887_0LT001'],96,1,['O9Q1AB1' 'O9Q1AD1' 'O9Q1AB2' 'O9Q1AD2'],96,4
887_1LT001,1372.148,47.292698,3809.392,['887_1LT001'],144,1,['PQ1V3A1' 'PQ1V3B1' 'PQ1V3A2' 'PQ1V3B2' 'PQ1V3A3' 'PQ1V3B3'],144,6
887_2LT001,451.38498,53.74982,1194.4855,['887_2LT001'],48,1,['1G9OVB1' '1G9OVB2'],48,2
888_0LT001,446.8112,47.231976,1239.0469,['888_0LT001'],48,1,['OVALPB1' 'OVALPB2'],48,2
888_1LT001,923.40186,47.442623,2400.7273,['888_1LT001'],96,1,['9AG1LB1' '9AG1LD1' '9AG1LB2' '9AG1LD2'],96,4
888_2LT001,864.157,45.63708,2450.5352,['888_2LT001'],96,1,['O3AV1B1' 'O3AV1D1' 'O3AV1B2' 'O3AV1D2'],96,4
888_3LT001,923.5785,46.472874,2308.0498,['888_3LT001'],96,1,['OG39LB1' 'OG39LD1' 'OG39LB2' 'OG39LD2'],96,4
889_0LT001,977.6366,54.63474,2478.328,['889_0LT001'],96,1,['OA1L3B1' 'OA1L3D1' 'OA1L3B2' 'OA1L3D2'],96,4
889_1LT001,2267.7717,53.63928,5394.073,['889_1LT001'],216,1,"['3GOPQA1' '3GOPQB1' '3GOPQC1' '3GOPQA2' '3GOPQB2' '3GOPQC2' '3GOPQA3'
 '3GOPQB3' '3GOPQC3']",216,9
889_2LT001,2286.6562,50.51603,6571.275,['889_2LT001'],240,1,"['1G9OAB1' '1G9OAC1' '1G9OAB2' '1G9OAC2' '1G9OAB3' '1G9OAC3' '1G9OAB4'
 '1G9OAC4' '1G9OAB5' '1G9OAC5']",240,10
889_3LT001,2241.7996,46.872356,5639.3735,['889_3LT001'],216,1,"['L3AQOA1' 'L3AQOB1' 'L3AQOC1' 'L3AQOA2' 'L3AQOB2' 'L3AQOC2' 'L3AQOA3'
 'L3AQOB3' 'L3AQOC3']",216,9
890_0LT001,2076.1152,48.956837,5350.5464,['890_0LT001'],216,1,"['13QVGA1' '13QVGB1' '13QVGD1' '13QVGA2' '13QVGB2' '13QVGD2' '13QVGA3'
 '13QVGB3' '13QVGD3']",216,9
890_1LT001,1489.6273,50.946903,3512.0881,['890_1LT001'],144,1,['OGVL1A1' 'OGVL1B1' 'OGVL1A2' 'OGVL1B2' 'OGVL1A3' 'OGVL1B3'],144,6
891_0LT001,2162.31,49.681007,5348.0884,['891_0LT001'],216,1,"['L3GPQA1' 'L3GPQB1' 'L3GPQD1' 'L3GPQA2' 'L3GPQB2' 'L3GPQD2' 'L3GPQA3'
 'L3GPQB3' 'L3GPQD3']",216,9
891_1LT001,2158.7476,45.43539,5317.384,['891_1LT001'],216,1,"['L3V1PA1' 'L3V1PB1' 'L3V1PC1' 'L3V1PA2' 'L3V1PB2' 'L3V1PC2' 'L3V1PA3'
 'L3V1PB3' 'L3V1PC3']",216,9
891_2LT001,2225.4272,50.196514,5416.8887,['891_2LT001'],216,1,"['PG9QLA1' 'PG9QLB1' 'PG9QLD1' 'PG9QLA2' 'PG9QLB2' 'PG9QLD2' 'PG9QLA3'
 'PG9QLB3' 'PG9QLD3']",216,9
892_0LT001,1006.65735,47.464893,2385.9087,['892_0LT001'],96,1,['VOQLPB1' 'VOQLPD1' 'VOQLPB2' 'VOQLPD2'],96,4
892_1LT001,1184.272,48.458607,2938.05,['892_1LT001'],120,1,['OPGV9B1' 'OPGV9B2' 'OPGV9B3' 'OPGV9B4' 'OPGV9B5'],120,5
892_2LT001,1463.5621,53.644577,3339.935,['892_2LT001'],144,1,['G1LQAA1' 'G1LQAB1' 'G1LQAA2' 'G1LQAB2' 'G1LQAA3' 'G1LQAB3'],144,6
893_0LT001,863.20874,50.809265,2216.9785,['893_0LT001'],96,1,['GQV39B1' 'GQV39D1' 'GQV39B2' 'GQV39D2'],96,4
893_1LT001,2184.9526,47.030716,5384.1147,['893_1LT001'],216,1,"['GPL9OA1' 'GPL9OB1' 'GPL9OD1' 'GPL9OA2' 'GPL9OB2' 'GPL9OD2' 'GPL9OA3'
 'GPL9OB3' 'GPL9OD3']",216,9
894_0LT001,2130.2432,51.919205,5296.7876,['894_0LT001'],216,1,"['AP13QA1' 'AP13QB1' 'AP13QD1' 'AP13QA2' 'AP13QB2' 'AP13QD2' 'AP13QA3'
 'AP13QB3' 'AP13QD3']",216,9
894_1LT001,2135.461,49.494064,5487.4077,['894_1LT001'],216,1,"['L3PQOA1' 'L3PQOB1' 'L3PQOD1' 'L3PQOA2' 'L3PQOB2' 'L3PQOD2' 'L3PQOA3'
 'L3PQOB3' 'L3PQOD3']",216,9
894_2LT001,2227.5513,50.87805,5401.3975,['894_2LT001'],216,1,"['VG3OLA1' 'VG3OLB1' 'VG3OLD1' 'VG3OLA2' 'VG3OLB2' 'VG3OLD2' 'VG3OLA3'
 'VG3OLB3' 'VG3OLD3']",216,9
895_0LT001,2335.3855,49.20165,6074.6978,['895_0LT001'],240,1,"['3O19LB1' '3O19LC1' '3O19LB2' '3O19LC2' '3O19LB3' '3O19LC3' '3O19LB4'
 '3O19LC4' '3O19LB5' '3O19LC5']",240,10
895_1LT001,415.8751,50.321873,1245.346,['895_1LT001'],48,1,['QAOV1B1' 'QAOV1B2'],48,2
896_0LT001,2276.2483,52.79895,5232.8506,['896_0LT001'],216,1,"['OQ31GA1' 'OQ31GB1' 'OQ31GD1' 'OQ31GA2' 'OQ31GB2' 'OQ31GD2' 'OQ31GA3'
 'OQ31GB3' 'OQ31GD3']",216,9
896_1LT001,2159.342,49.014824,5629.0166,['896_1LT001'],216,1,"['G1LQ9A1' 'G1LQ9B1' 'G1LQ9D1' 'G1LQ9A2' 'G1LQ9B2' 'G1LQ9D2' 'G1LQ9A3'
 'G1LQ9B3' 'G1LQ9D3']",216,9
896_2LT001,2269.5876,50.072395,5207.451,['896_2LT001'],216,1,"['9GAO3A1' '9GAO3B1' '9GAO3C1' '9GAO3A2' '9GAO3B2' '9GAO3C2' '9GAO3A3'
 '9GAO3B3' '9GAO3C3']",216,9
897_0LT001,2061.5933,46.363583,5116.85,['897_0LT001'],216,1,"['VQPG9A1' 'VQPG9B1' 'VQPG9D1' 'VQPG9A2' 'VQPG9B2' 'VQPG9D2' 'VQPG9A3'
 'VQPG9B3' 'VQPG9D3']",216,9
897_1LT001,2118.7637,48.347298,5299.1665,['897_1LT001'],216,1,"['VO1GQA1' 'VO1GQB1' 'VO1GQC1' 'VO1GQA2' 'VO1GQB2' 'VO1GQC2' 'VO1GQA3'
 'VO1GQB3' 'VO1GQC3']",216,9
898_0LT001,2183.334,53.29648,5120.2935,['898_0LT001'],216,1,"['1QVAOA1' '1QVAOB1' '1QVAOD1' '1QVAOA2' '1QVAOB2' '1QVAOD2' '1QVAOA3'
 '1QVAOB3' '1QVAOD3']",216,9
898_1LT001,477.96725,49.313965,1235.9083,['898_1LT001'],48,1,['POQ9AB1' 'POQ9AB2'],48,2
898_2LT001,2277.552,52.795124,5606.24,['898_2LT001'],216,1,"['QGO3PA1' 'QGO3PB1' 'QGO3PD1' 'QGO3PA2' 'QGO3PB2' 'QGO3PD2' 'QGO3PA3'
 'QGO3PB3' 'QGO3PD3']",216,9
899_0LT001,1507.4292,52.86458,3532.8057,['899_0LT001'],144,1,['OAP1VA1' 'OAP1VB1' 'OAP1VA2' 'OAP1VB2' 'OAP1VA3' 'OAP1VB3'],144,6
899_1LT001,2306.8293,48.25332,5096.2603,['899_1LT001'],216,1,"['O931GA1' 'O931GB1' 'O931GC1' 'O931GA2' 'O931GB2' 'O931GC2' 'O931GA3'
 'O931GB3' 'O931GC3']",216,9
899_2LT001,1589.4174,51.2105,3510.5864,['899_2LT001'],144,1,['A1PO3A1' 'A1PO3B1' 'A1PO3A2' 'A1PO3B2' 'A1PO3A3' 'A1PO3B3'],144,6
900_0LT001,2133.6338,47.27032,5277.2876,['900_0LT001'],216,1,"['9GAOVA1' '9GAOVB1' '9GAOVD1' '9GAOVA2' '9GAOVB2' '9GAOVD2' '9GAOVA3'
 '9GAOVB3' '9GAOVD3']",216,9
900_1LT001,2268.6003,49.459522,5158.259,['900_1LT001'],216,1,"['OLQ1VA1' 'OLQ1VB1' 'OLQ1VD1' 'OLQ1VA2' 'OLQ1VB2' 'OLQ1VD2' 'OLQ1VA3'
 'OLQ1VB3' 'OLQ1VD3']",216,9
900_2LT001,2193.6123,51.87264,5115.604,['900_2LT001'],216,1,"['3PGOAA1' '3PGOAB1' '3PGOAD1' '3PGOAA2' '3PGOAB2' '3PGOAD2' '3PGOAA3'
 '3PGOAB3' '3PGOAD3']",216,9
901_0LT001,901.2398,49.82576,2294.404,['901_0LT001'],96,1,['LQ9APB1' 'LQ9APD1' 'LQ9APB2' 'LQ9APD2'],96,4
901_1LT001,2195.9053,49.571705,5497.2544,['901_1LT001'],216,1,"['V3G1OA1' 'V3G1OB1' 'V3G1OD1' 'V3G1OA2' 'V3G1OB2' 'V3G1OD2' 'V3G1OA3'
 'V3G1OB3' 'V3G1OD3']",216,9
901_2LT001,555.63477,49.782883,1349.0841,['901_2LT001'],48,1,['13G9QB1' '13G9QB2'],48,2
902_0LT001,2204.555,53.63358,5786.7856,['902_0LT001'],216,1,"['O9Q1GA1' 'O9Q1GB1' 'O9Q1GD1' 'O9Q1GA2' 'O9Q1GB2' 'O9Q1GD2' 'O9Q1GA3'
 'O9Q1GB3' 'O9Q1GD3']",216,9
902_1LT001,2252.5576,50.109318,5394.3955,['902_1LT001'],216,1,"['O1GQ3A1' 'O1GQ3B1' 'O1GQ3D1' 'O1GQ3A2' 'O1GQ3B2' 'O1GQ3D2' 'O1GQ3A3'
 'O1GQ3B3' 'O1GQ3D3']",216,9
902_2LT001,2170.3994,51.00261,5611.4307,['902_2LT001'],216,1,"['PL3O9A1' 'PL3O9B1' 'PL3O9D1' 'PL3O9A2' 'PL3O9B2' 'PL3O9D2' 'PL3O9A3'
 'PL3O9B3' 'PL3O9D3']",216,9
903_0LT001,1048.2079,51.086548,2424.2966,['903_0LT001'],96,1,['P1OV3B1' 'P1OV3D1' 'P1OV3B2' 'P1OV3D2'],96,4
903_1LT001,2140.3225,48.36511,5201.4917,['903_1LT001'],216,1,"['3GOQ9A1' '3GOQ9B1' '3GOQ9D1' '3GOQ9A2' '3GOQ9B2' '3GOQ9D2' '3GOQ9A3'
 '3GOQ9B3' '3GOQ9D3']",216,9
904_0LT001,2181.7297,48.780552,5364.8228,['904_0LT001'],216,1,"['AVQ91A1' 'AVQ91B1' 'AVQ91D1' 'AVQ91A2' 'AVQ91B2' 'AVQ91D2' 'AVQ91A3'
 'AVQ91B3' 'AVQ91D3']",216,9
904_1LT001,951.2312,54.31032,2299.267,['904_1LT001'],96,1,['L9OAPB1' 'L9OAPD1' 'L9OAPB2' 'L9OAPD2'],96,4
904_2LT001,1413.0397,47.716576,3870.9849,['904_2LT001'],144,1,['1G3ALA1' '1G3ALB1' '1G3ALA2' '1G3ALB2' '1G3ALA3' '1G3ALB3'],144,6
904_3LT001,2347.9895,48.778393,6126.454,['904_3LT001'],240,1,"['GAQ9PB1' 'GAQ9PD1' 'GAQ9PB2' 'GAQ9PD2' 'GAQ9PB3' 'GAQ9PD3' 'GAQ9PB4'
 'GAQ9PD4' 'GAQ9PB5' 'GAQ9PD5']",240,10
905_0LT001,2153.9353,47.47893,5459.1006,['905_0LT001'],216,1,"['AVG19A1' 'AVG19B1' 'AVG19C1' 'AVG19A2' 'AVG19B2' 'AVG19C2' 'AVG19A3'
 'AVG19B3' 'AVG19C3']",216,9
905_1LT001,2141.4082,48.863804,5494.4526,['905_1LT001'],216,1,"['3ALVOA1' '3ALVOB1' '3ALVOD1' '3ALVOA2' '3ALVOB2' '3ALVOD2' '3ALVOA3'
 '3ALVOB3' '3ALVOD3']",216,9
906_0LT001,2080.0662,49.704903,5578.664,['906_0LT001'],216,1,"['9LPAOA1' '9LPAOB1' '9LPAOD1' '9LPAOA2' '9LPAOB2' '9LPAOD2' '9LPAOA3'
 '9LPAOB3' '9LPAOD3']",216,9
906_1LT001,2069.0193,47.05225,5606.7373,['906_1LT001'],216,1,"['O3QGAA1' 'O3QGAB1' 'O3QGAC1' 'O3QGAA2' 'O3QGAB2' 'O3QGAC2' 'O3QGAA3'
 'O3QGAB3' 'O3QGAC3']",216,9
906_2LT001,2035.5181,52.052364,5350.7144,['906_2LT001'],216,1,"['9AO3PA1' '9AO3PB1' '9AO3PD1' '9AO3PA2' '9AO3PB2' '9AO3PD2' '9AO3PA3'
 '9AO3PB3' '9AO3PD3']",216,9
907_0LT001,2142.4438,51.686398,5934.275,['907_0LT001'],216,1,"['OL1GVA1' 'OL1GVB1' 'OL1GVD1' 'OL1GVA2' 'OL1GVB2' 'OL1GVD2' 'OL1GVA3'
 'OL1GVB3' 'OL1GVD3']",216,9
907_1LT001,1425.5109,47.82738,3333.1719,['907_1LT001'],144,1,['V9OALA1' 'V9OALB1' 'V9OALA2' 'V9OALB2' 'V9OALA3' 'V9OALB3'],144,6
908_0LT001,903.1717,48.27586,2247.4685,['908_0LT001'],96,1,['OLAQPB1' 'OLAQPD1' 'OLAQPB2' 'OLAQPD2'],96,4
908_1LT001,487.37805,50.351208,1053.7106,['908_1LT001'],48,1,['Q1GV3B1' 'Q1GV3B2'],48,2
908_2LT001,2164.7346,46.302486,5238.6377,['908_2LT001'],216,1,"['L9OGQA1' 'L9OGQB1' 'L9OGQC1' 'L9OGQA2' 'L9OGQB2' 'L9OGQC2' 'L9OGQA3'
 'L9OGQB3' 'L9OGQC3']",216,9
908_3LT001,2266.2878,48.395485,5379.7573,['908_3LT001'],216,1,"['GO31LA1' 'GO31LB1' 'GO31LD1' 'GO31LA2' 'GO31LB2' 'GO31LD2' 'GO31LA3'
 'GO31LB3' 'GO31LD3']",216,9
909_0LT001,2117.9028,50.254177,5072.308,['909_0LT001'],216,1,"['LVOG1A1' 'LVOG1B1' 'LVOG1D1' 'LVOG1A2' 'LVOG1B2' 'LVOG1D2' 'LVOG1A3'
 'LVOG1B3' 'LVOG1D3']",216,9
909_1LT001,1007.1949,54.858627,2544.139,['909_1LT001'],96,1,['AOP3VB1' 'AOP3VD1' 'AOP3VB2' 'AOP3VD2'],96,4
909_2LT001,2144.725,50.72175,5848.58,['909_2LT001'],216,1,"['Q1AOLA1' 'Q1AOLB1' 'Q1AOLD1' 'Q1AOLA2' 'Q1AOLB2' 'Q1AOLD2' 'Q1AOLA3'
 'Q1AOLB3' 'Q1AOLD3']",216,9
910_0LT001,1008.0731,46.20064,2159.7732,['910_0LT001'],96,1,['P1VGAB1' 'P1VGAD1' 'P1VGAB2' 'P1VGAD2'],96,4
910_1LT001,2108.042,52.859955,4851.0806,['910_1LT001'],216,1,"['L3GOAA1' 'L3GOAB1' 'L3GOAD1' 'L3GOAA2' 'L3GOAB2' 'L3GOAD2' 'L3GOAA3'
 'L3GOAB3' 'L3GOAD3']",216,9
910_2LT001,2299.172,52.53349,5330.147,['910_2LT001'],216,1,"['A9QVLA1' 'A9QVLB1' 'A9QVLD1' 'A9QVLA2' 'A9QVLB2' 'A9QVLD2' 'A9QVLA3'
 'A9QVLB3' 'A9QVLD3']",216,9
910_3LT001,2024.7317,49.555534,5408.5645,['910_3LT001'],216,1,"['9GL3QA1' '9GL3QB1' '9GL3QD1' '9GL3QA2' '9GL3QB2' '9GL3QD2' '9GL3QA3'
 '9GL3QB3' '9GL3QD3']",216,9
911_0LT001,2247.5688,48.234894,5353.004,['911_0LT001'],216,1,"['PQV31A1' 'PQV31B1' 'PQV31C1' 'PQV31A2' 'PQV31B2' 'PQV31C2' 'PQV31A3'
 'PQV31B3' 'PQV31C3']",216,9
911_1LT001,491.82355,56.541065,1370.7511,['911_1LT001'],48,1,['LGP3AB1' 'LGP3AB2'],48,2
911_2LT001,2172.829,50.782867,5504.7275,['911_2LT001'],216,1,"['P1AGOA1' 'P1AGOB1' 'P1AGOC1' 'P1AGOA2' 'P1AGOB2' 'P1AGOC2' 'P1AGOA3'
 'P1AGOB3' 'P1AGOC3']",216,9
911_3LT001,1397.685,49.18651,3896.1104,['911_3LT001'],144,1,['O13GLA1' 'O13GLB1' 'O13GLA2' 'O13GLB2' 'O13GLA3' 'O13GLB3'],144,6
912_0LT001,1044.029,46.30594,2494.8184,['912_0LT001'],96,1,['GVA3PB1' 'GVA3PD1' 'GVA3PB2' 'GVA3PD2'],96,4
912_1LT001,2094.6396,53.14258,5659.5005,['912_1LT001'],216,1,"['A9P1VA1' 'A9P1VB1' 'A9P1VD1' 'A9P1VA2' 'A9P1VB2' 'A9P1VD2' 'A9P1VA3'
 'A9P1VB3' 'A9P1VD3']",216,9
912_2LT001,482.4835,46.63585,1124.9038,['912_2LT001'],48,1,['9OPV3B1' '9OPV3B2'],48,2
913_0LT001,2176.592,48.375244,5728.4346,['913_0LT001'],216,1,"['GPQOLA1' 'GPQOLB1' 'GPQOLD1' 'GPQOLA2' 'GPQOLB2' 'GPQOLD2' 'GPQOLA3'
 'GPQOLB3' 'GPQOLD3']",216,9
913_1LT001,1517.6024,49.83634,3500.014,['913_1LT001'],144,1,['P3O1VA1' 'P3O1VB1' 'P3O1VA2' 'P3O1VB2' 'P3O1VA3' 'P3O1VB3'],144,6
914_0LT001,2178.1016,50.52399,5838.432,['914_0LT001'],216,1,"['13GA9A1' '13GA9B1' '13GA9C1' '13GA9A2' '13GA9B2' '13GA9C2' '13GA9A3'
 '13GA9B3' '13GA9C3']",216,9
914_1LT001,2199.9817,50.571915,5372.241,['914_1LT001'],216,1,"['PAQO3A1' 'PAQO3B1' 'PAQO3D1' 'PAQO3A2' 'PAQO3B2' 'PAQO3D2' 'PAQO3A3'
 'PAQO3B3' 'PAQO3D3']",216,9
915_0LT001,2105.174,50.57858,5244.8203,['915_0LT001'],216,1,"['VL9GOA1' 'VL9GOB1' 'VL9GOC1' 'VL9GOA2' 'VL9GOB2' 'VL9GOC2' 'VL9GOA3'
 'VL9GOB3' 'VL9GOC3']",216,9
915_1LT001,2110.9229,49.10787,5663.6274,['915_1LT001'],216,1,"['LVPA1A1' 'LVPA1B1' 'LVPA1D1' 'LVPA1A2' 'LVPA1B2' 'LVPA1D2' 'LVPA1A3'
 'LVPA1B3' 'LVPA1D3']",216,9
915_2LT001,2086.3354,49.471436,4958.9927,['915_2LT001'],216,1,"['9VPL3A1' '9VPL3B1' '9VPL3D1' '9VPL3A2' '9VPL3B2' '9VPL3D2' '9VPL3A3'
 '9VPL3B3' '9VPL3D3']",216,9
916_0LT001,2065.2861,49.608032,5726.6587,['916_0LT001'],216,1,"['G1A93A1' 'G1A93B1' 'G1A93D1' 'G1A93A2' 'G1A93B2' 'G1A93D2' 'G1A93A3'
 'G1A93B3' 'G1A93D3']",216,9
916_1LT001,1361.7681,48.973816,3705.486,['916_1LT001'],144,1,['L3PGQA1' 'L3PGQB1' 'L3PGQA2' 'L3PGQB2' 'L3PGQA3' 'L3PGQB3'],144,6
917_0LT001,2202.9368,47.785984,5283.6094,['917_0LT001'],216,1,"['3VPALA1' '3VPALB1' '3VPALD1' '3VPALA2' '3VPALB2' '3VPALD2' '3VPALA3'
 '3VPALB3' '3VPALD3']",216,9
917_1LT001,2138.584,50.517773,5250.417,['917_1LT001'],216,1,"['V3L91A1' 'V3L91B1' 'V3L91C1' 'V3L91A2' 'V3L91B2' 'V3L91C2' 'V3L91A3'
 'V3L91B3' 'V3L91C3']",216,9
917_2LT001,2154.7747,46.451897,5591.7695,['917_2LT001'],216,1,"['1L3A9A1' '1L3A9B1' '1L3A9D1' '1L3A9A2' '1L3A9B2' '1L3A9D2' '1L3A9A3'
 '1L3A9B3' '1L3A9D3']",216,9
918_0LT001,1441.5499,51.208733,3266.9668,['918_0LT001'],144,1,['OLV3AA1' 'OLV3AB1' 'OLV3AA2' 'OLV3AB2' 'OLV3AA3' 'OLV3AB3'],144,6
918_1LT001,2104.9631,49.10491,5116.766,['918_1LT001'],216,1,"['1P3AVA1' '1P3AVB1' '1P3AVD1' '1P3AVA2' '1P3AVB2' '1P3AVD2' '1P3AVA3'
 '1P3AVB3' '1P3AVD3']",216,9
918_2LT001,484.8814,52.183437,1086.7645,['918_2LT001'],48,1,['OPQ31B1' 'OPQ31B2'],48,2
918_3LT001,861.5308,50.341705,2214.3745,['918_3LT001'],96,1,['91QPOB1' '91QPOD1' '91QPOB2' '91QPOD2'],96,4
919_0LT001,2568.319,51.018593,6240.5264,['919_0LT001'],240,1,"['AQ91LB1' 'AQ91LC1' 'AQ91LB2' 'AQ91LC2' 'AQ91LB3' 'AQ91LC3' 'AQ91LB4'
 'AQ91LC4' 'AQ91LB5' 'AQ91LC5']",240,10
919_1LT001,1551.2278,45.41423,3847.381,['919_1LT001'],144,1,['OPQ93A1' 'OPQ93B1' 'OPQ93A2' 'OPQ93B2' 'OPQ93A3' 'OPQ93B3'],144,6
920_0LT001,989.04816,52.541897,2474.7761,['920_0LT001'],96,1,['ALQO3B1' 'ALQO3D1' 'ALQO3B2' 'ALQO3D2'],96,4
920_1LT001,1406.4447,49.009136,3493.3345,['920_1LT001'],144,1,['L139AA1' 'L139AB1' 'L139AA2' 'L139AB2' 'L139AA3' 'L139AB3'],144,6
921_0LT001,2158.4536,50.467316,5174.6836,['921_0LT001'],216,1,"['LGAO9A1' 'LGAO9B1' 'LGAO9D1' 'LGAO9A2' 'LGAO9B2' 'LGAO9D2' 'LGAO9A3'
 'LGAO9B3' 'LGAO9D3']",216,9
921_1LT001,2170.4644,49.758858,5440.3506,['921_1LT001'],216,1,"['3AQPGA1' '3AQPGB1' '3AQPGD1' '3AQPGA2' '3AQPGB2' '3AQPGD2' '3AQPGA3'
 '3AQPGB3' '3AQPGD3']",216,9
922_0LT001,1473.101,45.309032,3372.0923,['922_0LT001'],144,1,['1P3VAA1' '1P3VAB1' '1P3VAA2' '1P3VAB2' '1P3VAA3' '1P3VAB3'],144,6
922_1LT001,2024.05,50.470947,5205.917,['922_1LT001'],216,1,"['9QPA1A1' '9QPA1B1' '9QPA1D1' '9QPA1A2' '9QPA1B2' '9QPA1D2' '9QPA1A3'
 '9QPA1B3' '9QPA1D3']",216,9
922_2LT001,2138.0574,51.88299,5438.9834,['922_2LT001'],216,1,"['PLGOVA1' 'PLGOVB1' 'PLGOVD1' 'PLGOVA2' 'PLGOVB2' 'PLGOVD2' 'PLGOVA3'
 'PLGOVB3' 'PLGOVD3']",216,9
923_0LT001,2173.9993,49.28984,5185.3237,['923_0LT001'],216,1,"['1VQ9AA1' '1VQ9AB1' '1VQ9AD1' '1VQ9AA2' '1VQ9AB2' '1VQ9AD2' '1VQ9AA3'
 '1VQ9AB3' '1VQ9AD3']",216,9
923_1LT001,2063.6138,49.134964,5418.4883,['923_1LT001'],216,1,"['19QAVA1' '19QAVB1' '19QAVC1' '19QAVA2' '19QAVB2' '19QAVC2' '19QAVA3'
 '19QAVB3' '19QAVC3']",216,9
923_2LT001,2240.945,49.304142,5332.367,['923_2LT001'],216,1,"['Q1OVAA1' 'Q1OVAB1' 'Q1OVAD1' 'Q1OVAA2' 'Q1OVAB2' 'Q1OVAD2' 'Q1OVAA3'
 'Q1OVAB3' 'Q1OVAD3']",216,9
924_0LT001,2083.9907,46.65699,5847.659,['924_0LT001'],216,1,"['V3GPLA1' 'V3GPLB1' 'V3GPLD1' 'V3GPLA2' 'V3GPLB2' 'V3GPLD2' 'V3GPLA3'
 'V3GPLB3' 'V3GPLD3']",216,9
924_1LT001,915.5266,48.724014,2350.8708,['924_1LT001'],96,1,['PG3LOB1' 'PG3LOD1' 'PG3LOB2' 'PG3LOD2'],96,4
924_2LT001,478.63992,53.162796,1148.5532,['924_2LT001'],48,1,['VP9GAB1' 'VP9GAB2'],48,2
925_0LT001,2244.4207,53.283863,5636.3247,['925_0LT001'],216,1,"['GVA1QA1' 'GVA1QB1' 'GVA1QD1' 'GVA1QA2' 'GVA1QB2' 'GVA1QD2' 'GVA1QA3'
 'GVA1QB3' 'GVA1QD3']",216,9
925_1LT001,488.28568,44.108463,1258.992,['925_1LT001'],48,1,['P1LAQB1' 'P1LAQB2'],48,2
926_0LT001,2140.633,46.3742,5526.3486,['926_0LT001'],216,1,"['VLP3OA1' 'VLP3OB1' 'VLP3OC1' 'VLP3OA2' 'VLP3OB2' 'VLP3OC2' 'VLP3OA3'
 'VLP3OB3' 'VLP3OC3']",216,9
926_1LT001,2163.8647,50.98145,5125.9155,['926_1LT001'],216,1,"['9VG3PA1' '9VG3PB1' '9VG3PD1' '9VG3PA2' '9VG3PB2' '9VG3PD2' '9VG3PA3'
 '9VG3PB3' '9VG3PD3']",216,9
926_2LT001,927.649,51.075546,2332.502,['926_2LT001'],96,1,['1P9AQB1' '1P9AQD1' '1P9AQB2' '1P9AQD2'],96,4
926_3LT001,2449.0012,52.560658,5797.2646,['926_3LT001'],240,1,"['1V3PGB1' '1V3PGD1' '1V3PGB2' '1V3PGD2' '1V3PGB3' '1V3PGD3' '1V3PGB4'
 '1V3PGD4' '1V3PGB5' '1V3PGD5']",240,10
927_0LT001,2003.2468,47.505787,5352.0864,['927_0LT001'],216,1,"['O3PQVA1' 'O3PQVB1' 'O3PQVD1' 'O3PQVA2' 'O3PQVB2' 'O3PQVD2' 'O3PQVA3'
 'O3PQVB3' 'O3PQVD3']",216,9
927_1LT001,981.66504,47.373566,2494.6035,['927_1LT001'],96,1,['L3V1AB1' 'L3V1AD1' 'L3V1AB2' 'L3V1AD2'],96,4
927_2LT001,2144.3855,50.586594,5529.0176,['927_2LT001'],216,1,"['V9APLA1' 'V9APLB1' 'V9APLD1' 'V9APLA2' 'V9APLB2' 'V9APLD2' 'V9APLA3'
 'V9APLB3' 'V9APLD3']",216,9
927_3LT001,2368.045,53.543156,6082.512,['927_3LT001'],240,1,"['1L93GB1' '1L93GD1' '1L93GB2' '1L93GD2' '1L93GB3' '1L93GD3' '1L93GB4'
 '1L93GD4' '1L93GB5' '1L93GD5']",240,10
928_0LT001,2158.1965,52.46035,5585.2144,['928_0LT001'],216,1,"['1GQOPA1' '1GQOPB1' '1GQOPD1' '1GQOPA2' '1GQOPB2' '1GQOPD2' '1GQOPA3'
 '1GQOPB3' '1GQOPD3']",216,9
928_1LT001,2273.7952,48.61023,5644.4463,['928_1LT001'],216,1,"['PLGAVA1' 'PLGAVB1' 'PLGAVD1' 'PLGAVA2' 'PLGAVB2' 'PLGAVD2' 'PLGAVA3'
 'PLGAVB3' 'PLGAVD3']",216,9
928_2LT001,1542.0496,49.015545,3618.1553,['928_2LT001'],144,1,['AV19OA1' 'AV19OB1' 'AV19OA2' 'AV19OB2' 'AV19OA3' 'AV19OB3'],144,6
928_3LT001,1330.4237,50.708076,3600.481,['928_3LT001'],144,1,['1LQVAA1' '1LQVAB1' '1LQVAA2' '1LQVAB2' '1LQVAA3' '1LQVAB3'],144,6
929_0LT001,512.0803,39.413105,1120.0125,['929_0LT001'],48,1,['1PLQAB1' '1PLQAB2'],48,2
929_1LT001,2130.6833,50.772507,5761.529,['929_1LT001'],216,1,"['GQ93AA1' 'GQ93AB1' 'GQ93AD1' 'GQ93AA2' 'GQ93AB2' 'GQ93AD2' 'GQ93AA3'
 'GQ93AB3' 'GQ93AD3']",216,9
930_0LT001,2174.5615,46.35007,5435.4604,['930_0LT001'],216,1,"['1APLVA1' '1APLVB1' '1APLVC1' '1APLVA2' '1APLVB2' '1APLVC2' '1APLVA3'
 '1APLVB3' '1APLVC3']",216,9
930_1LT001,1497.7263,50.373703,3807.262,['930_1LT001'],144,1,['GQOL9A1' 'GQOL9B1' 'GQOL9A2' 'GQOL9B2' 'GQOL9A3' 'GQOL9B3'],144,6
930_2LT001,1442.8502,50.706318,4048.6042,['930_2LT001'],144,1,['GPO91A1' 'GPO91B1' 'GPO91A2' 'GPO91B2' 'GPO91A3' 'GPO91B3'],144,6
930_3LT001,2130.9958,47.69962,5427.9473,['930_3LT001'],216,1,"['V9PAQA1' 'V9PAQB1' 'V9PAQD1' 'V9PAQA2' 'V9PAQB2' 'V9PAQD2' 'V9PAQA3'
 'V9PAQB3' 'V9PAQD3']",216,9
931_0LT001,2091.3997,50.184605,5246.3813,['931_0LT001'],216,1,"['3OQ1VA1' '3OQ1VB1' '3OQ1VD1' '3OQ1VA2' '3OQ1VB2' '3OQ1VD2' '3OQ1VA3'
 '3OQ1VB3' '3OQ1VD3']",216,9
931_1LT001,2196.7952,49.126328,5137.491,['931_1LT001'],216,1,"['GLOP9A1' 'GLOP9B1' 'GLOP9D1' 'GLOP9A2' 'GLOP9B2' 'GLOP9D2' 'GLOP9A3'
 'GLOP9B3' 'GLOP9D3']",216,9
931_2LT001,882.7798,53.38406,2332.1204,['931_2LT001'],96,1,['3GO1PB1' '3GO1PD1' '3GO1PB2' '3GO1PD2'],96,4
932_0LT001,1506.5444,55.286762,3310.697,['932_0LT001'],144,1,['39A1OA1' '39A1OB1' '39A1OA2' '39A1OB2' '39A1OA3' '39A1OB3'],144,6
932_1LT001,884.64874,51.095486,2654.1787,['932_1LT001'],96,1,['3AV9GB1' '3AV9GD1' '3AV9GB2' '3AV9GD2'],96,4
933_0LT001,1486.2739,50.62316,3264.0974,['933_0LT001'],144,1,['OG31QA1' 'OG31QB1' 'OG31QA2' 'OG31QB2' 'OG31QA3' 'OG31QB3'],144,6
933_1LT001,2107.7297,52.068207,5426.381,['933_1LT001'],216,1,"['31LGVA1' '31LGVB1' '31LGVD1' '31LGVA2' '31LGVB2' '31LGVD2' '31LGVA3'
 '31LGVB3' '31LGVD3']",216,9
933_2LT001,2200.936,50.996452,5329.194,['933_2LT001'],216,1,"['OALGPA1' 'OALGPB1' 'OALGPD1' 'OALGPA2' 'OALGPB2' 'OALGPD2' 'OALGPA3'
 'OALGPB3' 'OALGPD3']",216,9
933_3LT001,2138.9358,48.85472,5459.8926,['933_3LT001'],216,1,"['GAOV1A1' 'GAOV1B1' 'GAOV1D1' 'GAOV1A2' 'GAOV1B2' 'GAOV1D2' 'GAOV1A3'
 'GAOV1B3' 'GAOV1D3']",216,9
934_0LT001,2203.7776,51.31789,5557.5234,['934_0LT001'],216,1,"['VOPQ3A1' 'VOPQ3B1' 'VOPQ3C1' 'VOPQ3A2' 'VOPQ3B2' 'VOPQ3C2' 'VOPQ3A3'
 'VOPQ3B3' 'VOPQ3C3']",216,9
934_1LT001,2147.7422,49.33912,5299.155,['934_1LT001'],216,1,"['QA1V3A1' 'QA1V3B1' 'QA1V3D1' 'QA1V3A2' 'QA1V3B2' 'QA1V3D2' 'QA1V3A3'
 'QA1V3B3' 'QA1V3D3']",216,9
934_2LT001,2221.249,50.098198,5085.8066,['934_2LT001'],216,1,"['GQ1PLA1' 'GQ1PLB1' 'GQ1PLD1' 'GQ1PLA2' 'GQ1PLB2' 'GQ1PLD2' 'GQ1PLA3'
 'GQ1PLB3' 'GQ1PLD3']",216,9
935_0LT001,2267.3552,48.063217,5254.904,['935_0LT001'],216,1,"['ALGP9A1' 'ALGP9B1' 'ALGP9C1' 'ALGP9A2' 'ALGP9B2' 'ALGP9C2' 'ALGP9A3'
 'ALGP9B3' 'ALGP9C3']",216,9
935_1LT001,2255.269,48.839554,5312.1377,['935_1LT001'],216,1,"['G39LOA1' 'G39LOB1' 'G39LOD1' 'G39LOA2' 'G39LOB2' 'G39LOD2' 'G39LOA3'
 'G39LOB3' 'G39LOD3']",216,9
935_2LT001,2085.7944,50.961006,5114.04,['935_2LT001'],216,1,"['AOVP9A1' 'AOVP9B1' 'AOVP9C1' 'AOVP9A2' 'AOVP9B2' 'AOVP9C2' 'AOVP9A3'
 'AOVP9B3' 'AOVP9C3']",216,9
935_3LT001,1499.863,48.513065,3627.8245,['935_3LT001'],144,1,['PA139A1' 'PA139B1' 'PA139A2' 'PA139B2' 'PA139A3' 'PA139B3'],144,6
936_0LT001,2106.1704,51.792446,5107.3374,['936_0LT001'],216,1,"['OVQA1A1' 'OVQA1B1' 'OVQA1D1' 'OVQA1A2' 'OVQA1B2' 'OVQA1D2' 'OVQA1A3'
 'OVQA1B3' 'OVQA1D3']",216,9
936_1LT001,2203.1118,49.63679,5757.6772,['936_1LT001'],216,1,"['G31VOA1' 'G31VOB1' 'G31VOC1' 'G31VOA2' 'G31VOB2' 'G31VOC2' 'G31VOA3'
 'G31VOB3' 'G31VOC3']",216,9
936_2LT001,2114.5264,50.982235,5594.6216,['936_2LT001'],216,1,"['1O9G3A1' '1O9G3B1' '1O9G3D1' '1O9G3A2' '1O9G3B2' '1O9G3D2' '1O9G3A3'
 '1O9G3B3' '1O9G3D3']",216,9
936_3LT001,1441.0513,50.93095,3531.053,['936_3LT001'],144,1,['PO3VLA1' 'PO3VLB1' 'PO3VLA2' 'PO3VLB2' 'PO3VLA3' 'PO3VLB3'],144,6
937_0LT001,2050.0894,49.741947,5238.1284,['937_0LT001'],216,1,"['AV1GLA1' 'AV1GLB1' 'AV1GLC1' 'AV1GLA2' 'AV1GLB2' 'AV1GLC2' 'AV1GLA3'
 'AV1GLB3' 'AV1GLC3']",216,9
937_1LT001,2304.8635,51.776638,4791.3486,['937_1LT001'],216,1,"['31VPQA1' '31VPQB1' '31VPQC1' '31VPQA2' '31VPQB2' '31VPQC2' '31VPQA3'
 '31VPQB3' '31VPQC3']",216,9
937_2LT001,505.3717,45.181896,1113.7268,['937_2LT001'],48,1,['1G3LQB1' '1G3LQB2'],48,2
937_3LT001,884.3054,50.25308,2415.591,['937_3LT001'],96,1,['PL1V9B1' 'PL1V9D1' 'PL1V9B2' 'PL1V9D2'],96,4
938_0LT001,2285.5022,49.77237,5011.0903,['938_0LT001'],216,1,"['GLQ91A1' 'GLQ91B1' 'GLQ91D1' 'GLQ91A2' 'GLQ91B2' 'GLQ91D2' 'GLQ91A3'
 'GLQ91B3' 'GLQ91D3']",216,9
938_1LT001,2221.4836,48.88554,5360.7007,['938_1LT001'],216,1,"['APVQLA1' 'APVQLB1' 'APVQLD1' 'APVQLA2' 'APVQLB2' 'APVQLD2' 'APVQLA3'
 'APVQLB3' 'APVQLD3']",216,9
939_0LT001,2269.6003,53.785473,5113.0107,['939_0LT001'],216,1,"['V3QO1A1' 'V3QO1B1' 'V3QO1D1' 'V3QO1A2' 'V3QO1B2' 'V3QO1D2' 'V3QO1A3'
 'V3QO1B3' 'V3QO1D3']",216,9
939_1LT001,2117.4495,48.256325,5342.116,['939_1LT001'],216,1,"['PVOA3A1' 'PVOA3B1' 'PVOA3D1' 'PVOA3A2' 'PVOA3B2' 'PVOA3D2' 'PVOA3A3'
 'PVOA3B3' 'PVOA3D3']",216,9
940_0LT001,2103.0054,52.82968,5348.899,['940_0LT001'],216,1,"['AGP13A1' 'AGP13B1' 'AGP13C1' 'AGP13A2' 'AGP13B2' 'AGP13C2' 'AGP13A3'
 'AGP13B3' 'AGP13C3']",216,9
940_1LT001,2362.566,49.540173,5915.48,['940_1LT001'],240,1,"['3VQPLB1' '3VQPLC1' '3VQPLB2' '3VQPLC2' '3VQPLB3' '3VQPLC3' '3VQPLB4'
 '3VQPLC4' '3VQPLB5' '3VQPLC5']",240,10
940_2LT001,2172.4158,53.732597,5875.946,['940_2LT001'],216,1,"['13L9AA1' '13L9AB1' '13L9AD1' '13L9AA2' '13L9AB2' '13L9AD2' '13L9AA3'
 '13L9AB3' '13L9AD3']",216,9
940_3LT001,2171.7432,51.339893,5322.0166,['940_3LT001'],216,1,"['A31GVA1' 'A31GVB1' 'A31GVD1' 'A31GVA2' 'A31GVB2' 'A31GVD2' 'A31GVA3'
 'A31GVB3' 'A31GVD3']",216,9
941_0LT001,981.002,48.021854,2441.304,['941_0LT001'],96,1,['3PO9LB1' '3PO9LD1' '3PO9LB2' '3PO9LD2'],96,4
941_1LT001,1525.6202,50.009193,3843.8086,['941_1LT001'],144,1,['1VG93A1' '1VG93B1' '1VG93A2' '1VG93B2' '1VG93A3' '1VG93B3'],144,6
941_2LT001,2170.8274,51.80672,4832.2085,['941_2LT001'],216,1,"['91GAPA1' '91GAPB1' '91GAPD1' '91GAPA2' '91GAPB2' '91GAPD2' '91GAPA3'
 '91GAPB3' '91GAPD3']",216,9
942_0LT001,2190.0269,49.33505,5036.8633,['942_0LT001'],216,1,"['9O3APA1' '9O3APB1' '9O3APD1' '9O3APA2' '9O3APB2' '9O3APD2' '9O3APA3'
 '9O3APB3' '9O3APD3']",216,9
942_1LT001,2154.3982,48.910336,5355.8877,['942_1LT001'],216,1,"['QLAPOA1' 'QLAPOB1' 'QLAPOC1' 'QLAPOA2' 'QLAPOB2' 'QLAPOC2' 'QLAPOA3'
 'QLAPOB3' 'QLAPOC3']",216,9
942_2LT001,2150.3328,47.88831,5408.395,['942_2LT001'],216,1,"['1LQG9A1' '1LQG9B1' '1LQG9C1' '1LQG9A2' '1LQG9B2' '1LQG9C2' '1LQG9A3'
 '1LQG9B3' '1LQG9C3']",216,9
943_0LT001,2018.1903,50.027508,5568.6704,['943_0LT001'],216,1,"['GOL19A1' 'GOL19B1' 'GOL19D1' 'GOL19A2' 'GOL19B2' 'GOL19D2' 'GOL19A3'
 'GOL19B3' 'GOL19D3']",216,9
943_1LT001,2341.8848,51.42034,5905.017,['943_1LT001'],240,1,"['39LVAB1' '39LVAD1' '39LVAB2' '39LVAD2' '39LVAB3' '39LVAD3' '39LVAB4'
 '39LVAD4' '39LVAB5' '39LVAD5']",240,10
943_2LT001,938.6213,48.80182,2553.91,['943_2LT001'],96,1,['O1AP3B1' 'O1AP3D1' 'O1AP3B2' 'O1AP3D2'],96,4
943_3LT001,1382.1656,49.275867,3649.3206,['943_3LT001'],144,1,['3Q9PVA1' '3Q9PVB1' '3Q9PVA2' '3Q9PVB2' '3Q9PVA3' '3Q9PVB3'],144,6
944_0LT001,1457.9529,49.226032,3359.7979,['944_0LT001'],144,1,['OQ9LGA1' 'OQ9LGB1' 'OQ9LGA2' 'OQ9LGB2' 'OQ9LGA3' 'OQ9LGB3'],144,6
944_1LT001,2258.2732,51.226498,5538.07,['944_1LT001'],216,1,"['O3QG1A1' 'O3QG1B1' 'O3QG1D1' 'O3QG1A2' 'O3QG1B2' 'O3QG1D2' 'O3QG1A3'
 'O3QG1B3' 'O3QG1D3']",216,9
944_2LT001,2102.8652,50.78378,5837.219,['944_2LT001'],216,1,"['3Q9L1A1' '3Q9L1B1' '3Q9L1D1' '3Q9L1A2' '3Q9L1B2' '3Q9L1D2' '3Q9L1A3'
 '3Q9L1B3' '3Q9L1D3']",216,9
944_3LT001,2101.4412,49.764267,5417.889,['944_3LT001'],216,1,"['O9VQAA1' 'O9VQAB1' 'O9VQAC1' 'O9VQAA2' 'O9VQAB2' 'O9VQAC2' 'O9VQAA3'
 'O9VQAB3' 'O9VQAC3']",216,9
945_0LT001,2147.4321,50.095615,5182.364,['945_0LT001'],216,1,"['VL19PA1' 'VL19PB1' 'VL19PC1' 'VL19PA2' 'VL19PB2' 'VL19PC2' 'VL19PA3'
 'VL19PB3' 'VL19PC3']",216,9
945_1LT001,2237.3599,52.331657,5424.493,['945_1LT001'],216,1,"['1LP9AA1' '1LP9AB1' '1LP9AD1' '1LP9AA2' '1LP9AB2' '1LP9AD2' '1LP9AA3'
 '1LP9AB3' '1LP9AD3']",216,9
946_0LT001,949.2632,49.30798,1983.7959,['946_0LT001'],96,1,['3PGA1B1' '3PGA1D1' '3PGA1B2' '3PGA1D2'],96,4
946_1LT001,2134.039,48.860554,5140.473,['946_1LT001'],216,1,"['G3APOA1' 'G3APOB1' 'G3APOD1' 'G3APOA2' 'G3APOB2' 'G3APOD2' 'G3APOA3'
 'G3APOB3' 'G3APOD3']",216,9
946_2LT001,2268.372,46.990585,5903.45,['946_2LT001'],240,1,"['PAGV9B1' 'PAGV9D1' 'PAGV9B2' 'PAGV9D2' 'PAGV9B3' 'PAGV9D3' 'PAGV9B4'
 'PAGV9D4' 'PAGV9B5' 'PAGV9D5']",240,10
947_0LT001,948.93835,49.178272,2336.1228,['947_0LT001'],96,1,['PVO31B1' 'PVO31D1' 'PVO31B2' 'PVO31D2'],96,4
947_1LT001,2016.8688,51.705734,5398.4556,['947_1LT001'],216,1,"['P9O31A1' 'P9O31B1' 'P9O31D1' 'P9O31A2' 'P9O31B2' 'P9O31D2' 'P9O31A3'
 'P9O31B3' 'P9O31D3']",216,9
947_2LT001,2096.3696,46.82847,4858.0864,['947_2LT001'],216,1,"['PAV31A1' 'PAV31B1' 'PAV31C1' 'PAV31A2' 'PAV31B2' 'PAV31C2' 'PAV31A3'
 'PAV31B3' 'PAV31C3']",216,9
948_0LT001,479.12442,48.14143,1194.9437,['948_0LT001'],48,1,['P1LGQB1' 'P1LGQB2'],48,2
948_1LT001,2212.98,49.057465,5204.4624,['948_1LT001'],216,1,"['3AVG1A1' '3AVG1B1' '3AVG1C1' '3AVG1A2' '3AVG1B2' '3AVG1C2' '3AVG1A3'
 '3AVG1B3' '3AVG1C3']",216,9
949_0LT001,421.68994,51.34055,1239.1548,['949_0LT001'],48,1,['G9A3LB1' 'G9A3LB2'],48,2
949_1LT001,941.1755,50.301575,2458.5938,['949_1LT001'],96,1,['9PAGOB1' '9PAGOD1' '9PAGOB2' '9PAGOD2'],96,4
950_0LT001,965.1362,53.509293,2467.224,['950_0LT001'],96,1,['AQ1LPB1' 'AQ1LPD1' 'AQ1LPB2' 'AQ1LPD2'],96,4
950_1LT001,977.40875,48.757565,2489.1135,['950_1LT001'],96,1,['O193VB1' 'O193VD1' 'O193VB2' 'O193VD2'],96,4
950_2LT001,2391.74,48.485416,5934.12,['950_2LT001'],240,1,"['39VLOB1' '39VLOD1' '39VLOB2' '39VLOD2' '39VLOB3' '39VLOD3' '39VLOB4'
 '39VLOD4' '39VLOB5' '39VLOD5']",240,10
950_3LT001,481.9104,50.78,1343.9641,['950_3LT001'],48,1,['A91GOB1' 'A91GOB2'],48,2
951_0LT001,2284.103,49.09868,5756.452,['951_0LT001'],216,1,"['9GP1OA1' '9GP1OB1' '9GP1OD1' '9GP1OA2' '9GP1OB2' '9GP1OD2' '9GP1OA3'
 '9GP1OB3' '9GP1OD3']",216,9
951_1LT001,2157.9187,50.34416,5216.2456,['951_1LT001'],216,1,"['V39OQA1' 'V39OQB1' 'V39OQD1' 'V39OQA2' 'V39OQB2' 'V39OQD2' 'V39OQA3'
 'V39OQB3' 'V39OQD3']",216,9
952_0LT001,2014.4153,52.08799,5271.065,['952_0LT001'],216,1,"['1GPA3A1' '1GPA3B1' '1GPA3C1' '1GPA3A2' '1GPA3B2' '1GPA3C2' '1GPA3A3'
 '1GPA3B3' '1GPA3C3']",216,9
952_1LT001,2067.8064,47.886787,5607.635,['952_1LT001'],216,1,"['1PVQ9A1' '1PVQ9B1' '1PVQ9D1' '1PVQ9A2' '1PVQ9B2' '1PVQ9D2' '1PVQ9A3'
 '1PVQ9B3' '1PVQ9D3']",216,9
952_2LT001,2222.9236,50.012157,5200.953,['952_2LT001'],216,1,"['93AGLA1' '93AGLB1' '93AGLC1' '93AGLA2' '93AGLB2' '93AGLC2' '93AGLA3'
 '93AGLB3' '93AGLC3']",216,9
952_3LT001,1436.9564,50.92976,3675.7917,['952_3LT001'],144,1,['OAPL3A1' 'OAPL3B1' 'OAPL3A2' 'OAPL3B2' 'OAPL3A3' 'OAPL3B3'],144,6
953_0LT001,1379.5732,46.02222,3669.4639,['953_0LT001'],144,1,['APQL3A1' 'APQL3B1' 'APQL3A2' 'APQL3B2' 'APQL3A3' 'APQL3B3'],144,6
953_1LT001,1330.0046,50.153572,3864.0952,['953_1LT001'],144,1,['1P9VQA1' '1P9VQB1' '1P9VQA2' '1P9VQB2' '1P9VQA3' '1P9VQB3'],144,6
953_2LT001,2011.0345,49.811604,5796.232,['953_2LT001'],216,1,"['LAQV1A1' 'LAQV1B1' 'LAQV1C1' 'LAQV1A2' 'LAQV1B2' 'LAQV1C2' 'LAQV1A3'
 'LAQV1B3' 'LAQV1C3']",216,9
954_0LT001,910.6263,48.406315,2421.4333,['954_0LT001'],96,1,['9OAGVB1' '9OAGVD1' '9OAGVB2' '9OAGVD2'],96,4
954_1LT001,2109.3433,49.920063,5055.5137,['954_1LT001'],216,1,"['G13AQA1' 'G13AQB1' 'G13AQD1' 'G13AQA2' 'G13AQB2' 'G13AQD2' 'G13AQA3'
 'G13AQB3' 'G13AQD3']",216,9
954_2LT001,2000.8341,50.591217,5337.2417,['954_2LT001'],216,1,"['QPGV3A1' 'QPGV3B1' 'QPGV3D1' 'QPGV3A2' 'QPGV3B2' 'QPGV3D2' 'QPGV3A3'
 'QPGV3B3' 'QPGV3D3']",216,9
954_3LT001,2209.9731,50.955326,5241.7666,['954_3LT001'],216,1,"['Q913LA1' 'Q913LB1' 'Q913LC1' 'Q913LA2' 'Q913LB2' 'Q913LC2' 'Q913LA3'
 'Q913LB3' 'Q913LC3']",216,9
955_0LT001,483.5975,56.118847,1170.4128,['955_0LT001'],48,1,['19AP3B1' '19AP3B2'],48,2
955_1LT001,2035.2446,47.647495,5273.66,['955_1LT001'],216,1,"['O1P9LA1' 'O1P9LB1' 'O1P9LC1' 'O1P9LA2' 'O1P9LB2' 'O1P9LC2' 'O1P9LA3'
 'O1P9LB3' 'O1P9LC3']",216,9
956_0LT001,2233.3608,46.402145,5478.3423,['956_0LT001'],216,1,"['L9OQVA1' 'L9OQVB1' 'L9OQVD1' 'L9OQVA2' 'L9OQVB2' 'L9OQVD2' 'L9OQVA3'
 'L9OQVB3' 'L9OQVD3']",216,9
956_1LT001,1944.7769,51.194046,5452.106,['956_1LT001'],216,1,"['QOG93A1' 'QOG93B1' 'QOG93C1' 'QOG93A2' 'QOG93B2' 'QOG93C2' 'QOG93A3'
 'QOG93B3' 'QOG93C3']",216,9
957_0LT001,2086.8076,48.497574,5727.7124,['957_0LT001'],216,1,"['1G39QA1' '1G39QB1' '1G39QD1' '1G39QA2' '1G39QB2' '1G39QD2' '1G39QA3'
 '1G39QB3' '1G39QD3']",216,9
957_1LT001,2236.004,51.14963,5403.616,['957_1LT001'],216,1,"['OL1PQA1' 'OL1PQB1' 'OL1PQD1' 'OL1PQA2' 'OL1PQB2' 'OL1PQD2' 'OL1PQA3'
 'OL1PQB3' 'OL1PQD3']",216,9
957_2LT001,933.3189,47.300327,2419.6772,['957_2LT001'],96,1,['AG1OPB1' 'AG1OPD1' 'AG1OPB2' 'AG1OPD2'],96,4
957_3LT001,1456.5836,52.578697,3517.1318,['957_3LT001'],144,1,['OQ9VLA1' 'OQ9VLB1' 'OQ9VLA2' 'OQ9VLB2' 'OQ9VLA3' 'OQ9VLB3'],144,6
958_0LT001,2044.4323,52.210896,5630.9966,['958_0LT001'],216,1,"['A9LG3A1' 'A9LG3B1' 'A9LG3C1' 'A9LG3A2' 'A9LG3B2' 'A9LG3C2' 'A9LG3A3'
 'A9LG3B3' 'A9LG3C3']",216,9
958_1LT001,2056.2336,49.694344,5368.766,['958_1LT001'],216,1,"['1V3PQA1' '1V3PQB1' '1V3PQC1' '1V3PQA2' '1V3PQB2' '1V3PQC2' '1V3PQA3'
 '1V3PQB3' '1V3PQC3']",216,9
958_2LT001,467.39734,54.474716,1291.332,['958_2LT001'],48,1,['P13GLB1' 'P13GLB2'],48,2
959_0LT001,1436.9272,49.854404,3856.6672,['959_0LT001'],144,1,['O1QGVA1' 'O1QGVB1' 'O1QGVA2' 'O1QGVB2' 'O1QGVA3' 'O1QGVB3'],144,6
959_1LT001,2150.8904,50.470745,5629.7124,['959_1LT001'],216,1,"['QVPLGA1' 'QVPLGB1' 'QVPLGD1' 'QVPLGA2' 'QVPLGB2' 'QVPLGD2' 'QVPLGA3'
 'QVPLGB3' 'QVPLGD3']",216,9
959_2LT001,540.7908,55.981857,1140.4956,['959_2LT001'],48,1,['1AVL3B1' '1AVL3B2'],48,2
960_0LT001,484.6111,50.663456,1219.8896,['960_0LT001'],48,1,['G39LAB1' 'G39LAB2'],48,2
960_1LT001,927.98303,53.08821,2533.4456,['960_1LT001'],96,1,['1QGVOB1' '1QGVOD1' '1QGVOB2' '1QGVOD2'],96,4
960_2LT001,2200.8826,50.271847,5810.4233,['960_2LT001'],216,1,"['Q3VGOA1' 'Q3VGOB1' 'Q3VGOD1' 'Q3VGOA2' 'Q3VGOB2' 'Q3VGOD2' 'Q3VGOA3'
 'Q3VGOB3' 'Q3VGOD3']",216,9
960_3LT001,2153.8083,52.387672,5365.951,['960_3LT001'],216,1,"['3AOGVA1' '3AOGVB1' '3AOGVC1' '3AOGVA2' '3AOGVB2' '3AOGVC2' '3AOGVA3'
 '3AOGVB3' '3AOGVC3']",216,9
961_0LT001,2222.4814,52.46252,5418.2773,['961_0LT001'],216,1,"['P9AGQA1' 'P9AGQB1' 'P9AGQC1' 'P9AGQA2' 'P9AGQB2' 'P9AGQC2' 'P9AGQA3'
 'P9AGQB3' 'P9AGQC3']",216,9
961_1LT001,2374.2893,50.6426,6043.0034,['961_1LT001'],240,1,"['PQ9V1B1' 'PQ9V1C1' 'PQ9V1B2' 'PQ9V1C2' 'PQ9V1B3' 'PQ9V1C3' 'PQ9V1B4'
 'PQ9V1C4' 'PQ9V1B5' 'PQ9V1C5']",240,10
962_0LT001,2290.4006,49.31351,5374.8374,['962_0LT001'],216,1,"['3L91OA1' '3L91OB1' '3L91OC1' '3L91OA2' '3L91OB2' '3L91OC2' '3L91OA3'
 '3L91OB3' '3L91OC3']",216,9
962_1LT001,1450.8347,52.33234,3526.485,['962_1LT001'],144,1,['19A3QA1' '19A3QB1' '19A3QA2' '19A3QB2' '19A3QA3' '19A3QB3'],144,6
963_0LT001,2113.5269,47.48373,5402.2393,['963_0LT001'],216,1,"['VA9OGA1' 'VA9OGB1' 'VA9OGD1' 'VA9OGA2' 'VA9OGB2' 'VA9OGD2' 'VA9OGA3'
 'VA9OGB3' 'VA9OGD3']",216,9
963_1LT001,455.90814,57.769745,1151.6277,['963_1LT001'],48,1,['A1Q9VB1' 'A1Q9VB2'],48,2
964_0LT001,2181.5713,46.82403,5532.8193,['964_0LT001'],216,1,"['9L31VA1' '9L31VB1' '9L31VD1' '9L31VA2' '9L31VB2' '9L31VD2' '9L31VA3'
 '9L31VB3' '9L31VD3']",216,9
964_1LT001,2099.187,49.68727,5709.1313,['964_1LT001'],216,1,"['QO3V1A1' 'QO3V1B1' 'QO3V1D1' 'QO3V1A2' 'QO3V1B2' 'QO3V1D2' 'QO3V1A3'
 'QO3V1B3' 'QO3V1D3']",216,9
964_2LT001,1024.1941,48.399387,2426.15,['964_2LT001'],96,1,['OQPG9B1' 'OQPG9D1' 'OQPG9B2' 'OQPG9D2'],96,4
965_0LT001,1497.7538,51.43497,3417.996,['965_0LT001'],144,1,['A19VGA1' 'A19VGB1' 'A19VGA2' 'A19VGB2' 'A19VGA3' 'A19VGB3'],144,6
965_1LT001,1503.0747,53.88457,3501.842,['965_1LT001'],144,1,['GQPV1A1' 'GQPV1B1' 'GQPV1A2' 'GQPV1B2' 'GQPV1A3' 'GQPV1B3'],144,6
966_0LT001,471.50107,49.537994,1301.043,['966_0LT001'],48,1,['9OP3LB1' '9OP3LB2'],48,2
966_1LT001,2142.4788,49.268986,5286.606,['966_1LT001'],216,1,"['3A9L1A1' '3A9L1B1' '3A9L1D1' '3A9L1A2' '3A9L1B2' '3A9L1D2' '3A9L1A3'
 '3A9L1B3' '3A9L1D3']",216,9
966_2LT001,2104.9949,51.37337,5293.9707,['966_2LT001'],216,1,"['LVA3PA1' 'LVA3PB1' 'LVA3PD1' 'LVA3PA2' 'LVA3PB2' 'LVA3PD2' 'LVA3PA3'
 'LVA3PB3' 'LVA3PD3']",216,9
967_0LT001,2140.2468,48.673965,5515.7197,['967_0LT001'],216,1,"['9AG1PA1' '9AG1PB1' '9AG1PC1' '9AG1PA2' '9AG1PB2' '9AG1PC2' '9AG1PA3'
 '9AG1PB3' '9AG1PC3']",216,9
967_1LT001,2137.3845,51.96816,5673.4404,['967_1LT001'],216,1,"['9P3V1A1' '9P3V1B1' '9P3V1D1' '9P3V1A2' '9P3V1B2' '9P3V1D2' '9P3V1A3'
 '9P3V1B3' '9P3V1D3']",216,9
967_2LT001,2042.4818,50.014004,5657.873,['967_2LT001'],216,1,"['9QL1AA1' '9QL1AB1' '9QL1AC1' '9QL1AA2' '9QL1AB2' '9QL1AC2' '9QL1AA3'
 '9QL1AB3' '9QL1AC3']",216,9
968_0LT001,2333.8496,50.447556,5513.151,['968_0LT001'],240,1,"['1V9LQB1' '1V9LQC1' '1V9LQB2' '1V9LQC2' '1V9LQB3' '1V9LQC3' '1V9LQB4'
 '1V9LQC4' '1V9LQB5' '1V9LQC5']",240,10
968_1LT001,2032.6438,50.260548,5228.697,['968_1LT001'],216,1,"['9G1PAA1' '9G1PAB1' '9G1PAD1' '9G1PAA2' '9G1PAB2' '9G1PAD2' '9G1PAA3'
 '9G1PAB3' '9G1PAD3']",216,9
969_0LT001,1394.7612,49.44005,3742.7332,['969_0LT001'],144,1,['QV19LA1' 'QV19LB1' 'QV19LA2' 'QV19LB2' 'QV19LA3' 'QV19LB3'],144,6
969_1LT001,2062.727,50.213997,5500.2603,['969_1LT001'],216,1,"['GA3V1A1' 'GA3V1B1' 'GA3V1D1' 'GA3V1A2' 'GA3V1B2' 'GA3V1D2' 'GA3V1A3'
 'GA3V1B3' 'GA3V1D3']",216,9
969_2LT001,1416.2758,49.098286,3469.3018,['969_2LT001'],144,1,['Q193PA1' 'Q193PB1' 'Q193PA2' 'Q193PB2' 'Q193PA3' 'Q193PB3'],144,6
970_0LT001,2179.1252,50.944088,5798.0664,['970_0LT001'],216,1,"['3PVO1A1' '3PVO1B1' '3PVO1C1' '3PVO1A2' '3PVO1B2' '3PVO1C2' '3PVO1A3'
 '3PVO1B3' '3PVO1C3']",216,9
970_1LT001,2186.5437,49.68037,5289.477,['970_1LT001'],216,1,"['OLA3PA1' 'OLA3PB1' 'OLA3PD1' 'OLA3PA2' 'OLA3PB2' 'OLA3PD2' 'OLA3PA3'
 'OLA3PB3' 'OLA3PD3']",216,9
970_2LT001,2328.2031,47.1808,5361.0405,['970_2LT001'],216,1,"['1PGQLA1' '1PGQLB1' '1PGQLD1' '1PGQLA2' '1PGQLB2' '1PGQLD2' '1PGQLA3'
 '1PGQLB3' '1PGQLD3']",216,9
971_0LT001,963.8927,51.90614,2478.7334,['971_0LT001'],96,1,['QOA9GB1' 'QOA9GD1' 'QOA9GB2' 'QOA9GD2'],96,4
971_1LT001,2437.4128,49.024147,5746.242,['971_1LT001'],240,1,"['OG3AVB1' 'OG3AVD1' 'OG3AVB2' 'OG3AVD2' 'OG3AVB3' 'OG3AVD3' 'OG3AVB4'
 'OG3AVD4' 'OG3AVB5' 'OG3AVD5']",240,10
972_0LT001,2283.1628,50.635475,5375.4233,['972_0LT001'],216,1,"['VAQ9PA1' 'VAQ9PB1' 'VAQ9PD1' 'VAQ9PA2' 'VAQ9PB2' 'VAQ9PD2' 'VAQ9PA3'
 'VAQ9PB3' 'VAQ9PD3']",216,9
972_1LT001,948.89844,48.357056,2312.8171,['972_1LT001'],96,1,['13OVPB1' '13OVPD1' '13OVPB2' '13OVPD2'],96,4
973_0LT001,1994.4504,51.061245,5414.0176,['973_0LT001'],216,1,"['AGPV3A1' 'AGPV3B1' 'AGPV3D1' 'AGPV3A2' 'AGPV3B2' 'AGPV3D2' 'AGPV3A3'
 'AGPV3B3' 'AGPV3D3']",216,9
973_1LT001,2233.9102,50.028946,5262.146,['973_1LT001'],216,1,"['GAV3PA1' 'GAV3PB1' 'GAV3PD1' 'GAV3PA2' 'GAV3PB2' 'GAV3PD2' 'GAV3PA3'
 'GAV3PB3' 'GAV3PD3']",216,9
973_2LT001,2159.4177,52.416264,5265.3267,['973_2LT001'],216,1,"['3GLOAA1' '3GLOAB1' '3GLOAC1' '3GLOAA2' '3GLOAB2' '3GLOAC2' '3GLOAA3'
 '3GLOAB3' '3GLOAC3']",216,9
974_0LT001,963.16815,46.668407,2309.1753,['974_0LT001'],96,1,['3PA19B1' '3PA19D1' '3PA19B2' '3PA19D2'],96,4
974_1LT001,2057.3513,51.03081,5310.147,['974_1LT001'],216,1,"['A39Q1A1' 'A39Q1B1' 'A39Q1C1' 'A39Q1A2' 'A39Q1B2' 'A39Q1C2' 'A39Q1A3'
 'A39Q1B3' 'A39Q1C3']",216,9
974_2LT001,2128.8562,48.153355,5257.58,['974_2LT001'],216,1,"['GA31OA1' 'GA31OB1' 'GA31OD1' 'GA31OA2' 'GA31OB2' 'GA31OD2' 'GA31OA3'
 'GA31OB3' 'GA31OD3']",216,9
975_0LT001,1418.531,46.196686,3450.8057,['975_0LT001'],144,1,['OP3QGA1' 'OP3QGB1' 'OP3QGA2' 'OP3QGB2' 'OP3QGA3' 'OP3QGB3'],144,6
975_1LT001,2131.0984,51.87444,5559.349,['975_1LT001'],216,1,"['LPQAOA1' 'LPQAOB1' 'LPQAOC1' 'LPQAOA2' 'LPQAOB2' 'LPQAOC2' 'LPQAOA3'
 'LPQAOB3' 'LPQAOC3']",216,9
975_2LT001,1352.4242,49.799114,3594.9956,['975_2LT001'],144,1,['9VAGPA1' '9VAGPB1' '9VAGPA2' '9VAGPB2' '9VAGPA3' '9VAGPB3'],144,6
975_3LT001,2245.5623,50.193207,5408.7686,['975_3LT001'],216,1,"['GLAP1A1' 'GLAP1B1' 'GLAP1D1' 'GLAP1A2' 'GLAP1B2' 'GLAP1D2' 'GLAP1A3'
 'GLAP1B3' 'GLAP1D3']",216,9
976_0LT001,2353.088,53.282536,6132.2344,['976_0LT001'],240,1,"['AVLG3B1' 'AVLG3D1' 'AVLG3B2' 'AVLG3D2' 'AVLG3B3' 'AVLG3D3' 'AVLG3B4'
 'AVLG3D4' 'AVLG3B5' 'AVLG3D5']",240,10
976_1LT001,2135.527,45.455563,5484.1616,['976_1LT001'],216,1,"['LV1GOA1' 'LV1GOB1' 'LV1GOC1' 'LV1GOA2' 'LV1GOB2' 'LV1GOC2' 'LV1GOA3'
 'LV1GOB3' 'LV1GOC3']",216,9
976_2LT001,903.5421,52.976322,2199.3955,['976_2LT001'],96,1,['O9P1QB1' 'O9P1QD1' 'O9P1QB2' 'O9P1QD2'],96,4
977_0LT001,2299.813,51.471348,5925.595,['977_0LT001'],216,1,"['9O3LVA1' '9O3LVB1' '9O3LVD1' '9O3LVA2' '9O3LVB2' '9O3LVD2' '9O3LVA3'
 '9O3LVB3' '9O3LVD3']",216,9
977_1LT001,2201.1235,48.529667,5183.4395,['977_1LT001'],216,1,"['1PL9AA1' '1PL9AB1' '1PL9AD1' '1PL9AA2' '1PL9AB2' '1PL9AD2' '1PL9AA3'
 '1PL9AB3' '1PL9AD3']",216,9
978_0LT001,2104.7498,50.02516,5134.577,['978_0LT001'],216,1,"['GQLO1A1' 'GQLO1B1' 'GQLO1C1' 'GQLO1A2' 'GQLO1B2' 'GQLO1C2' 'GQLO1A3'
 'GQLO1B3' 'GQLO1C3']",216,9
978_1LT001,2186.37,51.310524,5200.129,['978_1LT001'],216,1,"['Q139GA1' 'Q139GB1' 'Q139GC1' 'Q139GA2' 'Q139GB2' 'Q139GC2' 'Q139GA3'
 'Q139GB3' 'Q139GC3']",216,9
979_0LT001,2200.3018,49.055996,5813.3354,['979_0LT001'],216,1,"['APO9QA1' 'APO9QB1' 'APO9QD1' 'APO9QA2' 'APO9QB2' 'APO9QD2' 'APO9QA3'
 'APO9QB3' 'APO9QD3']",216,9
979_1LT001,2098.5806,49.47885,5377.8193,['979_1LT001'],216,1,"['O9Q3GA1' 'O9Q3GB1' 'O9Q3GD1' 'O9Q3GA2' 'O9Q3GB2' 'O9Q3GD2' 'O9Q3GA3'
 'O9Q3GB3' 'O9Q3GD3']",216,9
979_2LT001,1011.32104,48.695766,2200.6917,['979_2LT001'],96,1,['Q1AGVB1' 'Q1AGVD1' 'Q1AGVB2' 'Q1AGVD2'],96,4
979_3LT001,2216.3074,50.51247,4967.9424,['979_3LT001'],216,1,"['3AOG9A1' '3AOG9B1' '3AOG9D1' '3AOG9A2' '3AOG9B2' '3AOG9D2' '3AOG9A3'
 '3AOG9B3' '3AOG9D3']",216,9
980_0LT001,1388.9241,47.807804,3990.0215,['980_0LT001'],144,1,['3LVO9A1' '3LVO9B1' '3LVO9A2' '3LVO9B2' '3LVO9A3' '3LVO9B3'],144,6
980_1LT001,1479.6255,48.019886,4034.9114,['980_1LT001'],144,1,['3GV1PA1' '3GV1PB1' '3GV1PA2' '3GV1PB2' '3GV1PA3' '3GV1PB3'],144,6
980_2LT001,2183.8713,48.51988,5804.771,['980_2LT001'],216,1,"['G9Q1LA1' 'G9Q1LB1' 'G9Q1LD1' 'G9Q1LA2' 'G9Q1LB2' 'G9Q1LD2' 'G9Q1LA3'
 'G9Q1LB3' 'G9Q1LD3']",216,9
980_3LT001,965.49725,52.65395,2358.0615,['980_3LT001'],96,1,['9Q3OPB1' '9Q3OPD1' '9Q3OPB2' '9Q3OPD2'],96,4
981_0LT001,2237.3423,49.279972,5483.693,['981_0LT001'],216,1,"['9PQV1A1' '9PQV1B1' '9PQV1C1' '9PQV1A2' '9PQV1B2' '9PQV1C2' '9PQV1A3'
 '9PQV1B3' '9PQV1C3']",216,9
981_1LT001,2042.0394,52.788006,5755.3125,['981_1LT001'],216,1,"['L91QGA1' 'L91QGB1' 'L91QGD1' 'L91QGA2' 'L91QGB2' 'L91QGD2' 'L91QGA3'
 'L91QGB3' 'L91QGD3']",216,9
982_0LT001,2165.8733,48.697224,5463.3057,['982_0LT001'],216,1,"['LPVO3A1' 'LPVO3B1' 'LPVO3D1' 'LPVO3A2' 'LPVO3B2' 'LPVO3D2' 'LPVO3A3'
 'LPVO3B3' 'LPVO3D3']",216,9
982_1LT001,2234.2212,49.58078,5338.5376,['982_1LT001'],216,1,"['9AOPQA1' '9AOPQB1' '9AOPQC1' '9AOPQA2' '9AOPQB2' '9AOPQC2' '9AOPQA3'
 '9AOPQB3' '9AOPQC3']",216,9
983_0LT001,2191.5203,55.665142,5374.0522,['983_0LT001'],216,1,"['39VOAA1' '39VOAB1' '39VOAD1' '39VOAA2' '39VOAB2' '39VOAD2' '39VOAA3'
 '39VOAB3' '39VOAD3']",216,9
983_1LT001,2141.903,51.432644,5384.1094,['983_1LT001'],216,1,"['VQO3LA1' 'VQO3LB1' 'VQO3LC1' 'VQO3LA2' 'VQO3LB2' 'VQO3LC2' 'VQO3LA3'
 'VQO3LB3' 'VQO3LC3']",216,9
984_0LT001,1391.6896,52.014053,3818.33,['984_0LT001'],144,1,['139QGA1' '139QGB1' '139QGA2' '139QGB2' '139QGA3' '139QGB3'],144,6
984_1LT001,926.6709,49.163486,2433.6426,['984_1LT001'],96,1,['3A9LPB1' '3A9LPD1' '3A9LPB2' '3A9LPD2'],96,4
984_2LT001,947.6116,51.61887,2362.037,['984_2LT001'],96,1,['GPOVLB1' 'GPOVLD1' 'GPOVLB2' 'GPOVLD2'],96,4
985_0LT001,2160.6152,48.358665,5504.5977,['985_0LT001'],216,1,"['3GQ1PA1' '3GQ1PB1' '3GQ1PD1' '3GQ1PA2' '3GQ1PB2' '3GQ1PD2' '3GQ1PA3'
 '3GQ1PB3' '3GQ1PD3']",216,9
985_1LT001,1026.587,54.14964,2341.6047,['985_1LT001'],96,1,['93QO1B1' '93QO1D1' '93QO1B2' '93QO1D2'],96,4
986_0LT001,2246.844,49.19991,5103.0845,['986_0LT001'],216,1,"['OLQ3PA1' 'OLQ3PB1' 'OLQ3PC1' 'OLQ3PA2' 'OLQ3PB2' 'OLQ3PC2' 'OLQ3PA3'
 'OLQ3PB3' 'OLQ3PC3']",216,9
986_1LT001,951.5646,53.479717,2482.9316,['986_1LT001'],96,1,['QO9G3B1' 'QO9G3D1' 'QO9G3B2' 'QO9G3D2'],96,4
987_0LT001,1306.1224,50.94203,3639.3289,['987_0LT001'],144,1,['GLVP9A1' 'GLVP9B1' 'GLVP9A2' 'GLVP9B2' 'GLVP9A3' 'GLVP9B3'],144,6
987_1LT001,2034.72,52.09593,5697.7705,['987_1LT001'],216,1,"['QVGP9A1' 'QVGP9B1' 'QVGP9C1' 'QVGP9A2' 'QVGP9B2' 'QVGP9C2' 'QVGP9A3'
 'QVGP9B3' 'QVGP9C3']",216,9
988_0LT001,1021.38794,47.15611,2488.8645,['988_0LT001'],96,1,['PLGQVB1' 'PLGQVD1' 'PLGQVB2' 'PLGQVD2'],96,4
988_1LT001,2119.8918,47.867233,5440.6255,['988_1LT001'],216,1,"['Q3POLA1' 'Q3POLB1' 'Q3POLC1' 'Q3POLA2' 'Q3POLB2' 'Q3POLC2' 'Q3POLA3'
 'Q3POLB3' 'Q3POLC3']",216,9
989_0LT001,1571.4808,55.65831,3854.0847,['989_0LT001'],144,1,['9OQGLA1' '9OQGLB1' '9OQGLA2' '9OQGLB2' '9OQGLA3' '9OQGLB3'],144,6
989_1LT001,2282.1414,47.05457,5055.2964,['989_1LT001'],216,1,"['P9V3AA1' 'P9V3AB1' 'P9V3AD1' 'P9V3AA2' 'P9V3AB2' 'P9V3AD2' 'P9V3AA3'
 'P9V3AB3' 'P9V3AD3']",216,9
989_2LT001,2430.0881,51.29307,5653.3066,['989_2LT001'],240,1,"['AO3L9B1' 'AO3L9C1' 'AO3L9B2' 'AO3L9C2' 'AO3L9B3' 'AO3L9C3' 'AO3L9B4'
 'AO3L9C4' 'AO3L9B5' 'AO3L9C5']",240,10
989_3LT001,2098.6733,50.119587,4942.0435,['989_3LT001'],216,1,"['O1Q9VA1' 'O1Q9VB1' 'O1Q9VD1' 'O1Q9VA2' 'O1Q9VB2' 'O1Q9VD2' 'O1Q9VA3'
 'O1Q9VB3' 'O1Q9VD3']",216,9
990_0LT001,450.83182,54.01126,1067.757,['990_0LT001'],48,1,['QA91OB1' 'QA91OB2'],48,2
990_1LT001,2151.6077,51.04116,5260.979,['990_1LT001'],216,1,"['9LOAQA1' '9LOAQB1' '9LOAQC1' '9LOAQA2' '9LOAQB2' '9LOAQC2' '9LOAQA3'
 '9LOAQB3' '9LOAQC3']",216,9
990_2LT001,2133.8765,51.260136,5724.0576,['990_2LT001'],216,1,"['1OLQ9A1' '1OLQ9B1' '1OLQ9D1' '1OLQ9A2' '1OLQ9B2' '1OLQ9D2' '1OLQ9A3'
 '1OLQ9B3' '1OLQ9D3']",216,9
990_3LT001,2045.2633,49.636143,5122.06,['990_3LT001'],216,1,"['AOLV9A1' 'AOLV9B1' 'AOLV9C1' 'AOLV9A2' 'AOLV9B2' 'AOLV9C2' 'AOLV9A3'
 'AOLV9B3' 'AOLV9C3']",216,9
991_0LT001,2163.35,48.66077,5639.6147,['991_0LT001'],216,1,"['LAQ9GA1' 'LAQ9GB1' 'LAQ9GD1' 'LAQ9GA2' 'LAQ9GB2' 'LAQ9GD2' 'LAQ9GA3'
 'LAQ9GB3' 'LAQ9GD3']",216,9
991_1LT001,2185.8755,50.543858,5486.008,['991_1LT001'],216,1,"['P31G9A1' 'P31G9B1' 'P31G9D1' 'P31G9A2' 'P31G9B2' 'P31G9D2' 'P31G9A3'
 'P31G9B3' 'P31G9D3']",216,9
991_2LT001,2112.304,49.63252,5567.647,['991_2LT001'],216,1,"['Q1L9PA1' 'Q1L9PB1' 'Q1L9PC1' 'Q1L9PA2' 'Q1L9PB2' 'Q1L9PC2' 'Q1L9PA3'
 'Q1L9PB3' 'Q1L9PC3']",216,9
991_3LT001,2065.3489,50.457104,5208.67,['991_3LT001'],216,1,"['VAQGPA1' 'VAQGPB1' 'VAQGPD1' 'VAQGPA2' 'VAQGPB2' 'VAQGPD2' 'VAQGPA3'
 'VAQGPB3' 'VAQGPD3']",216,9
992_0LT001,1454.9468,51.87299,3866.2378,['992_0LT001'],144,1,['POA1VA1' 'POA1VB1' 'POA1VA2' 'POA1VB2' 'POA1VA3' 'POA1VB3'],144,6
992_1LT001,2190.3928,51.13828,5264.068,['992_1LT001'],216,1,"['GOLQ1A1' 'GOLQ1B1' 'GOLQ1D1' 'GOLQ1A2' 'GOLQ1B2' 'GOLQ1D2' 'GOLQ1A3'
 'GOLQ1B3' 'GOLQ1D3']",216,9
992_2LT001,2227.0513,49.985992,5038.103,['992_2LT001'],216,1,"['QAOLGA1' 'QAOLGB1' 'QAOLGD1' 'QAOLGA2' 'QAOLGB2' 'QAOLGD2' 'QAOLGA3'
 'QAOLGB3' 'QAOLGD3']",216,9
993_0LT001,2132.3086,46.418976,5146.7114,['993_0LT001'],216,1,"['13PAQA1' '13PAQB1' '13PAQD1' '13PAQA2' '13PAQB2' '13PAQD2' '13PAQA3'
 '13PAQB3' '13PAQD3']",216,9
993_1LT001,927.8708,49.81593,2340.7595,['993_1LT001'],96,1,['O319AB1' 'O319AD1' 'O319AB2' 'O319AD2'],96,4
994_0LT001,1343.1487,48.7827,3652.221,['994_0LT001'],144,1,['V9OLGA1' 'V9OLGB1' 'V9OLGA2' 'V9OLGB2' 'V9OLGA3' 'V9OLGB3'],144,6
994_1LT001,1425.1802,52.273468,3420.106,['994_1LT001'],144,1,['QOV13A1' 'QOV13B1' 'QOV13A2' 'QOV13B2' 'QOV13A3' 'QOV13B3'],144,6
994_2LT001,2176.4546,50.302605,5738.7764,['994_2LT001'],216,1,"['L91VPA1' 'L91VPB1' 'L91VPD1' 'L91VPA2' 'L91VPB2' 'L91VPD2' 'L91VPA3'
 'L91VPB3' 'L91VPD3']",216,9
995_0LT001,2398.13,53.719173,5901.26,['995_0LT001'],240,1,"['VG91AB1' 'VG91AD1' 'VG91AB2' 'VG91AD2' 'VG91AB3' 'VG91AD3' 'VG91AB4'
 'VG91AD4' 'VG91AB5' 'VG91AD5']",240,10
995_1LT001,2091.3635,49.860504,5784.2964,['995_1LT001'],216,1,"['OQLG9A1' 'OQLG9B1' 'OQLG9C1' 'OQLG9A2' 'OQLG9B2' 'OQLG9C2' 'OQLG9A3'
 'OQLG9B3' 'OQLG9C3']",216,9
995_2LT001,2127.123,50.03845,5314.9663,['995_2LT001'],216,1,"['V3LQ1A1' 'V3LQ1B1' 'V3LQ1C1' 'V3LQ1A2' 'V3LQ1B2' 'V3LQ1C2' 'V3LQ1A3'
 'V3LQ1B3' 'V3LQ1C3']",216,9
995_3LT001,2166.5427,52.379814,5396.1177,['995_3LT001'],216,1,"['OPQ9LA1' 'OPQ9LB1' 'OPQ9LD1' 'OPQ9LA2' 'OPQ9LB2' 'OPQ9LD2' 'OPQ9LA3'
 'OPQ9LB3' 'OPQ9LD3']",216,9
996_0LT001,406.46945,48.30901,1457.3035,['996_0LT001'],48,1,['3OGALB1' '3OGALB2'],48,2
996_1LT001,2280.8896,51.353,5322.6025,['996_1LT001'],216,1,"['1QO9LA1' '1QO9LB1' '1QO9LD1' '1QO9LA2' '1QO9LB2' '1QO9LD2' '1QO9LA3'
 '1QO9LB3' '1QO9LD3']",216,9
996_2LT001,1080.6844,50.73674,2525.6572,['996_2LT001'],96,1,['A9OG1B1' 'A9OG1D1' 'A9OG1B2' 'A9OG1D2'],96,4
996_3LT001,1368.5758,46.78624,3436.4092,['996_3LT001'],144,1,['OV93AA1' 'OV93AB1' 'OV93AA2' 'OV93AB2' 'OV93AA3' 'OV93AB3'],144,6
997_0LT001,464.84045,44.792934,1161.1125,['997_0LT001'],48,1,['319PLB1' '319PLB2'],48,2
997_1LT001,970.40814,48.82576,2501.724,['997_1LT001'],96,1,['GLOVPB1' 'GLOVPD1' 'GLOVPB2' 'GLOVPD2'],96,4
998_0LT001,2252.8818,53.408295,5391.2217,['998_0LT001'],216,1,"['3LP1QA1' '3LP1QB1' '3LP1QC1' '3LP1QA2' '3LP1QB2' '3LP1QC2' '3LP1QA3'
 '3LP1QB3' '3LP1QC3']",216,9
998_1LT001,2238.2964,47.9665,5058.0527,['998_1LT001'],216,1,"['QPV3OA1' 'QPV3OB1' 'QPV3OC1' 'QPV3OA2' 'QPV3OB2' 'QPV3OC2' 'QPV3OA3'
 'QPV3OB3' 'QPV3OC3']",216,9
998_2LT001,2186.8677,50.37119,5216.1396,['998_2LT001'],216,1,"['OQLP3A1' 'OQLP3B1' 'OQLP3C1' 'OQLP3A2' 'OQLP3B2' 'OQLP3C2' 'OQLP3A3'
 'OQLP3B3' 'OQLP3C3']",216,9
998_3LT001,2020.9436,51.33392,5473.0664,['998_3LT001'],216,1,"['3QOPVA1' '3QOPVB1' '3QOPVD1' '3QOPVA2' '3QOPVB2' '3QOPVD2' '3QOPVA3'
 '3QOPVB3' '3QOPVD3']",216,9
999_0LT001,977.6212,46.521145,2483.572,['999_0LT001'],96,1,['91PLAB1' '91PLAD1' '91PLAB2' '91PLAD2'],96,4
999_1LT001,2139.9646,48.05903,5470.7476,['999_1LT001'],216,1,"['L9VGOA1' 'L9VGOB1' 'L9VGOD1' 'L9VGOA2' 'L9VGOB2' 'L9VGOD2' 'L9VGOA3'
 'L9VGOB3' 'L9VGOD3']",216,9
999_2LT001,2215.6484,50.78106,5190.0693,['999_2LT001'],216,1,"['OA9LGA1' 'OA9LGB1' 'OA9LGD1' 'OA9LGA2' 'OA9LGB2' 'OA9LGD2' 'OA9LGA3'
 'OA9LGB3' 'OA9LGD3']",216,9
1000_0LT001,1073.4905,49.183453,2411.9067,['1000_0LT001'],96,1,['GLAQ1B1' 'GLAQ1D1' 'GLAQ1B2' 'GLAQ1D2'],96,4
1000_1LT001,2247.959,48.994877,5406.431,['1000_1LT001'],216,1,"['VA31PA1' 'VA31PB1' 'VA31PD1' 'VA31PA2' 'VA31PB2' 'VA31PD2' 'VA31PA3'
 'VA31PB3' 'VA31PD3']",216,9
1001_0LT001,2125.598,50.264008,5631.343,['1001_0LT001'],216,1,"['VL3POA1' 'VL3POB1' 'VL3POD1' 'VL3POA2' 'VL3POB2' 'VL3POD2' 'VL3POA3'
 'VL3POB3' 'VL3POD3']",216,9
1001_1LT001,2199.2612,48.228348,5068.8423,['1001_1LT001'],216,1,"['13PAVA1' '13PAVB1' '13PAVD1' '13PAVA2' '13PAVB2' '13PAVD2' '13PAVA3'
 '13PAVB3' '13PAVD3']",216,9
1001_2LT001,1033.5721,51.2683,2402.108,['1001_2LT001'],96,1,['GQ91OB1' 'GQ91OD1' 'GQ91OB2' 'GQ91OD2'],96,4
1001_3LT001,2187.6116,51.31502,5785.4375,['1001_3LT001'],216,1,"['QLAP9A1' 'QLAP9B1' 'QLAP9C1' 'QLAP9A2' 'QLAP9B2' 'QLAP9C2' 'QLAP9A3'
 'QLAP9B3' 'QLAP9C3']",216,9
1002_0LT001,2175.4187,52.952305,5526.1123,['1002_0LT001'],216,1,"['O93GLA1' 'O93GLB1' 'O93GLC1' 'O93GLA2' 'O93GLB2' 'O93GLC2' 'O93GLA3'
 'O93GLB3' 'O93GLC3']",216,9
1002_1LT001,2141.0054,53.725204,5700.711,['1002_1LT001'],216,1,"['1VGOPA1' '1VGOPB1' '1VGOPD1' '1VGOPA2' '1VGOPB2' '1VGOPD2' '1VGOPA3'
 '1VGOPB3' '1VGOPD3']",216,9
1002_2LT001,2360.1865,48.517124,6031.15,['1002_2LT001'],240,1,"['9GL3AB1' '9GL3AD1' '9GL3AB2' '9GL3AD2' '9GL3AB3' '9GL3AD3' '9GL3AB4'
 '9GL3AD4' '9GL3AB5' '9GL3AD5']",240,10
1002_3LT001,2124.6667,50.756622,5598.976,['1002_3LT001'],216,1,"['G9OA1A1' 'G9OA1B1' 'G9OA1D1' 'G9OA1A2' 'G9OA1B2' 'G9OA1D2' 'G9OA1A3'
 'G9OA1B3' 'G9OA1D3']",216,9
1003_0LT001,545.45984,45.429066,993.7813,['1003_0LT001'],48,1,['A19PQB1' 'A19PQB2'],48,2
1003_1LT001,2074.973,54.574837,5724.567,['1003_1LT001'],216,1,"['9V3L1A1' '9V3L1B1' '9V3L1D1' '9V3L1A2' '9V3L1B2' '9V3L1D2' '9V3L1A3'
 '9V3L1B3' '9V3L1D3']",216,9
1003_2LT001,472.51218,42.816494,1234.6035,['1003_2LT001'],48,1,['9GPOQB1' '9GPOQB2'],48,2
1004_0LT001,2170.264,49.59966,5219.674,['1004_0LT001'],216,1,"['3QPL9A1' '3QPL9B1' '3QPL9D1' '3QPL9A2' '3QPL9B2' '3QPL9D2' '3QPL9A3'
 '3QPL9B3' '3QPL9D3']",216,9
1004_1LT001,1392.7632,51.486565,3523.258,['1004_1LT001'],144,1,['9OLVGA1' '9OLVGB1' '9OLVGA2' '9OLVGB2' '9OLVGA3' '9OLVGB3'],144,6
1005_0LT001,2083.28,50.130802,5462.5093,['1005_0LT001'],216,1,"['Q93ALA1' 'Q93ALB1' 'Q93ALD1' 'Q93ALA2' 'Q93ALB2' 'Q93ALD2' 'Q93ALA3'
 'Q93ALB3' 'Q93ALD3']",216,9
1005_1LT001,1402.5221,56.991253,3533.4304,['1005_1LT001'],144,1,['31PA9A1' '31PA9B1' '31PA9A2' '31PA9B2' '31PA9A3' '31PA9B3'],144,6
1006_0LT001,2048.739,50.272457,5176.113,['1006_0LT001'],216,1,"['V3GQOA1' 'V3GQOB1' 'V3GQOD1' 'V3GQOA2' 'V3GQOB2' 'V3GQOD2' 'V3GQOA3'
 'V3GQOB3' 'V3GQOD3']",216,9
1006_1LT001,2079.26,53.198387,5770.7026,['1006_1LT001'],216,1,"['AQG19A1' 'AQG19B1' 'AQG19D1' 'AQG19A2' 'AQG19B2' 'AQG19D2' 'AQG19A3'
 'AQG19B3' 'AQG19D3']",216,9
1007_0LT001,2175.4282,52.581852,5533.56,['1007_0LT001'],216,1,"['91AVOA1' '91AVOB1' '91AVOD1' '91AVOA2' '91AVOB2' '91AVOD2' '91AVOA3'
 '91AVOB3' '91AVOD3']",216,9
1007_1LT001,2229.5017,54.644707,5474.915,['1007_1LT001'],216,1,"['OAVPGA1' 'OAVPGB1' 'OAVPGD1' 'OAVPGA2' 'OAVPGB2' 'OAVPGD2' 'OAVPGA3'
 'OAVPGB3' 'OAVPGD3']",216,9
1008_0LT001,2257.712,49.882206,5388.144,['1008_0LT001'],216,1,"['VO9LQA1' 'VO9LQB1' 'VO9LQC1' 'VO9LQA2' 'VO9LQB2' 'VO9LQC2' 'VO9LQA3'
 'VO9LQB3' 'VO9LQC3']",216,9
1008_1LT001,917.3243,53.233006,2245.875,['1008_1LT001'],96,1,['V3GQPB1' 'V3GQPD1' 'V3GQPB2' 'V3GQPD2'],96,4
1008_2LT001,488.10367,50.881832,1281.3757,['1008_2LT001'],48,1,['A3VLGB1' 'A3VLGB2'],48,2
1009_0LT001,2190.7148,49.33325,5679.2803,['1009_0LT001'],216,1,"['QLP1GA1' 'QLP1GB1' 'QLP1GD1' 'QLP1GA2' 'QLP1GB2' 'QLP1GD2' 'QLP1GA3'
 'QLP1GB3' 'QLP1GD3']",216,9
1009_1LT001,2124.081,48.649017,5352.7783,['1009_1LT001'],216,1,"['G13VOA1' 'G13VOB1' 'G13VOC1' 'G13VOA2' 'G13VOB2' 'G13VOC2' 'G13VOA3'
 'G13VOB3' 'G13VOC3']",216,9
1010_0LT001,2008.5106,51.120354,5120.0464,['1010_0LT001'],216,1,"['QVA9GA1' 'QVA9GB1' 'QVA9GD1' 'QVA9GA2' 'QVA9GB2' 'QVA9GD2' 'QVA9GA3'
 'QVA9GB3' 'QVA9GD3']",216,9
1010_1LT001,2282.2668,50.373623,5245.622,['1010_1LT001'],216,1,"['13AVGA1' '13AVGB1' '13AVGD1' '13AVGA2' '13AVGB2' '13AVGD2' '13AVGA3'
 '13AVGB3' '13AVGD3']",216,9
1010_2LT001,1403.3695,49.409267,3271.0754,['1010_2LT001'],144,1,['Q1PGLA1' 'Q1PGLB1' 'Q1PGLA2' 'Q1PGLB2' 'Q1PGLA3' 'Q1PGLB3'],144,6
1010_3LT001,506.56512,54.181652,1340.3198,['1010_3LT001'],48,1,['LOGP3B1' 'LOGP3B2'],48,2
1011_0LT001,441.49332,49.782894,1158.3715,['1011_0LT001'],48,1,['L93PQB1' 'L93PQB2'],48,2
1011_1LT001,466.76865,46.53752,1160.0623,['1011_1LT001'],48,1,['GAPO1B1' 'GAPO1B2'],48,2
1012_0LT001,2055.51,51.48113,5230.8325,['1012_0LT001'],216,1,"['PQAVLA1' 'PQAVLB1' 'PQAVLC1' 'PQAVLA2' 'PQAVLB2' 'PQAVLC2' 'PQAVLA3'
 'PQAVLB3' 'PQAVLC3']",216,9
1012_1LT001,2186.6306,53.577206,4983.0107,['1012_1LT001'],216,1,"['PAVO1A1' 'PAVO1B1' 'PAVO1C1' 'PAVO1A2' 'PAVO1B2' 'PAVO1C2' 'PAVO1A3'
 'PAVO1B3' 'PAVO1C3']",216,9
1012_2LT001,2176.5027,49.56066,5229.4756,['1012_2LT001'],216,1,"['QP3AOA1' 'QP3AOB1' 'QP3AOD1' 'QP3AOA2' 'QP3AOB2' 'QP3AOD2' 'QP3AOA3'
 'QP3AOB3' 'QP3AOD3']",216,9
1012_3LT001,2034.7054,55.44612,5347.216,['1012_3LT001'],216,1,"['O9GA1A1' 'O9GA1B1' 'O9GA1D1' 'O9GA1A2' 'O9GA1B2' 'O9GA1D2' 'O9GA1A3'
 'O9GA1B3' 'O9GA1D3']",216,9
1013_0LT001,2215.333,51.369198,5600.7495,['1013_0LT001'],216,1,"['V9LG3A1' 'V9LG3B1' 'V9LG3D1' 'V9LG3A2' 'V9LG3B2' 'V9LG3D2' 'V9LG3A3'
 'V9LG3B3' 'V9LG3D3']",216,9
1013_1LT001,849.84845,54.281506,2398.5906,['1013_1LT001'],96,1,['OQ1LVB1' 'OQ1LVD1' 'OQ1LVB2' 'OQ1LVD2'],96,4
1013_2LT001,924.7903,50.334583,2290.8645,['1013_2LT001'],96,1,['O3V91B1' 'O3V91D1' 'O3V91B2' 'O3V91D2'],96,4
1013_3LT001,2139.903,51.10699,5388.0225,['1013_3LT001'],216,1,"['V91GQA1' 'V91GQB1' 'V91GQD1' 'V91GQA2' 'V91GQB2' 'V91GQD2' 'V91GQA3'
 'V91GQB3' 'V91GQD3']",216,9
1013_4LT001,2255.1284,48.440914,5205.615,['1013_4LT001'],216,1,"['3P19QA1' '3P19QB1' '3P19QD1' '3P19QA2' '3P19QB2' '3P19QD2' '3P19QA3'
 '3P19QB3' '3P19QD3']",216,9
1014_0LT001,2094.6504,48.666348,5541.704,['1014_0LT001'],216,1,"['1LOQPA1' '1LOQPB1' '1LOQPD1' '1LOQPA2' '1LOQPB2' '1LOQPD2' '1LOQPA3'
 '1LOQPB3' '1LOQPD3']",216,9
1014_1LT001,918.41785,52.540283,2325.3735,['1014_1LT001'],96,1,['9VGAPB1' '9VGAPD1' '9VGAPB2' '9VGAPD2'],96,4
1014_2LT001,2226.8481,49.05584,5551.055,['1014_2LT001'],216,1,"['V91LGA1' 'V91LGB1' 'V91LGD1' 'V91LGA2' 'V91LGB2' 'V91LGD2' 'V91LGA3'
 'V91LGB3' 'V91LGD3']",216,9
1015_0LT001,2031.4187,50.709034,5315.473,['1015_0LT001'],216,1,"['OQL1VA1' 'OQL1VB1' 'OQL1VD1' 'OQL1VA2' 'OQL1VB2' 'OQL1VD2' 'OQL1VA3'
 'OQL1VB3' 'OQL1VD3']",216,9
1015_1LT001,2206.054,51.030388,5524.0903,['1015_1LT001'],216,1,"['PAO1GA1' 'PAO1GB1' 'PAO1GC1' 'PAO1GA2' 'PAO1GB2' 'PAO1GC2' 'PAO1GA3'
 'PAO1GB3' 'PAO1GC3']",216,9
1015_2LT001,2243.4243,49.95129,5514.8257,['1015_2LT001'],216,1,"['POVG3A1' 'POVG3B1' 'POVG3C1' 'POVG3A2' 'POVG3B2' 'POVG3C2' 'POVG3A3'
 'POVG3B3' 'POVG3C3']",216,9
1015_3LT001,2175.5283,50.897827,5207.8237,['1015_3LT001'],216,1,"['1AOVGA1' '1AOVGB1' '1AOVGD1' '1AOVGA2' '1AOVGB2' '1AOVGD2' '1AOVGA3'
 '1AOVGB3' '1AOVGD3']",216,9
1016_0LT001,1456.0259,50.639545,3501.3992,['1016_0LT001'],144,1,['3OL1VA1' '3OL1VB1' '3OL1VA2' '3OL1VB2' '3OL1VA3' '3OL1VB3'],144,6
1016_1LT001,951.5981,52.42654,2392.5198,['1016_1LT001'],96,1,['VA3GOB1' 'VA3GOD1' 'VA3GOB2' 'VA3GOD2'],96,4
1016_2LT001,2124.16,53.382763,5532.9976,['1016_2LT001'],216,1,"['PGAV9A1' 'PGAV9B1' 'PGAV9C1' 'PGAV9A2' 'PGAV9B2' 'PGAV9C2' 'PGAV9A3'
 'PGAV9B3' 'PGAV9C3']",216,9
1017_0LT001,2293.7158,49.504322,6046.621,['1017_0LT001'],240,1,"['3AGQOB1' '3AGQOD1' '3AGQOB2' '3AGQOD2' '3AGQOB3' '3AGQOD3' '3AGQOB4'
 '3AGQOD4' '3AGQOB5' '3AGQOD5']",240,10
1017_1LT001,2063.586,51.213005,5564.4023,['1017_1LT001'],216,1,"['L1Q39A1' 'L1Q39B1' 'L1Q39C1' 'L1Q39A2' 'L1Q39B2' 'L1Q39C2' 'L1Q39A3'
 'L1Q39B3' 'L1Q39C3']",216,9
1017_2LT001,2195.266,49.721287,5575.0874,['1017_2LT001'],216,1,"['OLP9AA1' 'OLP9AB1' 'OLP9AD1' 'OLP9AA2' 'OLP9AB2' 'OLP9AD2' 'OLP9AA3'
 'OLP9AB3' 'OLP9AD3']",216,9
1017_3LT001,2335.3022,51.472248,5450.0054,['1017_3LT001'],216,1,"['G3O1QA1' 'G3O1QB1' 'G3O1QD1' 'G3O1QA2' 'G3O1QB2' 'G3O1QD2' 'G3O1QA3'
 'G3O1QB3' 'G3O1QD3']",216,9
1018_0LT001,2051.4016,51.380608,5800.9487,['1018_0LT001'],216,1,"['QOVGLA1' 'QOVGLB1' 'QOVGLC1' 'QOVGLA2' 'QOVGLB2' 'QOVGLC2' 'QOVGLA3'
 'QOVGLB3' 'QOVGLC3']",216,9
1018_1LT001,2105.0898,49.488274,5246.8545,['1018_1LT001'],216,1,"['3AGQ1A1' '3AGQ1B1' '3AGQ1D1' '3AGQ1A2' '3AGQ1B2' '3AGQ1D2' '3AGQ1A3'
 '3AGQ1B3' '3AGQ1D3']",216,9
1018_2LT001,420.47998,50.379047,1234.7462,['1018_2LT001'],48,1,['9QVLGB1' '9QVLGB2'],48,2
1019_0LT001,2257.4812,52.59415,5163.1367,['1019_0LT001'],216,1,"['OPLQVA1' 'OPLQVB1' 'OPLQVD1' 'OPLQVA2' 'OPLQVB2' 'OPLQVD2' 'OPLQVA3'
 'OPLQVB3' 'OPLQVD3']",216,9
1019_1LT001,2285.8435,47.9639,5516.378,['1019_1LT001'],216,1,"['PLQ91A1' 'PLQ91B1' 'PLQ91C1' 'PLQ91A2' 'PLQ91B2' 'PLQ91C2' 'PLQ91A3'
 'PLQ91B3' 'PLQ91C3']",216,9
1020_0LT001,898.7959,58.025208,2454.615,['1020_0LT001'],96,1,['PG3O9B1' 'PG3O9D1' 'PG3O9B2' 'PG3O9D2'],96,4
1020_1LT001,2118.5544,47.147636,5813.0874,['1020_1LT001'],216,1,"['3OQLGA1' '3OQLGB1' '3OQLGD1' '3OQLGA2' '3OQLGB2' '3OQLGD2' '3OQLGA3'
 '3OQLGB3' '3OQLGD3']",216,9
1020_2LT001,2226.1455,51.114983,5453.726,['1020_2LT001'],216,1,"['L3A1OA1' 'L3A1OB1' 'L3A1OC1' 'L3A1OA2' 'L3A1OB2' 'L3A1OC2' 'L3A1OA3'
 'L3A1OB3' 'L3A1OC3']",216,9
1021_0LT001,1039.6136,50.2731,2442.0703,['1021_0LT001'],96,1,['APLG9B1' 'APLG9D1' 'APLG9B2' 'APLG9D2'],96,4
1021_1LT001,2183.1233,53.913532,5853.256,['1021_1LT001'],216,1,"['VO9GLA1' 'VO9GLB1' 'VO9GLD1' 'VO9GLA2' 'VO9GLB2' 'VO9GLD2' 'VO9GLA3'
 'VO9GLB3' 'VO9GLD3']",216,9
1021_2LT001,2063.3884,47.66295,5453.3643,['1021_2LT001'],216,1,"['9PVQLA1' '9PVQLB1' '9PVQLC1' '9PVQLA2' '9PVQLB2' '9PVQLC2' '9PVQLA3'
 '9PVQLB3' '9PVQLC3']",216,9
1021_3LT001,1400.2944,56.0655,3835.8066,['1021_3LT001'],144,1,['PG9AVA1' 'PG9AVB1' 'PG9AVA2' 'PG9AVB2' 'PG9AVA3' 'PG9AVB3'],144,6
1022_0LT001,1599.4178,48.428806,3379.4456,['1022_0LT001'],144,1,['L9P3OA1' 'L9P3OB1' 'L9P3OA2' 'L9P3OB2' 'L9P3OA3' 'L9P3OB3'],144,6
1022_1LT001,2181.1614,49.850677,5115.989,['1022_1LT001'],216,1,"['19VO3A1' '19VO3B1' '19VO3D1' '19VO3A2' '19VO3B2' '19VO3D2' '19VO3A3'
 '19VO3B3' '19VO3D3']",216,9
1022_2LT001,2141.8613,46.153584,5260.64,['1022_2LT001'],216,1,"['3OAQPA1' '3OAQPB1' '3OAQPD1' '3OAQPA2' '3OAQPB2' '3OAQPD2' '3OAQPA3'
 '3OAQPB3' '3OAQPD3']",216,9
1022_3LT001,2084.5708,49.15727,5434.7344,['1022_3LT001'],216,1,"['P1QLVA1' 'P1QLVB1' 'P1QLVC1' 'P1QLVA2' 'P1QLVB2' 'P1QLVC2' 'P1QLVA3'
 'P1QLVB3' 'P1QLVC3']",216,9
1023_0LT001,964.43933,48.530457,2413.585,['1023_0LT001'],96,1,['GP3OLB1' 'GP3OLD1' 'GP3OLB2' 'GP3OLD2'],96,4
1023_1LT001,2381.8994,52.39744,6096.745,['1023_1LT001'],240,1,"['AGV19B1' 'AGV19D1' 'AGV19B2' 'AGV19D2' 'AGV19B3' 'AGV19D3' 'AGV19B4'
 'AGV19D4' 'AGV19B5' 'AGV19D5']",240,10
1023_2LT001,490.7332,53.978638,1130.4928,['1023_2LT001'],48,1,['G9AQLB1' 'G9AQLB2'],48,2
1024_0LT001,2139.5505,48.82635,5610.275,['1024_0LT001'],216,1,"['93QLPA1' '93QLPB1' '93QLPC1' '93QLPA2' '93QLPB2' '93QLPC2' '93QLPA3'
 '93QLPB3' '93QLPC3']",216,9
1024_1LT001,965.3579,50.860683,2374.7407,['1024_1LT001'],96,1,['QVP3LB1' 'QVP3LD1' 'QVP3LB2' 'QVP3LD2'],96,4
1024_2LT001,1450.9425,49.95114,3658.7773,['1024_2LT001'],144,1,['O1LQAA1' 'O1LQAB1' 'O1LQAA2' 'O1LQAB2' 'O1LQAA3' 'O1LQAB3'],144,6
1024_3LT001,2139.5352,48.508083,5912.0327,['1024_3LT001'],216,1,"['VLQAOA1' 'VLQAOB1' 'VLQAOD1' 'VLQAOA2' 'VLQAOB2' 'VLQAOD2' 'VLQAOA3'
 'VLQAOB3' 'VLQAOD3']",216,9
1025_0LT001,2246.1357,51.66221,5659.2573,['1025_0LT001'],216,1,"['O91AQA1' 'O91AQB1' 'O91AQD1' 'O91AQA2' 'O91AQB2' 'O91AQD2' 'O91AQA3'
 'O91AQB3' 'O91AQD3']",216,9
1025_1LT001,2198.7046,47.95621,5410.329,['1025_1LT001'],216,1,"['AGOL1A1' 'AGOL1B1' 'AGOL1C1' 'AGOL1A2' 'AGOL1B2' 'AGOL1C2' 'AGOL1A3'
 'AGOL1B3' 'AGOL1C3']",216,9
1025_2LT001,1552.8562,50.760315,3557.4067,['1025_2LT001'],144,1,['913LAA1' '913LAB1' '913LAA2' '913LAB2' '913LAA3' '913LAB3'],144,6
1026_0LT001,1467.8458,46.270878,3847.3943,['1026_0LT001'],144,1,['19LGPA1' '19LGPB1' '19LGPA2' '19LGPB2' '19LGPA3' '19LGPB3'],144,6
1026_1LT001,1986.8901,47.506107,5530.545,['1026_1LT001'],216,1,"['LGVPOA1' 'LGVPOB1' 'LGVPOD1' 'LGVPOA2' 'LGVPOB2' 'LGVPOD2' 'LGVPOA3'
 'LGVPOB3' 'LGVPOD3']",216,9
1026_2LT001,2112.5696,51.140938,5367.5347,['1026_2LT001'],216,1,"['GAQO1A1' 'GAQO1B1' 'GAQO1C1' 'GAQO1A2' 'GAQO1B2' 'GAQO1C2' 'GAQO1A3'
 'GAQO1B3' 'GAQO1C3']",216,9
1026_3LT001,891.1902,55.309994,2362.872,['1026_3LT001'],96,1,['PQ3V9B1' 'PQ3V9D1' 'PQ3V9B2' 'PQ3V9D2'],96,4
1027_0LT001,2140.1194,50.724293,5390.739,['1027_0LT001'],216,1,"['OVPGAA1' 'OVPGAB1' 'OVPGAD1' 'OVPGAA2' 'OVPGAB2' 'OVPGAD2' 'OVPGAA3'
 'OVPGAB3' 'OVPGAD3']",216,9
1027_1LT001,2014.246,50.28681,5645.8438,['1027_1LT001'],216,1,"['9LPA1A1' '9LPA1B1' '9LPA1D1' '9LPA1A2' '9LPA1B2' '9LPA1D2' '9LPA1A3'
 '9LPA1B3' '9LPA1D3']",216,9
1028_0LT001,2327.2588,47.119232,5079.8604,['1028_0LT001'],216,1,"['1LQ3GA1' '1LQ3GB1' '1LQ3GC1' '1LQ3GA2' '1LQ3GB2' '1LQ3GC2' '1LQ3GA3'
 '1LQ3GB3' '1LQ3GC3']",216,9
1028_1LT001,948.94916,46.705074,2572.6677,['1028_1LT001'],96,1,['AO39GB1' 'AO39GD1' 'AO39GB2' 'AO39GD2'],96,4
1029_0LT001,2061.8513,51.549107,5533.88,['1029_0LT001'],216,1,"['OL1Q3A1' 'OL1Q3B1' 'OL1Q3C1' 'OL1Q3A2' 'OL1Q3B2' 'OL1Q3C2' 'OL1Q3A3'
 'OL1Q3B3' 'OL1Q3C3']",216,9
1029_1LT001,2256.1218,46.325733,5535.2383,['1029_1LT001'],216,1,"['G93LOA1' 'G93LOB1' 'G93LOD1' 'G93LOA2' 'G93LOB2' 'G93LOD2' 'G93LOA3'
 'G93LOB3' 'G93LOD3']",216,9
1030_0LT001,2176.6003,49.025543,5387.767,['1030_0LT001'],216,1,"['AVL31A1' 'AVL31B1' 'AVL31D1' 'AVL31A2' 'AVL31B2' 'AVL31D2' 'AVL31A3'
 'AVL31B3' 'AVL31D3']",216,9
1030_1LT001,2152.1165,47.842617,5572.6016,['1030_1LT001'],216,1,"['GQP91A1' 'GQP91B1' 'GQP91C1' 'GQP91A2' 'GQP91B2' 'GQP91C2' 'GQP91A3'
 'GQP91B3' 'GQP91C3']",216,9
1030_2LT001,2162.684,53.480022,5748.9067,['1030_2LT001'],216,1,"['P9Q3LA1' 'P9Q3LB1' 'P9Q3LD1' 'P9Q3LA2' 'P9Q3LB2' 'P9Q3LD2' 'P9Q3LA3'
 'P9Q3LB3' 'P9Q3LD3']",216,9
1030_3LT001,952.0702,47.870834,2280.423,['1030_3LT001'],96,1,['LPAQVB1' 'LPAQVD1' 'LPAQVB2' 'LPAQVD2'],96,4
1031_0LT001,1384.0781,52.120415,3489.1667,['1031_0LT001'],144,1,['PVO19A1' 'PVO19B1' 'PVO19A2' 'PVO19B2' 'PVO19A3' 'PVO19B3'],144,6
1031_1LT001,2036.1338,49.385517,5427.7812,['1031_1LT001'],216,1,"['OLGA1A1' 'OLGA1B1' 'OLGA1D1' 'OLGA1A2' 'OLGA1B2' 'OLGA1D2' 'OLGA1A3'
 'OLGA1B3' 'OLGA1D3']",216,9
1031_2LT001,1428.1163,53.467022,3517.3357,['1031_2LT001'],144,1,['LA13GA1' 'LA13GB1' 'LA13GA2' 'LA13GB2' 'LA13GA3' 'LA13GB3'],144,6
1032_0LT001,464.30487,51.374374,1111.7633,['1032_0LT001'],48,1,['GL1O3B1' 'GL1O3B2'],48,2
1032_1LT001,2153.1428,49.781063,5683.4673,['1032_1LT001'],216,1,"['3VQ19A1' '3VQ19B1' '3VQ19C1' '3VQ19A2' '3VQ19B2' '3VQ19C2' '3VQ19A3'
 '3VQ19B3' '3VQ19C3']",216,9
1032_2LT001,1032.2999,49.773483,2329.3225,['1032_2LT001'],96,1,['QG19PB1' 'QG19PD1' 'QG19PB2' 'QG19PD2'],96,4
1032_3LT001,2180.064,52.13631,5328.7065,['1032_3LT001'],216,1,"['PL39OA1' 'PL39OB1' 'PL39OC1' 'PL39OA2' 'PL39OB2' 'PL39OC2' 'PL39OA3'
 'PL39OB3' 'PL39OC3']",216,9
1033_0LT001,1407.8219,50.97679,3486.576,['1033_0LT001'],144,1,['V3QP1A1' 'V3QP1B1' 'V3QP1A2' 'V3QP1B2' 'V3QP1A3' 'V3QP1B3'],144,6
1033_1LT001,2090.132,50.174625,5362.46,['1033_1LT001'],216,1,"['1PGAOA1' '1PGAOB1' '1PGAOD1' '1PGAOA2' '1PGAOB2' '1PGAOD2' '1PGAOA3'
 '1PGAOB3' '1PGAOD3']",216,9
1033_2LT001,1022.2517,50.186523,2354.8938,['1033_2LT001'],96,1,['1QOV3B1' '1QOV3D1' '1QOV3B2' '1QOV3D2'],96,4
1033_3LT001,2262.6038,49.067223,5946.174,['1033_3LT001'],240,1,"['GP1LQB1' 'GP1LQC1' 'GP1LQB2' 'GP1LQC2' 'GP1LQB3' 'GP1LQC3' 'GP1LQB4'
 'GP1LQC4' 'GP1LQB5' 'GP1LQC5']",240,10
1034_0LT001,2276.0654,51.05642,5240.0815,['1034_0LT001'],216,1,"['QOLA1A1' 'QOLA1B1' 'QOLA1D1' 'QOLA1A2' 'QOLA1B2' 'QOLA1D2' 'QOLA1A3'
 'QOLA1B3' 'QOLA1D3']",216,9
1034_1LT001,1486.9596,46.66597,3851.9136,['1034_1LT001'],144,1,['QGV1PA1' 'QGV1PB1' 'QGV1PA2' 'QGV1PB2' 'QGV1PA3' 'QGV1PB3'],144,6
1034_2LT001,2037.5671,49.694454,5878.0396,['1034_2LT001'],216,1,"['9VA3PA1' '9VA3PB1' '9VA3PC1' '9VA3PA2' '9VA3PB2' '9VA3PC2' '9VA3PA3'
 '9VA3PB3' '9VA3PC3']",216,9
1035_0LT001,1480.6732,53.22609,3627.8564,['1035_0LT001'],144,1,['G3Q9LA1' 'G3Q9LB1' 'G3Q9LA2' 'G3Q9LB2' 'G3Q9LA3' 'G3Q9LB3'],144,6
1035_1LT001,1488.7054,47.845097,3449.3562,['1035_1LT001'],144,1,['LO93GA1' 'LO93GB1' 'LO93GA2' 'LO93GB2' 'LO93GA3' 'LO93GB3'],144,6
1035_2LT001,1045.7413,56.523026,2481.7202,['1035_2LT001'],96,1,['APO9GB1' 'APO9GD1' 'APO9GB2' 'APO9GD2'],96,4
1036_0LT001,2181.6655,46.775906,5525.538,['1036_0LT001'],216,1,"['GLVQ3A1' 'GLVQ3B1' 'GLVQ3D1' 'GLVQ3A2' 'GLVQ3B2' 'GLVQ3D2' 'GLVQ3A3'
 'GLVQ3B3' 'GLVQ3D3']",216,9
1036_1LT001,2114.9692,44.01704,5516.8213,['1036_1LT001'],216,1,"['LAGV1A1' 'LAGV1B1' 'LAGV1C1' 'LAGV1A2' 'LAGV1B2' 'LAGV1C2' 'LAGV1A3'
 'LAGV1B3' 'LAGV1C3']",216,9
1037_0LT001,1998.4957,52.443634,5329.1855,['1037_0LT001'],216,1,"['QP9VGA1' 'QP9VGB1' 'QP9VGD1' 'QP9VGA2' 'QP9VGB2' 'QP9VGD2' 'QP9VGA3'
 'QP9VGB3' 'QP9VGD3']",216,9
1037_1LT001,2224.0232,48.310085,4906.29,['1037_1LT001'],216,1,"['O9GQAA1' 'O9GQAB1' 'O9GQAC1' 'O9GQAA2' 'O9GQAB2' 'O9GQAC2' 'O9GQAA3'
 'O9GQAB3' 'O9GQAC3']",216,9
1037_2LT001,948.04913,49.771297,2511.197,['1037_2LT001'],96,1,['PA3VGB1' 'PA3VGD1' 'PA3VGB2' 'PA3VGD2'],96,4
1038_0LT001,2121.2854,47.709377,5635.3115,['1038_0LT001'],216,1,"['3APL9A1' '3APL9B1' '3APL9D1' '3APL9A2' '3APL9B2' '3APL9D2' '3APL9A3'
 '3APL9B3' '3APL9D3']",216,9
1038_1LT001,2218.7502,52.111237,5787.7637,['1038_1LT001'],216,1,"['PQA3GA1' 'PQA3GB1' 'PQA3GD1' 'PQA3GA2' 'PQA3GB2' 'PQA3GD2' 'PQA3GA3'
 'PQA3GB3' 'PQA3GD3']",216,9
1038_2LT001,2099.1143,48.20953,5483.1133,['1038_2LT001'],216,1,"['GALV9A1' 'GALV9B1' 'GALV9D1' 'GALV9A2' 'GALV9B2' 'GALV9D2' 'GALV9A3'
 'GALV9B3' 'GALV9D3']",216,9
1038_3LT001,991.3443,50.398865,2341.1357,['1038_3LT001'],96,1,['O1PAQB1' 'O1PAQD1' 'O1PAQB2' 'O1PAQD2'],96,4
1039_0LT001,443.94128,49.986225,983.3596,['1039_0LT001'],48,1,['P3VG1B1' 'P3VG1B2'],48,2
1039_1LT001,1408.0848,49.505417,3254.024,['1039_1LT001'],144,1,['QLP9AA1' 'QLP9AB1' 'QLP9AA2' 'QLP9AB2' 'QLP9AA3' 'QLP9AB3'],144,6
1039_2LT001,2048.71,48.43098,5697.35,['1039_2LT001'],216,1,"['LG93OA1' 'LG93OB1' 'LG93OC1' 'LG93OA2' 'LG93OB2' 'LG93OC2' 'LG93OA3'
 'LG93OB3' 'LG93OC3']",216,9
1039_3LT001,2089.825,49.206802,5629.4307,['1039_3LT001'],216,1,"['OPGA1A1' 'OPGA1B1' 'OPGA1D1' 'OPGA1A2' 'OPGA1B2' 'OPGA1D2' 'OPGA1A3'
 'OPGA1B3' 'OPGA1D3']",216,9
1040_0LT001,892.2591,54.760067,2528.9631,['1040_0LT001'],96,1,['A3VPOB1' 'A3VPOD1' 'A3VPOB2' 'A3VPOD2'],96,4
1040_1LT001,2154.783,50.064766,5537.4263,['1040_1LT001'],216,1,"['3GOLPA1' '3GOLPB1' '3GOLPD1' '3GOLPA2' '3GOLPB2' '3GOLPD2' '3GOLPA3'
 '3GOLPB3' '3GOLPD3']",216,9
1040_2LT001,2138.6814,50.38513,5378.9043,['1040_2LT001'],216,1,"['GOVA3A1' 'GOVA3B1' 'GOVA3D1' 'GOVA3A2' 'GOVA3B2' 'GOVA3D2' 'GOVA3A3'
 'GOVA3B3' 'GOVA3D3']",216,9
1041_0LT001,2147.8381,48.43117,5470.966,['1041_0LT001'],216,1,"['GVAL1A1' 'GVAL1B1' 'GVAL1C1' 'GVAL1A2' 'GVAL1B2' 'GVAL1C2' 'GVAL1A3'
 'GVAL1B3' 'GVAL1C3']",216,9
1041_1LT001,2249.452,47.100468,5397.642,['1041_1LT001'],216,1,"['1OA3VA1' '1OA3VB1' '1OA3VD1' '1OA3VA2' '1OA3VB2' '1OA3VD2' '1OA3VA3'
 '1OA3VB3' '1OA3VD3']",216,9
1041_2LT001,959.19025,50.506977,2371.2654,['1041_2LT001'],96,1,['3LAOQB1' '3LAOQD1' '3LAOQB2' '3LAOQD2'],96,4
1042_0LT001,1450.3921,49.514084,3477.5264,['1042_0LT001'],144,1,['LQ3AGA1' 'LQ3AGB1' 'LQ3AGA2' 'LQ3AGB2' 'LQ3AGA3' 'LQ3AGB3'],144,6
1042_1LT001,2296.4421,52.090233,5463.4434,['1042_1LT001'],216,1,"['1QA9PA1' '1QA9PB1' '1QA9PC1' '1QA9PA2' '1QA9PB2' '1QA9PC2' '1QA9PA3'
 '1QA9PB3' '1QA9PC3']",216,9
1043_0LT001,2104.648,48.519085,5135.1577,['1043_0LT001'],216,1,"['ALOGQA1' 'ALOGQB1' 'ALOGQD1' 'ALOGQA2' 'ALOGQB2' 'ALOGQD2' 'ALOGQA3'
 'ALOGQB3' 'ALOGQD3']",216,9
1043_1LT001,2275.1,47.830715,5976.1753,['1043_1LT001'],240,1,"['9LAVPB1' '9LAVPD1' '9LAVPB2' '9LAVPD2' '9LAVPB3' '9LAVPD3' '9LAVPB4'
 '9LAVPD4' '9LAVPB5' '9LAVPD5']",240,10
1043_2LT001,942.8034,48.696323,2403.2612,['1043_2LT001'],96,1,['O39PGB1' 'O39PGD1' 'O39PGB2' 'O39PGD2'],96,4
1043_3LT001,1036.6731,49.055676,2561.9648,['1043_3LT001'],96,1,['O93P1B1' 'O93P1D1' 'O93P1B2' 'O93P1D2'],96,4
1044_0LT001,1993.3387,49.029366,5183.371,['1044_0LT001'],216,1,"['AOQ3PA1' 'AOQ3PB1' 'AOQ3PC1' 'AOQ3PA2' 'AOQ3PB2' 'AOQ3PC2' 'AOQ3PA3'
 'AOQ3PB3' 'AOQ3PC3']",216,9
1044_1LT001,2404.4644,48.990974,5257.829,['1044_1LT001'],216,1,"['OAL3GA1' 'OAL3GB1' 'OAL3GD1' 'OAL3GA2' 'OAL3GB2' 'OAL3GD2' 'OAL3GA3'
 'OAL3GB3' 'OAL3GD3']",216,9
1045_0LT001,2248.3665,49.77261,5878.6245,['1045_0LT001'],216,1,"['A9LQVA1' 'A9LQVB1' 'A9LQVD1' 'A9LQVA2' 'A9LQVB2' 'A9LQVD2' 'A9LQVA3'
 'A9LQVB3' 'A9LQVD3']",216,9
1045_1LT001,918.56946,51.108273,2248.794,['1045_1LT001'],96,1,['VA3GQB1' 'VA3GQD1' 'VA3GQB2' 'VA3GQD2'],96,4
1045_2LT001,2125.481,46.713474,5485.415,['1045_2LT001'],216,1,"['V3PQ1A1' 'V3PQ1B1' 'V3PQ1D1' 'V3PQ1A2' 'V3PQ1B2' 'V3PQ1D2' 'V3PQ1A3'
 'V3PQ1B3' 'V3PQ1D3']",216,9
1046_0LT001,2045.6154,53.91391,5370.5195,['1046_0LT001'],216,1,"['3LVAOA1' '3LVAOB1' '3LVAOD1' '3LVAOA2' '3LVAOB2' '3LVAOD2' '3LVAOA3'
 '3LVAOB3' '3LVAOD3']",216,9
1046_1LT001,2454.8577,52.183784,5607.232,['1046_1LT001'],240,1,"['GV3O9B1' 'GV3O9D1' 'GV3O9B2' 'GV3O9D2' 'GV3O9B3' 'GV3O9D3' 'GV3O9B4'
 'GV3O9D4' 'GV3O9B5' 'GV3O9D5']",240,10
1046_2LT001,2039.8796,51.517063,5231.696,['1046_2LT001'],216,1,"['3P1GLA1' '3P1GLB1' '3P1GLC1' '3P1GLA2' '3P1GLB2' '3P1GLC2' '3P1GLA3'
 '3P1GLB3' '3P1GLC3']",216,9
1047_0LT001,2049.7861,52.779316,5615.057,['1047_0LT001'],216,1,"['AG93LA1' 'AG93LB1' 'AG93LC1' 'AG93LA2' 'AG93LB2' 'AG93LC2' 'AG93LA3'
 'AG93LB3' 'AG93LC3']",216,9
1047_1LT001,2146.2468,48.12983,5475.8027,['1047_1LT001'],216,1,"['PVOQAA1' 'PVOQAB1' 'PVOQAD1' 'PVOQAA2' 'PVOQAB2' 'PVOQAD2' 'PVOQAA3'
 'PVOQAB3' 'PVOQAD3']",216,9
1047_2LT001,886.3213,51.977703,2327.3,['1047_2LT001'],96,1,['VLOP9B1' 'VLOP9D1' 'VLOP9B2' 'VLOP9D2'],96,4
1047_3LT001,2225.0789,50.05433,5650.1104,['1047_3LT001'],216,1,"['9VPGAA1' '9VPGAB1' '9VPGAC1' '9VPGAA2' '9VPGAB2' '9VPGAC2' '9VPGAA3'
 '9VPGAB3' '9VPGAC3']",216,9
1048_0LT001,485.53702,54.16577,1116.2904,['1048_0LT001'],48,1,['OA1QLB1' 'OA1QLB2'],48,2
1048_1LT001,463.5082,44.818527,1293.2471,['1048_1LT001'],48,1,['9QLOGB1' '9QLOGB2'],48,2
1048_2LT001,1453.308,46.79444,3805.1802,['1048_2LT001'],144,1,['L1OAPA1' 'L1OAPB1' 'L1OAPA2' 'L1OAPB2' 'L1OAPA3' 'L1OAPB3'],144,6
1048_3LT001,2007.9519,45.491245,5679.325,['1048_3LT001'],216,1,"['19VOLA1' '19VOLB1' '19VOLC1' '19VOLA2' '19VOLB2' '19VOLC2' '19VOLA3'
 '19VOLB3' '19VOLC3']",216,9
1049_0LT001,978.09674,47.25577,2301.289,['1049_0LT001'],96,1,['A13QOB1' 'A13QOD1' 'A13QOB2' 'A13QOD2'],96,4
1049_1LT001,1209.2686,48.777798,3004.6948,['1049_1LT001'],120,1,['OG1QPB1' 'OG1QPB2' 'OG1QPB3' 'OG1QPB4' 'OG1QPB5'],120,5
1049_2LT001,2183.951,53.461376,5460.889,['1049_2LT001'],216,1,"['ALOG3A1' 'ALOG3B1' 'ALOG3D1' 'ALOG3A2' 'ALOG3B2' 'ALOG3D2' 'ALOG3A3'
 'ALOG3B3' 'ALOG3D3']",216,9
1049_3LT001,2221.3809,52.0054,4996.6724,['1049_3LT001'],216,1,"['1VPAQA1' '1VPAQB1' '1VPAQD1' '1VPAQA2' '1VPAQB2' '1VPAQD2' '1VPAQA3'
 '1VPAQB3' '1VPAQD3']",216,9
1050_0LT001,1974.4059,48.22833,5469.9287,['1050_0LT001'],216,1,"['OLAQVA1' 'OLAQVB1' 'OLAQVD1' 'OLAQVA2' 'OLAQVB2' 'OLAQVD2' 'OLAQVA3'
 'OLAQVB3' 'OLAQVD3']",216,9
1050_1LT001,2410.7295,49.025806,5681.4175,['1050_1LT001'],240,1,"['AVO31B1' 'AVO31D1' 'AVO31B2' 'AVO31D2' 'AVO31B3' 'AVO31D3' 'AVO31B4'
 'AVO31D4' 'AVO31B5' 'AVO31D5']",240,10
1050_2LT001,547.54,49.452602,1153.1002,['1050_2LT001'],48,1,['P1GA3B1' 'P1GA3B2'],48,2
1051_0LT001,932.97986,46.299057,2421.3699,['1051_0LT001'],96,1,['AVOPLB1' 'AVOPLD1' 'AVOPLB2' 'AVOPLD2'],96,4
1051_1LT001,2181.278,48.461983,5205.8105,['1051_1LT001'],216,1,"['1GVQ3A1' '1GVQ3B1' '1GVQ3D1' '1GVQ3A2' '1GVQ3B2' '1GVQ3D2' '1GVQ3A3'
 '1GVQ3B3' '1GVQ3D3']",216,9
1052_0LT001,584.2926,51.64601,1201.0668,['1052_0LT001'],48,1,['PVQA3B1' 'PVQA3B2'],48,2
1052_1LT001,2235.5466,50.9035,5156.7397,['1052_1LT001'],216,1,"['APGV3A1' 'APGV3B1' 'APGV3C1' 'APGV3A2' 'APGV3B2' 'APGV3C2' 'APGV3A3'
 'APGV3B3' 'APGV3C3']",216,9
1053_0LT001,1045.5007,46.750504,2535.2837,['1053_0LT001'],96,1,['V319AB1' 'V319AD1' 'V319AB2' 'V319AD2'],96,4
1053_1LT001,2026.5294,53.297688,5035.137,['1053_1LT001'],216,1,"['OV13LA1' 'OV13LB1' 'OV13LD1' 'OV13LA2' 'OV13LB2' 'OV13LD2' 'OV13LA3'
 'OV13LB3' 'OV13LD3']",216,9
1053_2LT001,2123.3618,53.596607,5386.0474,['1053_2LT001'],216,1,"['L93VGA1' 'L93VGB1' 'L93VGD1' 'L93VGA2' 'L93VGB2' 'L93VGD2' 'L93VGA3'
 'L93VGB3' 'L93VGD3']",216,9
1054_0LT001,2344.2039,45.763016,6053.7803,['1054_0LT001'],240,1,"['APVGOB1' 'APVGOC1' 'APVGOB2' 'APVGOC2' 'APVGOB3' 'APVGOC3' 'APVGOB4'
 'APVGOC4' 'APVGOB5' 'APVGOC5']",240,10
1054_1LT001,2206.5508,50.089645,5319.404,['1054_1LT001'],216,1,"['OP1Q3A1' 'OP1Q3B1' 'OP1Q3D1' 'OP1Q3A2' 'OP1Q3B2' 'OP1Q3D2' 'OP1Q3A3'
 'OP1Q3B3' 'OP1Q3D3']",216,9
1054_2LT001,2047.6748,50.367153,5149.981,['1054_2LT001'],216,1,"['QL9OGA1' 'QL9OGB1' 'QL9OGC1' 'QL9OGA2' 'QL9OGB2' 'QL9OGC2' 'QL9OGA3'
 'QL9OGB3' 'QL9OGC3']",216,9
1055_0LT001,952.61945,48.33461,2472.4778,['1055_0LT001'],96,1,['OV9AQB1' 'OV9AQD1' 'OV9AQB2' 'OV9AQD2'],96,4
1055_1LT001,2022.5232,50.996162,5337.2993,['1055_1LT001'],216,1,"['3POQGA1' '3POQGB1' '3POQGD1' '3POQGA2' '3POQGB2' '3POQGD2' '3POQGA3'
 '3POQGB3' '3POQGD3']",216,9
1055_2LT001,2418.125,50.111385,6473.8213,['1055_2LT001'],240,1,"['1LOQ3B1' '1LOQ3C1' '1LOQ3B2' '1LOQ3C2' '1LOQ3B3' '1LOQ3C3' '1LOQ3B4'
 '1LOQ3C4' '1LOQ3B5' '1LOQ3C5']",240,10
1055_3LT001,2212.0579,50.570263,5695.184,['1055_3LT001'],216,1,"['GO3L1A1' 'GO3L1B1' 'GO3L1C1' 'GO3L1A2' 'GO3L1B2' 'GO3L1C2' 'GO3L1A3'
 'GO3L1B3' 'GO3L1C3']",216,9
1056_0LT001,1322.8236,49.070084,3454.1616,['1056_0LT001'],144,1,['OGP1LA1' 'OGP1LB1' 'OGP1LA2' 'OGP1LB2' 'OGP1LA3' 'OGP1LB3'],144,6
1056_1LT001,996.61554,49.903378,2303.2783,['1056_1LT001'],96,1,['1VAL9B1' '1VAL9D1' '1VAL9B2' '1VAL9D2'],96,4
1057_0LT001,2252.898,49.3367,5508.3076,['1057_0LT001'],216,1,"['GVLAPA1' 'GVLAPB1' 'GVLAPD1' 'GVLAPA2' 'GVLAPB2' 'GVLAPD2' 'GVLAPA3'
 'GVLAPB3' 'GVLAPD3']",216,9
1057_1LT001,2143.2817,49.991447,5403.4834,['1057_1LT001'],216,1,"['O19A3A1' 'O19A3B1' 'O19A3D1' 'O19A3A2' 'O19A3B2' 'O19A3D2' 'O19A3A3'
 'O19A3B3' 'O19A3D3']",216,9
1057_2LT001,2120.6602,50.278458,5334.1626,['1057_2LT001'],216,1,"['LGO3QA1' 'LGO3QB1' 'LGO3QC1' 'LGO3QA2' 'LGO3QB2' 'LGO3QC2' 'LGO3QA3'
 'LGO3QB3' 'LGO3QC3']",216,9
1058_0LT001,2162.1196,48.805607,5315.1816,['1058_0LT001'],216,1,"['OPVA3A1' 'OPVA3B1' 'OPVA3C1' 'OPVA3A2' 'OPVA3B2' 'OPVA3C2' 'OPVA3A3'
 'OPVA3B3' 'OPVA3C3']",216,9
1058_1LT001,974.5089,50.908237,2300.037,['1058_1LT001'],96,1,['LGO93B1' 'LGO93D1' 'LGO93B2' 'LGO93D2'],96,4
1059_0LT001,2072.4192,52.33558,5323.172,['1059_0LT001'],216,1,"['QVPA9A1' 'QVPA9B1' 'QVPA9D1' 'QVPA9A2' 'QVPA9B2' 'QVPA9D2' 'QVPA9A3'
 'QVPA9B3' 'QVPA9D3']",216,9
1059_1LT001,470.6427,54.220196,1304.8663,['1059_1LT001'],48,1,['3OLPQB1' '3OLPQB2'],48,2
1059_2LT001,965.1474,49.664276,2196.2957,['1059_2LT001'],96,1,['QG1OVB1' 'QG1OVD1' 'QG1OVB2' 'QG1OVD2'],96,4
1059_3LT001,1387.3359,50.35582,3505.6777,['1059_3LT001'],144,1,['LG9AOA1' 'LG9AOB1' 'LG9AOA2' 'LG9AOB2' 'LG9AOA3' 'LG9AOB3'],144,6
1059_4LT001,494.05804,50.254333,1051.1575,['1059_4LT001'],48,1,['G3P1AB1' 'G3P1AB2'],48,2
1060_0LT001,2148.2651,51.886234,5685.083,['1060_0LT001'],216,1,"['A91LOA1' 'A91LOB1' 'A91LOC1' 'A91LOA2' 'A91LOB2' 'A91LOC2' 'A91LOA3'
 'A91LOB3' 'A91LOC3']",216,9
1060_1LT001,412.71353,47.848682,1435.5217,['1060_1LT001'],48,1,['V3A1OB1' 'V3A1OB2'],48,2
1060_2LT001,1257.5265,54.184814,2803.7004,['1060_2LT001'],120,1,['V9LQGB1' 'V9LQGB2' 'V9LQGB3' 'V9LQGB4' 'V9LQGB5'],120,5
1061_0LT001,2354.2373,51.322403,5448.174,['1061_0LT001'],216,1,"['9OGP1A1' '9OGP1B1' '9OGP1D1' '9OGP1A2' '9OGP1B2' '9OGP1D2' '9OGP1A3'
 '9OGP1B3' '9OGP1D3']",216,9
1061_1LT001,2139.4597,45.604294,5681.267,['1061_1LT001'],216,1,"['9VOA3A1' '9VOA3B1' '9VOA3D1' '9VOA3A2' '9VOA3B2' '9VOA3D2' '9VOA3A3'
 '9VOA3B3' '9VOA3D3']",216,9
1061_2LT001,450.3043,49.76282,1082.2201,['1061_2LT001'],48,1,['GV3QAB1' 'GV3QAB2'],48,2
1062_0LT001,2022.679,53.265312,5309.274,['1062_0LT001'],216,1,"['LG9VOA1' 'LG9VOB1' 'LG9VOD1' 'LG9VOA2' 'LG9VOB2' 'LG9VOD2' 'LG9VOA3'
 'LG9VOB3' 'LG9VOD3']",216,9
1062_1LT001,1302.022,52.117424,3569.6785,['1062_1LT001'],144,1,['G9QPLA1' 'G9QPLB1' 'G9QPLA2' 'G9QPLB2' 'G9QPLA3' 'G9QPLB3'],144,6
1062_2LT001,1522.0317,48.266705,3414.6746,['1062_2LT001'],144,1,['GAPV9A1' 'GAPV9B1' 'GAPV9A2' 'GAPV9B2' 'GAPV9A3' 'GAPV9B3'],144,6
1063_0LT001,2168.3928,51.59519,5285.7476,['1063_0LT001'],216,1,"['QGV19A1' 'QGV19B1' 'QGV19D1' 'QGV19A2' 'QGV19B2' 'QGV19D2' 'QGV19A3'
 'QGV19B3' 'QGV19D3']",216,9
1063_1LT001,2055.545,51.07009,5287.0913,['1063_1LT001'],216,1,"['VPO3GA1' 'VPO3GB1' 'VPO3GD1' 'VPO3GA2' 'VPO3GB2' 'VPO3GD2' 'VPO3GA3'
 'VPO3GB3' 'VPO3GD3']",216,9
1064_0LT001,2161.075,47.37021,5534.271,['1064_0LT001'],216,1,"['LA91QA1' 'LA91QB1' 'LA91QD1' 'LA91QA2' 'LA91QB2' 'LA91QD2' 'LA91QA3'
 'LA91QB3' 'LA91QD3']",216,9
1064_1LT001,431.61826,47.598934,1237.9851,['1064_1LT001'],48,1,['VG3LAB1' 'VG3LAB2'],48,2
1064_2LT001,1491.1385,50.43908,3680.4485,['1064_2LT001'],144,1,['LG13OA1' 'LG13OB1' 'LG13OA2' 'LG13OB2' 'LG13OA3' 'LG13OB3'],144,6
1065_0LT001,1425.6411,52.60505,3563.1475,['1065_0LT001'],144,1,['L1A3QA1' 'L1A3QB1' 'L1A3QA2' 'L1A3QB2' 'L1A3QA3' 'L1A3QB3'],144,6
1065_1LT001,2192.8662,47.656395,5418.694,['1065_1LT001'],216,1,"['V9OGLA1' 'V9OGLB1' 'V9OGLD1' 'V9OGLA2' 'V9OGLB2' 'V9OGLD2' 'V9OGLA3'
 'V9OGLB3' 'V9OGLD3']",216,9
1065_2LT001,911.7033,51.838943,2429.9646,['1065_2LT001'],96,1,['GQVPAB1' 'GQVPAD1' 'GQVPAB2' 'GQVPAD2'],96,4
1066_0LT001,493.5965,54.33679,1296.5066,['1066_0LT001'],48,1,['9G1PQB1' '9G1PQB2'],48,2
1066_1LT001,442.6167,48.256504,1223.1384,['1066_1LT001'],48,1,['3GOV1B1' '3GOV1B2'],48,2
1067_0LT001,2285.7231,50.589104,5765.354,['1067_0LT001'],216,1,"['GPVQ9A1' 'GPVQ9B1' 'GPVQ9D1' 'GPVQ9A2' 'GPVQ9B2' 'GPVQ9D2' 'GPVQ9A3'
 'GPVQ9B3' 'GPVQ9D3']",216,9
1067_1LT001,2084.856,50.92815,5540.905,['1067_1LT001'],216,1,"['GPAL3A1' 'GPAL3B1' 'GPAL3C1' 'GPAL3A2' 'GPAL3B2' 'GPAL3C2' 'GPAL3A3'
 'GPAL3B3' 'GPAL3C3']",216,9
1067_2LT001,2307.1633,49.80923,5250.759,['1067_2LT001'],216,1,"['PGLQ9A1' 'PGLQ9B1' 'PGLQ9C1' 'PGLQ9A2' 'PGLQ9B2' 'PGLQ9C2' 'PGLQ9A3'
 'PGLQ9B3' 'PGLQ9C3']",216,9
1068_0LT001,2284.789,51.073586,5838.1167,['1068_0LT001'],216,1,"['LVOP1A1' 'LVOP1B1' 'LVOP1D1' 'LVOP1A2' 'LVOP1B2' 'LVOP1D2' 'LVOP1A3'
 'LVOP1B3' 'LVOP1D3']",216,9
1068_1LT001,2282.7632,53.032764,5205.2207,['1068_1LT001'],216,1,"['P9AVGA1' 'P9AVGB1' 'P9AVGD1' 'P9AVGA2' 'P9AVGB2' 'P9AVGD2' 'P9AVGA3'
 'P9AVGB3' 'P9AVGD3']",216,9
1069_0LT001,437.6122,52.3645,1318.1147,['1069_0LT001'],48,1,['L31QOB1' 'L31QOB2'],48,2
1069_1LT001,2308.5063,52.60117,5322.5713,['1069_1LT001'],216,1,"['OP31GA1' 'OP31GB1' 'OP31GD1' 'OP31GA2' 'OP31GB2' 'OP31GD2' 'OP31GA3'
 'OP31GB3' 'OP31GD3']",216,9
1070_0LT001,481.00427,46.034145,1189.3705,['1070_0LT001'],48,1,['V91GAB1' 'V91GAB2'],48,2
1070_1LT001,2308.8176,47.48799,5478.236,['1070_1LT001'],216,1,"['3O9V1A1' '3O9V1B1' '3O9V1C1' '3O9V1A2' '3O9V1B2' '3O9V1C2' '3O9V1A3'
 '3O9V1B3' '3O9V1C3']",216,9
1071_0LT001,1374.4109,50.64139,3743.858,['1071_0LT001'],144,1,['VLAQPA1' 'VLAQPB1' 'VLAQPA2' 'VLAQPB2' 'VLAQPA3' 'VLAQPB3'],144,6
1071_1LT001,1408.5791,49.731827,3739.3787,['1071_1LT001'],144,1,['31AGQA1' '31AGQB1' '31AGQA2' '31AGQB2' '31AGQA3' '31AGQB3'],144,6
1071_2LT001,2104.5762,47.18291,5707.139,['1071_2LT001'],216,1,"['OAVLGA1' 'OAVLGB1' 'OAVLGC1' 'OAVLGA2' 'OAVLGB2' 'OAVLGC2' 'OAVLGA3'
 'OAVLGB3' 'OAVLGC3']",216,9
1071_3LT001,2139.202,52.516594,5387.6494,['1071_3LT001'],216,1,"['VOQGPA1' 'VOQGPB1' 'VOQGPD1' 'VOQGPA2' 'VOQGPB2' 'VOQGPD2' 'VOQGPA3'
 'VOQGPB3' 'VOQGPD3']",216,9
1072_0LT001,497.49622,60.25121,1391.8094,['1072_0LT001'],48,1,['V31PQB1' 'V31PQB2'],48,2
1072_1LT001,931.769,53.97434,2568.4316,['1072_1LT001'],96,1,['3Q1GPB1' '3Q1GPD1' '3Q1GPB2' '3Q1GPD2'],96,4
1072_2LT001,2179.735,52.768448,5047.3296,['1072_2LT001'],216,1,"['L1P3OA1' 'L1P3OB1' 'L1P3OD1' 'L1P3OA2' 'L1P3OB2' 'L1P3OD2' 'L1P3OA3'
 'L1P3OB3' 'L1P3OD3']",216,9
1072_3LT001,508.94727,55.051437,1311.7147,['1072_3LT001'],48,1,['VGQ9OB1' 'VGQ9OB2'],48,2
1073_0LT001,2190.8472,50.573803,5544.548,['1073_0LT001'],216,1,"['VO9QLA1' 'VO9QLB1' 'VO9QLD1' 'VO9QLA2' 'VO9QLB2' 'VO9QLD2' 'VO9QLA3'
 'VO9QLB3' 'VO9QLD3']",216,9
1073_1LT001,2177.5623,51.065273,5389.5835,['1073_1LT001'],216,1,"['QG31LA1' 'QG31LB1' 'QG31LC1' 'QG31LA2' 'QG31LB2' 'QG31LC2' 'QG31LA3'
 'QG31LB3' 'QG31LC3']",216,9
1074_0LT001,460.37805,51.51234,1138.9933,['1074_0LT001'],48,1,['VA1Q3B1' 'VA1Q3B2'],48,2
1074_1LT001,975.9691,52.556606,2293.1365,['1074_1LT001'],96,1,['PQLGVB1' 'PQLGVD1' 'PQLGVB2' 'PQLGVD2'],96,4
1074_2LT001,1511.6786,49.24436,3618.921,['1074_2LT001'],144,1,['93VGQA1' '93VGQB1' '93VGQA2' '93VGQB2' '93VGQA3' '93VGQB3'],144,6
1074_3LT001,2239.0696,46.540993,5424.847,['1074_3LT001'],216,1,"['OPVG9A1' 'OPVG9B1' 'OPVG9C1' 'OPVG9A2' 'OPVG9B2' 'OPVG9C2' 'OPVG9A3'
 'OPVG9B3' 'OPVG9C3']",216,9
1075_0LT001,1470.8661,48.96231,3636.0737,['1075_0LT001'],144,1,['VPO1AA1' 'VPO1AB1' 'VPO1AA2' 'VPO1AB2' 'VPO1AA3' 'VPO1AB3'],144,6
1075_1LT001,1526.0428,51.33484,3748.5144,['1075_1LT001'],144,1,['13QVOA1' '13QVOB1' '13QVOA2' '13QVOB2' '13QVOA3' '13QVOB3'],144,6
1075_2LT001,2187.2393,49.309788,5342.274,['1075_2LT001'],216,1,"['A91Q3A1' 'A91Q3B1' 'A91Q3D1' 'A91Q3A2' 'A91Q3B2' 'A91Q3D2' 'A91Q3A3'
 'A91Q3B3' 'A91Q3D3']",216,9
1075_3LT001,2224.6147,47.850124,5334.216,['1075_3LT001'],216,1,"['VO1ALA1' 'VO1ALB1' 'VO1ALD1' 'VO1ALA2' 'VO1ALB2' 'VO1ALD2' 'VO1ALA3'
 'VO1ALB3' 'VO1ALD3']",216,9
1076_0LT001,2090.846,46.12832,4958.1343,['1076_0LT001'],216,1,"['L3P9QA1' 'L3P9QB1' 'L3P9QD1' 'L3P9QA2' 'L3P9QB2' 'L3P9QD2' 'L3P9QA3'
 'L3P9QB3' 'L3P9QD3']",216,9
1076_1LT001,2100.727,51.444237,5452.7407,['1076_1LT001'],216,1,"['Q1P9AA1' 'Q1P9AB1' 'Q1P9AC1' 'Q1P9AA2' 'Q1P9AB2' 'Q1P9AC2' 'Q1P9AA3'
 'Q1P9AB3' 'Q1P9AC3']",216,9
1076_2LT001,2277.3584,48.4894,5695.424,['1076_2LT001'],216,1,"['LOQAGA1' 'LOQAGB1' 'LOQAGC1' 'LOQAGA2' 'LOQAGB2' 'LOQAGC2' 'LOQAGA3'
 'LOQAGB3' 'LOQAGC3']",216,9
1076_3LT001,461.1925,52.408375,1277.7534,['1076_3LT001'],48,1,['AQVPGB1' 'AQVPGB2'],48,2
1077_0LT001,2274.8125,53.10758,5658.6133,['1077_0LT001'],216,1,"['3GAOVA1' '3GAOVB1' '3GAOVD1' '3GAOVA2' '3GAOVB2' '3GAOVD2' '3GAOVA3'
 '3GAOVB3' '3GAOVD3']",216,9
1077_1LT001,523.7838,52.448414,1201.2554,['1077_1LT001'],48,1,['P93OGB1' 'P93OGB2'],48,2
1077_2LT001,1421.5159,53.779926,3508.3127,['1077_2LT001'],144,1,['G3AVLA1' 'G3AVLB1' 'G3AVLA2' 'G3AVLB2' 'G3AVLA3' 'G3AVLB3'],144,6
1077_3LT001,2091.699,50.665756,5364.3257,['1077_3LT001'],216,1,"['V91OAA1' 'V91OAB1' 'V91OAD1' 'V91OAA2' 'V91OAB2' 'V91OAD2' 'V91OAA3'
 'V91OAB3' 'V91OAD3']",216,9
1078_0LT001,1948.7286,53.132473,5617.288,['1078_0LT001'],216,1,"['QPAV3A1' 'QPAV3B1' 'QPAV3D1' 'QPAV3A2' 'QPAV3B2' 'QPAV3D2' 'QPAV3A3'
 'QPAV3B3' 'QPAV3D3']",216,9
1078_1LT001,990.3249,48.070942,2371.7488,['1078_1LT001'],96,1,['9GL1AB1' '9GL1AD1' '9GL1AB2' '9GL1AD2'],96,4
1078_2LT001,2097.8213,49.58449,5062.5166,['1078_2LT001'],216,1,"['LVA9OA1' 'LVA9OB1' 'LVA9OD1' 'LVA9OA2' 'LVA9OB2' 'LVA9OD2' 'LVA9OA3'
 'LVA9OB3' 'LVA9OD3']",216,9
1078_3LT001,1005.35547,52.361164,2310.44,['1078_3LT001'],96,1,['AG31LB1' 'AG31LD1' 'AG31LB2' 'AG31LD2'],96,4
1079_0LT001,2426.1802,49.618538,5977.6987,['1079_0LT001'],240,1,"['G9AOQB1' 'G9AOQD1' 'G9AOQB2' 'G9AOQD2' 'G9AOQB3' 'G9AOQD3' 'G9AOQB4'
 'G9AOQD4' 'G9AOQB5' 'G9AOQD5']",240,10
1079_1LT001,464.54453,47.21636,1165.7183,['1079_1LT001'],48,1,['G19Q3B1' 'G19Q3B2'],48,2
1080_0LT001,1510.7446,48.722885,3664.7268,['1080_0LT001'],144,1,['9LOPAA1' '9LOPAB1' '9LOPAA2' '9LOPAB2' '9LOPAA3' '9LOPAB3'],144,6
1080_1LT001,2136.1406,51.25523,5069.1265,['1080_1LT001'],216,1,"['P1OLVA1' 'P1OLVB1' 'P1OLVD1' 'P1OLVA2' 'P1OLVB2' 'P1OLVD2' 'P1OLVA3'
 'P1OLVB3' 'P1OLVD3']",216,9
1080_2LT001,2156.3347,50.613483,4928.5024,['1080_2LT001'],216,1,"['3PVAOA1' '3PVAOB1' '3PVAOC1' '3PVAOA2' '3PVAOB2' '3PVAOC2' '3PVAOA3'
 '3PVAOB3' '3PVAOC3']",216,9
1081_0LT001,2190.826,50.043114,5405.3066,['1081_0LT001'],216,1,"['39PLVA1' '39PLVB1' '39PLVD1' '39PLVA2' '39PLVB2' '39PLVD2' '39PLVA3'
 '39PLVB3' '39PLVD3']",216,9
1081_1LT001,568.26166,47.873257,1143.1348,['1081_1LT001'],48,1,['9QO3PB1' '9QO3PB2'],48,2
1082_0LT001,2317.7698,50.64226,5400.149,['1082_0LT001'],216,1,"['PL3QVA1' 'PL3QVB1' 'PL3QVC1' 'PL3QVA2' 'PL3QVB2' 'PL3QVC2' 'PL3QVA3'
 'PL3QVB3' 'PL3QVC3']",216,9
1082_1LT001,2210.5312,48.27148,5576.1826,['1082_1LT001'],216,1,"['AG3LVA1' 'AG3LVB1' 'AG3LVD1' 'AG3LVA2' 'AG3LVB2' 'AG3LVD2' 'AG3LVA3'
 'AG3LVB3' 'AG3LVD3']",216,9
1082_2LT001,2147.5422,51.882515,5645.0522,['1082_2LT001'],216,1,"['GQOLPA1' 'GQOLPB1' 'GQOLPD1' 'GQOLPA2' 'GQOLPB2' 'GQOLPD2' 'GQOLPA3'
 'GQOLPB3' 'GQOLPD3']",216,9
1082_3LT001,2411.092,46.94419,5600.411,['1082_3LT001'],216,1,"['P9QG1A1' 'P9QG1B1' 'P9QG1C1' 'P9QG1A2' 'P9QG1B2' 'P9QG1C2' 'P9QG1A3'
 'P9QG1B3' 'P9QG1C3']",216,9
1083_0LT001,2007.8523,50.442844,5074.498,['1083_0LT001'],216,1,"['9LPV1A1' '9LPV1B1' '9LPV1D1' '9LPV1A2' '9LPV1B2' '9LPV1D2' '9LPV1A3'
 '9LPV1B3' '9LPV1D3']",216,9
1083_1LT001,1264.6041,52.638355,3678.702,['1083_1LT001'],144,1,['9Q3O1A1' '9Q3O1B1' '9Q3O1A2' '9Q3O1B2' '9Q3O1A3' '9Q3O1B3'],144,6
1084_0LT001,2262.673,49.703255,5607.095,['1084_0LT001'],216,1,"['19LGOA1' '19LGOB1' '19LGOD1' '19LGOA2' '19LGOB2' '19LGOD2' '19LGOA3'
 '19LGOB3' '19LGOD3']",216,9
1084_1LT001,954.11584,52.38679,2342.9404,['1084_1LT001'],96,1,['GVQL9B1' 'GVQL9D1' 'GVQL9B2' 'GVQL9D2'],96,4
1084_2LT001,486.03912,45.765717,1260.1876,['1084_2LT001'],48,1,['L1G3OB1' 'L1G3OB2'],48,2
1084_3LT001,1427.4578,46.75426,3638.0615,['1084_3LT001'],144,1,['PL3G1A1' 'PL3G1B1' 'PL3G1A2' 'PL3G1B2' 'PL3G1A3' 'PL3G1B3'],144,6
1085_0LT001,2063.1902,50.986595,5169.1895,['1085_0LT001'],216,1,"['3LOQPA1' '3LOQPB1' '3LOQPD1' '3LOQPA2' '3LOQPB2' '3LOQPD2' '3LOQPA3'
 '3LOQPB3' '3LOQPD3']",216,9
1085_1LT001,2151.7085,53.06455,5699.49,['1085_1LT001'],216,1,"['QO39GA1' 'QO39GB1' 'QO39GD1' 'QO39GA2' 'QO39GB2' 'QO39GD2' 'QO39GA3'
 'QO39GB3' 'QO39GD3']",216,9
1085_2LT001,2153.1257,49.31458,5405.793,['1085_2LT001'],216,1,"['3OL9GA1' '3OL9GB1' '3OL9GD1' '3OL9GA2' '3OL9GB2' '3OL9GD2' '3OL9GA3'
 '3OL9GB3' '3OL9GD3']",216,9
1085_3LT001,2060.4343,47.759502,4987.9307,['1085_3LT001'],216,1,"['AVPOQA1' 'AVPOQB1' 'AVPOQD1' 'AVPOQA2' 'AVPOQB2' 'AVPOQD2' 'AVPOQA3'
 'AVPOQB3' 'AVPOQD3']",216,9
1086_0LT001,2355.8257,51.517677,5845.846,['1086_0LT001'],240,1,"['VPOQ3B1' 'VPOQ3D1' 'VPOQ3B2' 'VPOQ3D2' 'VPOQ3B3' 'VPOQ3D3' 'VPOQ3B4'
 'VPOQ3D4' 'VPOQ3B5' 'VPOQ3D5']",240,10
1086_1LT001,491.16513,48.983166,1234.3298,['1086_1LT001'],48,1,['Q3O1PB1' 'Q3O1PB2'],48,2
1086_2LT001,928.68646,47.949574,2335.0764,['1086_2LT001'],96,1,['PLA3OB1' 'PLA3OD1' 'PLA3OB2' 'PLA3OD2'],96,4
1087_0LT001,2213.2534,50.005196,5784.364,['1087_0LT001'],216,1,"['AOVQ1A1' 'AOVQ1B1' 'AOVQ1C1' 'AOVQ1A2' 'AOVQ1B2' 'AOVQ1C2' 'AOVQ1A3'
 'AOVQ1B3' 'AOVQ1C3']",216,9
1087_1LT001,2155.8606,49.93719,5584.927,['1087_1LT001'],216,1,"['1AOQGA1' '1AOQGB1' '1AOQGD1' '1AOQGA2' '1AOQGB2' '1AOQGD2' '1AOQGA3'
 '1AOQGB3' '1AOQGD3']",216,9
1088_0LT001,450.41583,51.03438,1100.166,['1088_0LT001'],48,1,['PQOVGB1' 'PQOVGB2'],48,2
1088_1LT001,2222.0847,50.53956,5377.0947,['1088_1LT001'],216,1,"['QA1PGA1' 'QA1PGB1' 'QA1PGD1' 'QA1PGA2' 'QA1PGB2' 'QA1PGD2' 'QA1PGA3'
 'QA1PGB3' 'QA1PGD3']",216,9
1089_0LT001,2103.7014,49.17984,5595.939,['1089_0LT001'],216,1,"['L3QA9A1' 'L3QA9B1' 'L3QA9D1' 'L3QA9A2' 'L3QA9B2' 'L3QA9D2' 'L3QA9A3'
 'L3QA9B3' 'L3QA9D3']",216,9
1089_1LT001,2081.6614,53.70441,5437.255,['1089_1LT001'],216,1,"['PQ3A9A1' 'PQ3A9B1' 'PQ3A9C1' 'PQ3A9A2' 'PQ3A9B2' 'PQ3A9C2' 'PQ3A9A3'
 'PQ3A9B3' 'PQ3A9C3']",216,9
1089_2LT001,2286.8535,49.85338,5063.4014,['1089_2LT001'],216,1,"['9OV1GA1' '9OV1GB1' '9OV1GD1' '9OV1GA2' '9OV1GB2' '9OV1GD2' '9OV1GA3'
 '9OV1GB3' '9OV1GD3']",216,9
1090_0LT001,2081.11,47.636295,5365.03,['1090_0LT001'],216,1,"['O931LA1' 'O931LB1' 'O931LC1' 'O931LA2' 'O931LB2' 'O931LC2' 'O931LA3'
 'O931LB3' 'O931LC3']",216,9
1090_1LT001,2415.5903,51.16683,5937.433,['1090_1LT001'],240,1,"['PQLOVB1' 'PQLOVD1' 'PQLOVB2' 'PQLOVD2' 'PQLOVB3' 'PQLOVD3' 'PQLOVB4'
 'PQLOVD4' 'PQLOVB5' 'PQLOVD5']",240,10
1090_2LT001,2236.7207,50.364666,5100.4766,['1090_2LT001'],216,1,"['AVOG9A1' 'AVOG9B1' 'AVOG9C1' 'AVOG9A2' 'AVOG9B2' 'AVOG9C2' 'AVOG9A3'
 'AVOG9B3' 'AVOG9C3']",216,9
1091_0LT001,2166.443,52.86531,5575.491,['1091_0LT001'],216,1,"['O319GA1' 'O319GB1' 'O319GD1' 'O319GA2' 'O319GB2' 'O319GD2' 'O319GA3'
 'O319GB3' 'O319GD3']",216,9
1091_1LT001,2114.9353,52.604298,5308.064,['1091_1LT001'],216,1,"['9O3QGA1' '9O3QGB1' '9O3QGC1' '9O3QGA2' '9O3QGB2' '9O3QGC2' '9O3QGA3'
 '9O3QGB3' '9O3QGC3']",216,9
1091_2LT001,2186.611,50.759083,5526.198,['1091_2LT001'],216,1,"['93PG1A1' '93PG1B1' '93PG1D1' '93PG1A2' '93PG1B2' '93PG1D2' '93PG1A3'
 '93PG1B3' '93PG1D3']",216,9
1091_3LT001,2259.88,48.667187,5275.2324,['1091_3LT001'],216,1,"['91GQLA1' '91GQLB1' '91GQLC1' '91GQLA2' '91GQLB2' '91GQLC2' '91GQLA3'
 '91GQLB3' '91GQLC3']",216,9
1092_0LT001,2099.2153,50.911655,5558.6895,['1092_0LT001'],216,1,"['QL3OAA1' 'QL3OAB1' 'QL3OAC1' 'QL3OAA2' 'QL3OAB2' 'QL3OAC2' 'QL3OAA3'
 'QL3OAB3' 'QL3OAC3']",216,9
1092_1LT001,2207.718,49.642033,5515.5376,['1092_1LT001'],216,1,"['9GVLPA1' '9GVLPB1' '9GVLPC1' '9GVLPA2' '9GVLPB2' '9GVLPC2' '9GVLPA3'
 '9GVLPB3' '9GVLPC3']",216,9
1092_2LT001,2184.4385,46.449894,4992.398,['1092_2LT001'],216,1,"['1LAVOA1' '1LAVOB1' '1LAVOD1' '1LAVOA2' '1LAVOB2' '1LAVOD2' '1LAVOA3'
 '1LAVOB3' '1LAVOD3']",216,9
1092_3LT001,2354.9287,50.261467,5277.871,['1092_3LT001'],216,1,"['OV39PA1' 'OV39PB1' 'OV39PC1' 'OV39PA2' 'OV39PB2' 'OV39PC2' 'OV39PA3'
 'OV39PB3' 'OV39PC3']",216,9
1093_0LT001,1432.0465,47.66118,3315.6714,['1093_0LT001'],144,1,['VA31LA1' 'VA31LB1' 'VA31LA2' 'VA31LB2' 'VA31LA3' 'VA31LB3'],144,6
1093_1LT001,1605.2717,53.76061,3827.506,['1093_1LT001'],144,1,['P3OGLA1' 'P3OGLB1' 'P3OGLA2' 'P3OGLB2' 'P3OGLA3' 'P3OGLB3'],144,6
1093_2LT001,2201.3025,50.140617,5541.8477,['1093_2LT001'],216,1,"['QP93AA1' 'QP93AB1' 'QP93AC1' 'QP93AA2' 'QP93AB2' 'QP93AC2' 'QP93AA3'
 'QP93AB3' 'QP93AC3']",216,9
1094_0LT001,2163.723,48.421143,5140.2153,['1094_0LT001'],216,1,"['POLV9A1' 'POLV9B1' 'POLV9C1' 'POLV9A2' 'POLV9B2' 'POLV9C2' 'POLV9A3'
 'POLV9B3' 'POLV9C3']",216,9
1094_1LT001,2229.1692,47.91319,5315.2285,['1094_1LT001'],216,1,"['91LOQA1' '91LOQB1' '91LOQD1' '91LOQA2' '91LOQB2' '91LOQD2' '91LOQA3'
 '91LOQB3' '91LOQD3']",216,9
1094_2LT001,899.84906,48.575195,2504.985,['1094_2LT001'],96,1,['1AOLVB1' '1AOLVD1' '1AOLVB2' '1AOLVD2'],96,4
1095_0LT001,2121.8572,45.77617,5738.733,['1095_0LT001'],216,1,"['Q1ALOA1' 'Q1ALOB1' 'Q1ALOD1' 'Q1ALOA2' 'Q1ALOB2' 'Q1ALOD2' 'Q1ALOA3'
 'Q1ALOB3' 'Q1ALOD3']",216,9
1095_1LT001,2109.5293,49.724087,5662.792,['1095_1LT001'],216,1,"['PVG1OA1' 'PVG1OB1' 'PVG1OD1' 'PVG1OA2' 'PVG1OB2' 'PVG1OD2' 'PVG1OA3'
 'PVG1OB3' 'PVG1OD3']",216,9
1095_2LT001,2258.1895,48.36901,5034.0093,['1095_2LT001'],216,1,"['VAL1OA1' 'VAL1OB1' 'VAL1OC1' 'VAL1OA2' 'VAL1OB2' 'VAL1OC2' 'VAL1OA3'
 'VAL1OB3' 'VAL1OC3']",216,9
1095_3LT001,2195.963,46.092903,5709.809,['1095_3LT001'],216,1,"['13VPAA1' '13VPAB1' '13VPAD1' '13VPAA2' '13VPAB2' '13VPAD2' '13VPAA3'
 '13VPAB3' '13VPAD3']",216,9
1095_4LT001,2343.1396,48.75533,5517.4136,['1095_4LT001'],216,1,"['9QPAVA1' '9QPAVB1' '9QPAVD1' '9QPAVA2' '9QPAVB2' '9QPAVD2' '9QPAVA3'
 '9QPAVB3' '9QPAVD3']",216,9
1096_0LT001,2170.0273,48.899155,5313.1416,['1096_0LT001'],216,1,"['PL19QA1' 'PL19QB1' 'PL19QD1' 'PL19QA2' 'PL19QB2' 'PL19QD2' 'PL19QA3'
 'PL19QB3' 'PL19QD3']",216,9
1096_1LT001,2055.7915,51.36242,5379.4414,['1096_1LT001'],216,1,"['PQAO9A1' 'PQAO9B1' 'PQAO9D1' 'PQAO9A2' 'PQAO9B2' 'PQAO9D2' 'PQAO9A3'
 'PQAO9B3' 'PQAO9D3']",216,9
1096_2LT001,1376.1981,47.329556,3368.0947,['1096_2LT001'],144,1,['A39OVA1' 'A39OVB1' 'A39OVA2' 'A39OVB2' 'A39OVA3' 'A39OVB3'],144,6
1096_3LT001,2215.797,47.99997,5173.785,['1096_3LT001'],216,1,"['GV3OQA1' 'GV3OQB1' 'GV3OQD1' 'GV3OQA2' 'GV3OQB2' 'GV3OQD2' 'GV3OQA3'
 'GV3OQB3' 'GV3OQD3']",216,9
1097_0LT001,935.0941,47.834606,2474.3423,['1097_0LT001'],96,1,['1QP9LB1' '1QP9LD1' '1QP9LB2' '1QP9LD2'],96,4
1097_1LT001,2154.1335,51.464443,5217.3833,['1097_1LT001'],216,1,"['VQG93A1' 'VQG93B1' 'VQG93C1' 'VQG93A2' 'VQG93B2' 'VQG93C2' 'VQG93A3'
 'VQG93B3' 'VQG93C3']",216,9
1097_2LT001,2135.356,52.925285,5637.468,['1097_2LT001'],216,1,"['O9PA3A1' 'O9PA3B1' 'O9PA3D1' 'O9PA3A2' 'O9PA3B2' 'O9PA3D2' 'O9PA3A3'
 'O9PA3B3' 'O9PA3D3']",216,9
1098_0LT001,2160.697,48.54321,5406.9307,['1098_0LT001'],216,1,"['GV1OQA1' 'GV1OQB1' 'GV1OQC1' 'GV1OQA2' 'GV1OQB2' 'GV1OQC2' 'GV1OQA3'
 'GV1OQB3' 'GV1OQC3']",216,9
1098_1LT001,2173.4333,50.205826,4786.1543,['1098_1LT001'],216,1,"['3ALOGA1' '3ALOGB1' '3ALOGC1' '3ALOGA2' '3ALOGB2' '3ALOGC2' '3ALOGA3'
 '3ALOGB3' '3ALOGC3']",216,9
1098_2LT001,1375.221,47.299683,3854.0015,['1098_2LT001'],144,1,['139AGA1' '139AGB1' '139AGA2' '139AGB2' '139AGA3' '139AGB3'],144,6
1098_3LT001,426.15863,53.62084,1231.3798,['1098_3LT001'],48,1,['P1OLGB1' 'P1OLGB2'],48,2
1099_0LT001,2093.9072,51.71565,5602.1006,['1099_0LT001'],216,1,"['A1G39A1' 'A1G39B1' 'A1G39C1' 'A1G39A2' 'A1G39B2' 'A1G39C2' 'A1G39A3'
 'A1G39B3' 'A1G39C3']",216,9
1099_1LT001,911.01086,53.487183,2141.6682,['1099_1LT001'],96,1,['9GAL3B1' '9GAL3D1' '9GAL3B2' '9GAL3D2'],96,4
1100_0LT001,2160.846,47.648224,5275.3555,['1100_0LT001'],216,1,"['OPV9LA1' 'OPV9LB1' 'OPV9LD1' 'OPV9LA2' 'OPV9LB2' 'OPV9LD2' 'OPV9LA3'
 'OPV9LB3' 'OPV9LD3']",216,9
1100_1LT001,1970.806,52.582962,5443.43,['1100_1LT001'],216,1,"['G9P3QA1' 'G9P3QB1' 'G9P3QD1' 'G9P3QA2' 'G9P3QB2' 'G9P3QD2' 'G9P3QA3'
 'G9P3QB3' 'G9P3QD3']",216,9
1100_2LT001,2067.2415,51.48019,5324.585,['1100_2LT001'],216,1,"['LAQPOA1' 'LAQPOB1' 'LAQPOD1' 'LAQPOA2' 'LAQPOB2' 'LAQPOD2' 'LAQPOA3'
 'LAQPOB3' 'LAQPOD3']",216,9
1101_0LT001,926.85706,49.470776,2639.6704,['1101_0LT001'],96,1,['GO1LVB1' 'GO1LVD1' 'GO1LVB2' 'GO1LVD2'],96,4
1101_1LT001,551.62885,48.259304,1100.6462,['1101_1LT001'],48,1,['OVA1QB1' 'OVA1QB2'],48,2
1102_0LT001,2194.5508,50.8735,5594.9834,['1102_0LT001'],216,1,"['VOPLGA1' 'VOPLGB1' 'VOPLGC1' 'VOPLGA2' 'VOPLGB2' 'VOPLGC2' 'VOPLGA3'
 'VOPLGB3' 'VOPLGC3']",216,9
1102_1LT001,2051.7402,50.126072,5038.9272,['1102_1LT001'],216,1,"['1LPQ3A1' '1LPQ3B1' '1LPQ3D1' '1LPQ3A2' '1LPQ3B2' '1LPQ3D2' '1LPQ3A3'
 '1LPQ3B3' '1LPQ3D3']",216,9
1102_2LT001,2189.1992,50.478737,5487.08,['1102_2LT001'],216,1,"['V9G3PA1' 'V9G3PB1' 'V9G3PD1' 'V9G3PA2' 'V9G3PB2' 'V9G3PD2' 'V9G3PA3'
 'V9G3PB3' 'V9G3PD3']",216,9
1102_3LT001,2188.817,48.809586,5447.79,['1102_3LT001'],216,1,"['GV139A1' 'GV139B1' 'GV139C1' 'GV139A2' 'GV139B2' 'GV139C2' 'GV139A3'
 'GV139B3' 'GV139C3']",216,9
1103_0LT001,2150.945,47.913055,5100.3037,['1103_0LT001'],216,1,"['3LQ9GA1' '3LQ9GB1' '3LQ9GD1' '3LQ9GA2' '3LQ9GB2' '3LQ9GD2' '3LQ9GA3'
 '3LQ9GB3' '3LQ9GD3']",216,9
1103_1LT001,1450.2471,51.831947,3776.9578,['1103_1LT001'],144,1,['1AP9QA1' '1AP9QB1' '1AP9QA2' '1AP9QB2' '1AP9QA3' '1AP9QB3'],144,6
1103_2LT001,2098.473,49.471046,5115.091,['1103_2LT001'],216,1,"['PAOG1A1' 'PAOG1B1' 'PAOG1D1' 'PAOG1A2' 'PAOG1B2' 'PAOG1D2' 'PAOG1A3'
 'PAOG1B3' 'PAOG1D3']",216,9
1103_3LT001,2214.9988,50.153896,5535.425,['1103_3LT001'],216,1,"['OL1AGA1' 'OL1AGB1' 'OL1AGC1' 'OL1AGA2' 'OL1AGB2' 'OL1AGC2' 'OL1AGA3'
 'OL1AGB3' 'OL1AGC3']",216,9
1104_0LT001,2071.495,49.496387,5219.032,['1104_0LT001'],216,1,"['GLV1OA1' 'GLV1OB1' 'GLV1OD1' 'GLV1OA2' 'GLV1OB2' 'GLV1OD2' 'GLV1OA3'
 'GLV1OB3' 'GLV1OD3']",216,9
1104_1LT001,2245.6697,52.225365,5265.9204,['1104_1LT001'],216,1,"['LPQ39A1' 'LPQ39B1' 'LPQ39D1' 'LPQ39A2' 'LPQ39B2' 'LPQ39D2' 'LPQ39A3'
 'LPQ39B3' 'LPQ39D3']",216,9
1104_2LT001,2209.8472,49.797153,4978.784,['1104_2LT001'],216,1,"['QPA1OA1' 'QPA1OB1' 'QPA1OC1' 'QPA1OA2' 'QPA1OB2' 'QPA1OC2' 'QPA1OA3'
 'QPA1OB3' 'QPA1OC3']",216,9
1104_3LT001,971.30786,52.15582,2263.3645,['1104_3LT001'],96,1,['PAG9VB1' 'PAG9VD1' 'PAG9VB2' 'PAG9VD2'],96,4
1104_4LT001,1438.5216,52.393097,3569.6914,['1104_4LT001'],144,1,['VP9QGA1' 'VP9QGB1' 'VP9QGA2' 'VP9QGB2' 'VP9QGA3' 'VP9QGB3'],144,6
1105_0LT001,506.80338,50.19627,1180.6371,['1105_0LT001'],48,1,['V3PLAB1' 'V3PLAB2'],48,2
1105_1LT001,2108.602,47.51731,5402.409,['1105_1LT001'],216,1,"['VP1QOA1' 'VP1QOB1' 'VP1QOD1' 'VP1QOA2' 'VP1QOB2' 'VP1QOD2' 'VP1QOA3'
 'VP1QOB3' 'VP1QOD3']",216,9
1105_2LT001,1444.6815,50.285976,3378.9624,['1105_2LT001'],144,1,['GAV13A1' 'GAV13B1' 'GAV13A2' 'GAV13B2' 'GAV13A3' 'GAV13B3'],144,6
1106_0LT001,2148.9114,49.99007,5231.887,['1106_0LT001'],216,1,"['PAGV1A1' 'PAGV1B1' 'PAGV1C1' 'PAGV1A2' 'PAGV1B2' 'PAGV1C2' 'PAGV1A3'
 'PAGV1B3' 'PAGV1C3']",216,9
1106_1LT001,442.75385,43.948986,1259.2837,['1106_1LT001'],48,1,['GVLO1B1' 'GVLO1B2'],48,2
1106_2LT001,2105.5054,46.501633,5127.2676,['1106_2LT001'],216,1,"['O31AQA1' 'O31AQB1' 'O31AQC1' 'O31AQA2' 'O31AQB2' 'O31AQC2' 'O31AQA3'
 'O31AQB3' 'O31AQC3']",216,9
1107_0LT001,1390.0703,49.04058,3660.2393,['1107_0LT001'],144,1,['GP9ALA1' 'GP9ALB1' 'GP9ALA2' 'GP9ALB2' 'GP9ALA3' 'GP9ALB3'],144,6
1107_1LT001,2058.3237,50.073772,6046.409,['1107_1LT001'],216,1,"['Q31G9A1' 'Q31G9B1' 'Q31G9C1' 'Q31G9A2' 'Q31G9B2' 'Q31G9C2' 'Q31G9A3'
 'Q31G9B3' 'Q31G9C3']",216,9
1108_0LT001,2361.5327,46.57579,5555.1094,['1108_0LT001'],216,1,"['O9V1PA1' 'O9V1PB1' 'O9V1PD1' 'O9V1PA2' 'O9V1PB2' 'O9V1PD2' 'O9V1PA3'
 'O9V1PB3' 'O9V1PD3']",216,9
1108_1LT001,2215.2278,50.22583,5069.172,['1108_1LT001'],216,1,"['QL9GPA1' 'QL9GPB1' 'QL9GPD1' 'QL9GPA2' 'QL9GPB2' 'QL9GPD2' 'QL9GPA3'
 'QL9GPB3' 'QL9GPD3']",216,9
1108_2LT001,2166.2178,53.150238,5281.0933,['1108_2LT001'],216,1,"['3ALO1A1' '3ALO1B1' '3ALO1D1' '3ALO1A2' '3ALO1B2' '3ALO1D2' '3ALO1A3'
 '3ALO1B3' '3ALO1D3']",216,9
1108_3LT001,2119.1824,48.93488,5614.0566,['1108_3LT001'],216,1,"['9GP3OA1' '9GP3OB1' '9GP3OD1' '9GP3OA2' '9GP3OB2' '9GP3OD2' '9GP3OA3'
 '9GP3OB3' '9GP3OD3']",216,9
1109_0LT001,2250.9482,51.417873,5512.958,['1109_0LT001'],216,1,"['OQL1PA1' 'OQL1PB1' 'OQL1PD1' 'OQL1PA2' 'OQL1PB2' 'OQL1PD2' 'OQL1PA3'
 'OQL1PB3' 'OQL1PD3']",216,9
1109_1LT001,2065.3962,50.48252,5370.2485,['1109_1LT001'],216,1,"['GQO9VA1' 'GQO9VB1' 'GQO9VD1' 'GQO9VA2' 'GQO9VB2' 'GQO9VD2' 'GQO9VA3'
 'GQO9VB3' 'GQO9VD3']",216,9
1110_0LT001,2227.0664,48.522343,5619.28,['1110_0LT001'],216,1,"['QP3ALA1' 'QP3ALB1' 'QP3ALD1' 'QP3ALA2' 'QP3ALB2' 'QP3ALD2' 'QP3ALA3'
 'QP3ALB3' 'QP3ALD3']",216,9
1110_1LT001,458.22488,56.179676,1176.9667,['1110_1LT001'],48,1,['AVQOLB1' 'AVQOLB2'],48,2
1110_2LT001,2187.6858,46.770615,5261.0894,['1110_2LT001'],216,1,"['91VLGA1' '91VLGB1' '91VLGD1' '91VLGA2' '91VLGB2' '91VLGD2' '91VLGA3'
 '91VLGB3' '91VLGD3']",216,9
1111_0LT001,2066.5815,52.227863,5227.816,['1111_0LT001'],216,1,"['OV39AA1' 'OV39AB1' 'OV39AD1' 'OV39AA2' 'OV39AB2' 'OV39AD2' 'OV39AA3'
 'OV39AB3' 'OV39AD3']",216,9
1111_1LT001,1505.7924,52.955307,3497.3674,['1111_1LT001'],144,1,['3QA1LA1' '3QA1LB1' '3QA1LA2' '3QA1LB2' '3QA1LA3' '3QA1LB3'],144,6
1111_2LT001,2208.5574,50.644073,5288.9316,['1111_2LT001'],216,1,"['1LPQAA1' '1LPQAB1' '1LPQAD1' '1LPQAA2' '1LPQAB2' '1LPQAD2' '1LPQAA3'
 '1LPQAB3' '1LPQAD3']",216,9
1112_0LT001,846.8607,54.31145,2352.627,['1112_0LT001'],96,1,['9VL1PB1' '9VL1PD1' '9VL1PB2' '9VL1PD2'],96,4
1112_1LT001,2134.8086,48.471466,5534.833,['1112_1LT001'],216,1,"['AQV91A1' 'AQV91B1' 'AQV91C1' 'AQV91A2' 'AQV91B2' 'AQV91C2' 'AQV91A3'
 'AQV91B3' 'AQV91C3']",216,9
1112_2LT001,2254.9246,51.662224,5686.554,['1112_2LT001'],216,1,"['Q1VOGA1' 'Q1VOGB1' 'Q1VOGD1' 'Q1VOGA2' 'Q1VOGB2' 'Q1VOGD2' 'Q1VOGA3'
 'Q1VOGB3' 'Q1VOGD3']",216,9
1112_3LT001,1424.9419,51.182655,3546.8262,['1112_3LT001'],144,1,['VA91PA1' 'VA91PB1' 'VA91PA2' 'VA91PB2' 'VA91PA3' 'VA91PB3'],144,6
1113_0LT001,497.2635,50.179348,986.8404,['1113_0LT001'],48,1,['139GVB1' '139GVB2'],48,2
1113_1LT001,2052.9434,47.35772,5786.993,['1113_1LT001'],216,1,"['9L1Q3A1' '9L1Q3B1' '9L1Q3C1' '9L1Q3A2' '9L1Q3B2' '9L1Q3C2' '9L1Q3A3'
 '9L1Q3B3' '9L1Q3C3']",216,9
1114_0LT001,2100.759,49.667633,5729.4688,['1114_0LT001'],216,1,"['AO319A1' 'AO319B1' 'AO319D1' 'AO319A2' 'AO319B2' 'AO319D2' 'AO319A3'
 'AO319B3' 'AO319D3']",216,9
1114_1LT001,2180.444,48.453613,5125.357,['1114_1LT001'],216,1,"['QPLO1A1' 'QPLO1B1' 'QPLO1C1' 'QPLO1A2' 'QPLO1B2' 'QPLO1C2' 'QPLO1A3'
 'QPLO1B3' 'QPLO1C3']",216,9
1114_2LT001,2127.524,49.733963,5178.9004,['1114_2LT001'],216,1,"['1V3GAA1' '1V3GAB1' '1V3GAD1' '1V3GAA2' '1V3GAB2' '1V3GAD2' '1V3GAA3'
 '1V3GAB3' '1V3GAD3']",216,9
1114_3LT001,2199.4043,44.741474,5203.2666,['1114_3LT001'],216,1,"['GAOLPA1' 'GAOLPB1' 'GAOLPC1' 'GAOLPA2' 'GAOLPB2' 'GAOLPC2' 'GAOLPA3'
 'GAOLPB3' 'GAOLPC3']",216,9
1114_4LT001,482.28867,48.070614,1216.0955,['1114_4LT001'],48,1,['VAP31B1' 'VAP31B2'],48,2
1114_5LT001,2189.2947,52.080585,5432.0283,['1114_5LT001'],216,1,"['9QL3GA1' '9QL3GB1' '9QL3GC1' '9QL3GA2' '9QL3GB2' '9QL3GC2' '9QL3GA3'
 '9QL3GB3' '9QL3GC3']",216,9
1114_6LT001,1049.6182,50.511276,2260.7214,['1114_6LT001'],96,1,['PAGOLB1' 'PAGOLD1' 'PAGOLB2' 'PAGOLD2'],96,4
1115_0LT001,1959.4924,47.358765,5543.2075,['1115_0LT001'],216,1,"['PO9G1A1' 'PO9G1B1' 'PO9G1D1' 'PO9G1A2' 'PO9G1B2' 'PO9G1D2' 'PO9G1A3'
 'PO9G1B3' 'PO9G1D3']",216,9
1115_1LT001,1409.8435,51.685577,3736.0706,['1115_1LT001'],144,1,['PO3GQA1' 'PO3GQB1' 'PO3GQA2' 'PO3GQB2' 'PO3GQA3' 'PO3GQB3'],144,6
1115_2LT001,2338.8777,50.910744,6313.862,['1115_2LT001'],240,1,"['AO3GLB1' 'AO3GLD1' 'AO3GLB2' 'AO3GLD2' 'AO3GLB3' 'AO3GLD3' 'AO3GLB4'
 'AO3GLD4' 'AO3GLB5' 'AO3GLD5']",240,10
1115_3LT001,2052.3154,49.197243,5429.7944,['1115_3LT001'],216,1,"['OV319A1' 'OV319B1' 'OV319D1' 'OV319A2' 'OV319B2' 'OV319D2' 'OV319A3'
 'OV319B3' 'OV319D3']",216,9
1116_0LT001,2107.0713,48.33008,5536.478,['1116_0LT001'],216,1,"['GO3QVA1' 'GO3QVB1' 'GO3QVD1' 'GO3QVA2' 'GO3QVB2' 'GO3QVD2' 'GO3QVA3'
 'GO3QVB3' 'GO3QVD3']",216,9
1116_1LT001,2220.5693,49.43293,5433.874,['1116_1LT001'],216,1,"['GAL19A1' 'GAL19B1' 'GAL19C1' 'GAL19A2' 'GAL19B2' 'GAL19C2' 'GAL19A3'
 'GAL19B3' 'GAL19C3']",216,9
1116_2LT001,2081.3994,49.98137,5259.456,['1116_2LT001'],216,1,"['GVOPQA1' 'GVOPQB1' 'GVOPQD1' 'GVOPQA2' 'GVOPQB2' 'GVOPQD2' 'GVOPQA3'
 'GVOPQB3' 'GVOPQD3']",216,9
1117_0LT001,2217.566,50.530056,5469.775,['1117_0LT001'],216,1,"['OQ1AVA1' 'OQ1AVB1' 'OQ1AVD1' 'OQ1AVA2' 'OQ1AVB2' 'OQ1AVD2' 'OQ1AVA3'
 'OQ1AVB3' 'OQ1AVD3']",216,9
1117_1LT001,2021.3252,50.95518,5438.8965,['1117_1LT001'],216,1,"['Q9PLAA1' 'Q9PLAB1' 'Q9PLAC1' 'Q9PLAA2' 'Q9PLAB2' 'Q9PLAC2' 'Q9PLAA3'
 'Q9PLAB3' 'Q9PLAC3']",216,9
1117_2LT001,2133.6409,47.97857,5609.439,['1117_2LT001'],216,1,"['LQ1P9A1' 'LQ1P9B1' 'LQ1P9D1' 'LQ1P9A2' 'LQ1P9B2' 'LQ1P9D2' 'LQ1P9A3'
 'LQ1P9B3' 'LQ1P9D3']",216,9
1117_3LT001,2161.8389,53.97464,5494.1406,['1117_3LT001'],216,1,"['Q3VA1A1' 'Q3VA1B1' 'Q3VA1D1' 'Q3VA1A2' 'Q3VA1B2' 'Q3VA1D2' 'Q3VA1A3'
 'Q3VA1B3' 'Q3VA1D3']",216,9
1118_0LT001,2213.2554,51.484795,5489.2095,['1118_0LT001'],216,1,"['L1O9GA1' 'L1O9GB1' 'L1O9GD1' 'L1O9GA2' 'L1O9GB2' 'L1O9GD2' 'L1O9GA3'
 'L1O9GB3' 'L1O9GD3']",216,9
1118_1LT001,1417.0399,49.435642,3452.4583,['1118_1LT001'],144,1,['A9VLQA1' 'A9VLQB1' 'A9VLQA2' 'A9VLQB2' 'A9VLQA3' 'A9VLQB3'],144,6
1118_2LT001,2262.1562,51.4107,5233.1455,['1118_2LT001'],216,1,"['VO3QAA1' 'VO3QAB1' 'VO3QAD1' 'VO3QAA2' 'VO3QAB2' 'VO3QAD2' 'VO3QAA3'
 'VO3QAB3' 'VO3QAD3']",216,9
1118_3LT001,2332.771,48.764484,5390.435,['1118_3LT001'],216,1,"['O91AGA1' 'O91AGB1' 'O91AGC1' 'O91AGA2' 'O91AGB2' 'O91AGC2' 'O91AGA3'
 'O91AGB3' 'O91AGC3']",216,9
1119_0LT001,1346.22,48.43716,3652.5066,['1119_0LT001'],144,1,['GVQPOA1' 'GVQPOB1' 'GVQPOA2' 'GVQPOB2' 'GVQPOA3' 'GVQPOB3'],144,6
1119_1LT001,1931.2285,50.62793,5488.533,['1119_1LT001'],216,1,"['V3GQ1A1' 'V3GQ1B1' 'V3GQ1D1' 'V3GQ1A2' 'V3GQ1B2' 'V3GQ1D2' 'V3GQ1A3'
 'V3GQ1B3' 'V3GQ1D3']",216,9
1119_2LT001,1459.8865,55.464386,3810.6768,['1119_2LT001'],144,1,['VA1OLA1' 'VA1OLB1' 'VA1OLA2' 'VA1OLB2' 'VA1OLA3' 'VA1OLB3'],144,6
1120_0LT001,551.1983,51.32397,1166.8396,['1120_0LT001'],48,1,['G9PQOB1' 'G9PQOB2'],48,2
1120_1LT001,1234.4789,53.295433,2893.082,['1120_1LT001'],120,1,['AG3VOB1' 'AG3VOB2' 'AG3VOB3' 'AG3VOB4' 'AG3VOB5'],120,5
1120_2LT001,446.58035,49.039875,1105.3832,['1120_2LT001'],48,1,['A1VPGB1' 'A1VPGB2'],48,2
1121_0LT001,945.5454,54.765133,2486.2048,['1121_0LT001'],96,1,['3VQ91B1' '3VQ91D1' '3VQ91B2' '3VQ91D2'],96,4
1121_1LT001,497.9298,53.093735,1092.5651,['1121_1LT001'],48,1,['3POLGB1' '3POLGB2'],48,2
1121_2LT001,2057.4414,47.40344,5724.8853,['1121_2LT001'],216,1,"['13OA9A1' '13OA9B1' '13OA9D1' '13OA9A2' '13OA9B2' '13OA9D2' '13OA9A3'
 '13OA9B3' '13OA9D3']",216,9
1122_0LT001,2323.9902,48.87589,5367.822,['1122_0LT001'],216,1,"['1AO3PA1' '1AO3PB1' '1AO3PD1' '1AO3PA2' '1AO3PB2' '1AO3PD2' '1AO3PA3'
 '1AO3PB3' '1AO3PD3']",216,9
1122_1LT001,1433.7411,50.837723,3747.184,['1122_1LT001'],144,1,['L1G9OA1' 'L1G9OB1' 'L1G9OA2' 'L1G9OB2' 'L1G9OA3' 'L1G9OB3'],144,6
1122_2LT001,491.13712,61.086697,1165.9075,['1122_2LT001'],48,1,['GP1VQB1' 'GP1VQB2'],48,2
1122_3LT001,2073.5193,49.49338,5511.127,['1122_3LT001'],216,1,"['91PAQA1' '91PAQB1' '91PAQD1' '91PAQA2' '91PAQB2' '91PAQD2' '91PAQA3'
 '91PAQB3' '91PAQD3']",216,9
1123_0LT001,2065.7263,49.6222,5618.5933,['1123_0LT001'],216,1,"['AGQP1A1' 'AGQP1B1' 'AGQP1C1' 'AGQP1A2' 'AGQP1B2' 'AGQP1C2' 'AGQP1A3'
 'AGQP1B3' 'AGQP1C3']",216,9
1123_1LT001,2134.5764,47.91243,5374.629,['1123_1LT001'],216,1,"['3G1POA1' '3G1POB1' '3G1POD1' '3G1POA2' '3G1POB2' '3G1POD2' '3G1POA3'
 '3G1POB3' '3G1POD3']",216,9
1123_2LT001,2173.921,47.385723,5452.0977,['1123_2LT001'],216,1,"['G9PALA1' 'G9PALB1' 'G9PALD1' 'G9PALA2' 'G9PALB2' 'G9PALD2' 'G9PALA3'
 'G9PALB3' 'G9PALD3']",216,9
1123_3LT001,2413.1084,49.331577,5981.2134,['1123_3LT001'],240,1,"['L3VGAB1' 'L3VGAD1' 'L3VGAB2' 'L3VGAD2' 'L3VGAB3' 'L3VGAD3' 'L3VGAB4'
 'L3VGAD4' 'L3VGAB5' 'L3VGAD5']",240,10
1124_0LT001,2331.9858,49.419697,5542.8296,['1124_0LT001'],216,1,"['3PLQOA1' '3PLQOB1' '3PLQOC1' '3PLQOA2' '3PLQOB2' '3PLQOC2' '3PLQOA3'
 '3PLQOB3' '3PLQOC3']",216,9
1124_1LT001,2137.1143,52.551296,5382.171,['1124_1LT001'],216,1,"['O9PGVA1' 'O9PGVB1' 'O9PGVC1' 'O9PGVA2' 'O9PGVB2' 'O9PGVC2' 'O9PGVA3'
 'O9PGVB3' 'O9PGVC3']",216,9
1124_2LT001,437.77335,52.08302,1154.0635,['1124_2LT001'],48,1,['V13LGB1' 'V13LGB2'],48,2
1125_0LT001,2220.8152,51.672226,4929.9976,['1125_0LT001'],216,1,"['A39GQA1' 'A39GQB1' 'A39GQC1' 'A39GQA2' 'A39GQB2' 'A39GQC2' 'A39GQA3'
 'A39GQB3' 'A39GQC3']",216,9
1125_1LT001,2155.972,49.473045,5405.607,['1125_1LT001'],216,1,"['PAG13A1' 'PAG13B1' 'PAG13C1' 'PAG13A2' 'PAG13B2' 'PAG13C2' 'PAG13A3'
 'PAG13B3' 'PAG13C3']",216,9
1125_2LT001,2338.0383,48.04498,6172.7876,['1125_2LT001'],240,1,"['OQA93B1' 'OQA93D1' 'OQA93B2' 'OQA93D2' 'OQA93B3' 'OQA93D3' 'OQA93B4'
 'OQA93D4' 'OQA93B5' 'OQA93D5']",240,10
1126_0LT001,2073.7676,51.28662,5415.5684,['1126_0LT001'],216,1,"['A31OQA1' 'A31OQB1' 'A31OQD1' 'A31OQA2' 'A31OQB2' 'A31OQD2' 'A31OQA3'
 'A31OQB3' 'A31OQD3']",216,9
1126_1LT001,502.08142,55.854763,1293.671,['1126_1LT001'],48,1,['PVQG3B1' 'PVQG3B2'],48,2
1126_2LT001,2109.0193,49.021164,5719.5615,['1126_2LT001'],216,1,"['93LOAA1' '93LOAB1' '93LOAD1' '93LOAA2' '93LOAB2' '93LOAD2' '93LOAA3'
 '93LOAB3' '93LOAD3']",216,9
1127_0LT001,2203.1658,47.18874,5280.4873,['1127_0LT001'],216,1,"['Q9P1AA1' 'Q9P1AB1' 'Q9P1AC1' 'Q9P1AA2' 'Q9P1AB2' 'Q9P1AC2' 'Q9P1AA3'
 'Q9P1AB3' 'Q9P1AC3']",216,9
1127_1LT001,849.7082,52.488102,2226.2832,['1127_1LT001'],96,1,['QA931B1' 'QA931D1' 'QA931B2' 'QA931D2'],96,4
1127_2LT001,2166.0222,49.292553,5605.7466,['1127_2LT001'],216,1,"['V3L19A1' 'V3L19B1' 'V3L19C1' 'V3L19A2' 'V3L19B2' 'V3L19C2' 'V3L19A3'
 'V3L19B3' 'V3L19C3']",216,9
1127_3LT001,2293.0938,48.135914,5163.2974,['1127_3LT001'],216,1,"['PVLGOA1' 'PVLGOB1' 'PVLGOD1' 'PVLGOA2' 'PVLGOB2' 'PVLGOD2' 'PVLGOA3'
 'PVLGOB3' 'PVLGOD3']",216,9
1128_0LT001,2131.8892,50.917168,5127.9507,['1128_0LT001'],216,1,"['QVOG3A1' 'QVOG3B1' 'QVOG3D1' 'QVOG3A2' 'QVOG3B2' 'QVOG3D2' 'QVOG3A3'
 'QVOG3B3' 'QVOG3D3']",216,9
1128_1LT001,926.00586,51.08005,2300.8074,['1128_1LT001'],96,1,['31QA9B1' '31QA9D1' '31QA9B2' '31QA9D2'],96,4
1128_2LT001,2277.381,47.73328,5103.754,['1128_2LT001'],216,1,"['9OPVAA1' '9OPVAB1' '9OPVAC1' '9OPVAA2' '9OPVAB2' '9OPVAC2' '9OPVAA3'
 '9OPVAB3' '9OPVAC3']",216,9
1129_0LT001,925.64453,51.817448,2263.239,['1129_0LT001'],96,1,['V19LAB1' 'V19LAD1' 'V19LAB2' 'V19LAD2'],96,4
1129_1LT001,2046.6123,50.14183,5600.3096,['1129_1LT001'],216,1,"['O3G1AA1' 'O3G1AB1' 'O3G1AC1' 'O3G1AA2' 'O3G1AB2' 'O3G1AC2' 'O3G1AA3'
 'O3G1AB3' 'O3G1AC3']",216,9
1129_2LT001,2253.3025,50.36839,5375.1343,['1129_2LT001'],216,1,"['GA9OPA1' 'GA9OPB1' 'GA9OPD1' 'GA9OPA2' 'GA9OPB2' 'GA9OPD2' 'GA9OPA3'
 'GA9OPB3' 'GA9OPD3']",216,9
1129_3LT001,2141.3936,50.66359,5534.459,['1129_3LT001'],216,1,"['O1VGPA1' 'O1VGPB1' 'O1VGPD1' 'O1VGPA2' 'O1VGPB2' 'O1VGPD2' 'O1VGPA3'
 'O1VGPB3' 'O1VGPD3']",216,9
1130_0LT001,470.7439,53.225475,1193.9655,['1130_0LT001'],48,1,['P1Q9LB1' 'P1Q9LB2'],48,2
1130_1LT001,2140.3037,50.154587,5420.676,['1130_1LT001'],216,1,"['G3A9LA1' 'G3A9LB1' 'G3A9LD1' 'G3A9LA2' 'G3A9LB2' 'G3A9LD2' 'G3A9LA3'
 'G3A9LB3' 'G3A9LD3']",216,9
1131_0LT001,1058.3254,47.957443,2296.862,['1131_0LT001'],96,1,['91VGQB1' '91VGQD1' '91VGQB2' '91VGQD2'],96,4
1131_1LT001,854.48846,49.82678,2465.883,['1131_1LT001'],96,1,['G3AP1B1' 'G3AP1D1' 'G3AP1B2' 'G3AP1D2'],96,4
1132_0LT001,2168.9219,50.58247,5419.2495,['1132_0LT001'],216,1,"['AGLQPA1' 'AGLQPB1' 'AGLQPD1' 'AGLQPA2' 'AGLQPB2' 'AGLQPD2' 'AGLQPA3'
 'AGLQPB3' 'AGLQPD3']",216,9
1132_1LT001,1554.916,48.23725,3752.9775,['1132_1LT001'],144,1,['GVAOQA1' 'GVAOQB1' 'GVAOQA2' 'GVAOQB2' 'GVAOQA3' 'GVAOQB3'],144,6
1133_0LT001,2252.7622,52.969772,5303.0835,['1133_0LT001'],216,1,"['QV3P9A1' 'QV3P9B1' 'QV3P9D1' 'QV3P9A2' 'QV3P9B2' 'QV3P9D2' 'QV3P9A3'
 'QV3P9B3' 'QV3P9D3']",216,9
1133_1LT001,2136.5793,47.426105,5188.7065,['1133_1LT001'],216,1,"['VGA91A1' 'VGA91B1' 'VGA91D1' 'VGA91A2' 'VGA91B2' 'VGA91D2' 'VGA91A3'
 'VGA91B3' 'VGA91D3']",216,9
1133_2LT001,2227.7725,51.581135,5065.95,['1133_2LT001'],216,1,"['1AGPQA1' '1AGPQB1' '1AGPQD1' '1AGPQA2' '1AGPQB2' '1AGPQD2' '1AGPQA3'
 '1AGPQB3' '1AGPQD3']",216,9
1133_3LT001,2507.0825,52.632553,5623.9785,['1133_3LT001'],240,1,"['O91PQB1' 'O91PQD1' 'O91PQB2' 'O91PQD2' 'O91PQB3' 'O91PQD3' 'O91PQB4'
 'O91PQD4' 'O91PQB5' 'O91PQD5']",240,10
1134_0LT001,1451.8456,54.41395,3612.8496,['1134_0LT001'],144,1,['L391VA1' 'L391VB1' 'L391VA2' 'L391VB2' 'L391VA3' 'L391VB3'],144,6
1134_1LT001,2117.9387,49.841255,5399.3135,['1134_1LT001'],216,1,"['P3GV9A1' 'P3GV9B1' 'P3GV9C1' 'P3GV9A2' 'P3GV9B2' 'P3GV9C2' 'P3GV9A3'
 'P3GV9B3' 'P3GV9C3']",216,9
1135_0LT001,2202.9492,49.960114,5412.149,['1135_0LT001'],216,1,"['AG1QVA1' 'AG1QVB1' 'AG1QVD1' 'AG1QVA2' 'AG1QVB2' 'AG1QVD2' 'AG1QVA3'
 'AG1QVB3' 'AG1QVD3']",216,9
1135_1LT001,2060.489,49.541985,5426.38,['1135_1LT001'],216,1,"['GA3OLA1' 'GA3OLB1' 'GA3OLC1' 'GA3OLA2' 'GA3OLB2' 'GA3OLC2' 'GA3OLA3'
 'GA3OLB3' 'GA3OLC3']",216,9
1136_0LT001,927.6525,48.863842,2248.9233,['1136_0LT001'],96,1,['OLQ19B1' 'OLQ19D1' 'OLQ19B2' 'OLQ19D2'],96,4
1136_1LT001,2236.3408,48.837082,5486.442,['1136_1LT001'],216,1,"['31LQPA1' '31LQPB1' '31LQPD1' '31LQPA2' '31LQPB2' '31LQPD2' '31LQPA3'
 '31LQPB3' '31LQPD3']",216,9
1136_2LT001,2074.0198,48.756916,5704.047,['1136_2LT001'],216,1,"['VG1AOA1' 'VG1AOB1' 'VG1AOD1' 'VG1AOA2' 'VG1AOB2' 'VG1AOD2' 'VG1AOA3'
 'VG1AOB3' 'VG1AOD3']",216,9
1137_0LT001,2213.5525,52.065437,5655.3667,['1137_0LT001'],216,1,"['1VAO9A1' '1VAO9B1' '1VAO9D1' '1VAO9A2' '1VAO9B2' '1VAO9D2' '1VAO9A3'
 '1VAO9B3' '1VAO9D3']",216,9
1137_1LT001,459.94284,51.325672,1296.2799,['1137_1LT001'],48,1,['OAV1GB1' 'OAV1GB2'],48,2
1137_2LT001,2115.2002,47.39803,5326.1196,['1137_2LT001'],216,1,"['QOA3PA1' 'QOA3PB1' 'QOA3PC1' 'QOA3PA2' 'QOA3PB2' 'QOA3PC2' 'QOA3PA3'
 'QOA3PB3' 'QOA3PC3']",216,9
1137_3LT001,880.65015,51.250656,2369.7778,['1137_3LT001'],96,1,['GAVO1B1' 'GAVO1D1' 'GAVO1B2' 'GAVO1D2'],96,4
1138_0LT001,2002.5195,49.4186,5280.7407,['1138_0LT001'],216,1,"['PL3Q1A1' 'PL3Q1B1' 'PL3Q1C1' 'PL3Q1A2' 'PL3Q1B2' 'PL3Q1C2' 'PL3Q1A3'
 'PL3Q1B3' 'PL3Q1C3']",216,9
1138_1LT001,1526.5374,53.147453,3448.227,['1138_1LT001'],144,1,['GP3VAA1' 'GP3VAB1' 'GP3VAA2' 'GP3VAB2' 'GP3VAA3' 'GP3VAB3'],144,6
1139_0LT001,2147.2507,49.8483,5229.336,['1139_0LT001'],216,1,"['ALOVQA1' 'ALOVQB1' 'ALOVQD1' 'ALOVQA2' 'ALOVQB2' 'ALOVQD2' 'ALOVQA3'
 'ALOVQB3' 'ALOVQD3']",216,9
1139_1LT001,1296.2191,52.08397,3818.6953,['1139_1LT001'],144,1,['OG1APA1' 'OG1APB1' 'OG1APA2' 'OG1APB2' 'OG1APA3' 'OG1APB3'],144,6
1139_2LT001,2152.4463,50.416847,5519.9272,['1139_2LT001'],216,1,"['G1P39A1' 'G1P39B1' 'G1P39D1' 'G1P39A2' 'G1P39B2' 'G1P39D2' 'G1P39A3'
 'G1P39B3' 'G1P39D3']",216,9
1140_0LT001,2319.944,49.120956,5421.75,['1140_0LT001'],216,1,"['3O91LA1' '3O91LB1' '3O91LD1' '3O91LA2' '3O91LB2' '3O91LD2' '3O91LA3'
 '3O91LB3' '3O91LD3']",216,9
1140_1LT001,2155.291,50.262814,5238.9707,['1140_1LT001'],216,1,"['O1VA3A1' 'O1VA3B1' 'O1VA3D1' 'O1VA3A2' 'O1VA3B2' 'O1VA3D2' 'O1VA3A3'
 'O1VA3B3' 'O1VA3D3']",216,9
1140_2LT001,2313.291,52.109783,5220.469,['1140_2LT001'],216,1,"['GQO1VA1' 'GQO1VB1' 'GQO1VC1' 'GQO1VA2' 'GQO1VB2' 'GQO1VC2' 'GQO1VA3'
 'GQO1VB3' 'GQO1VC3']",216,9
1140_3LT001,2123.451,51.341587,5121.035,['1140_3LT001'],216,1,"['9GQVLA1' '9GQVLB1' '9GQVLD1' '9GQVLA2' '9GQVLB2' '9GQVLD2' '9GQVLA3'
 '9GQVLB3' '9GQVLD3']",216,9
1141_0LT001,447.7366,42.58679,1273.7039,['1141_0LT001'],48,1,['1LO9VB1' '1LO9VB2'],48,2
1141_1LT001,1999.0339,49.91564,5779.0664,['1141_1LT001'],216,1,"['Q1G39A1' 'Q1G39B1' 'Q1G39D1' 'Q1G39A2' 'Q1G39B2' 'Q1G39D2' 'Q1G39A3'
 'Q1G39B3' 'Q1G39D3']",216,9
1142_0LT001,1372.0991,47.57751,3444.7878,['1142_0LT001'],144,1,['VA1QOA1' 'VA1QOB1' 'VA1QOA2' 'VA1QOB2' 'VA1QOA3' 'VA1QOB3'],144,6
1142_1LT001,2047.868,46.16585,5441.4087,['1142_1LT001'],216,1,"['QA1OPA1' 'QA1OPB1' 'QA1OPD1' 'QA1OPA2' 'QA1OPB2' 'QA1OPD2' 'QA1OPA3'
 'QA1OPB3' 'QA1OPD3']",216,9
1143_0LT001,2315.671,49.284748,5594.727,['1143_0LT001'],216,1,"['1QV3AA1' '1QV3AB1' '1QV3AC1' '1QV3AA2' '1QV3AB2' '1QV3AC2' '1QV3AA3'
 '1QV3AB3' '1QV3AC3']",216,9
1143_1LT001,2154.112,50.35115,5445.509,['1143_1LT001'],216,1,"['1ALQOA1' '1ALQOB1' '1ALQOD1' '1ALQOA2' '1ALQOB2' '1ALQOD2' '1ALQOA3'
 '1ALQOB3' '1ALQOD3']",216,9
1143_2LT001,2243.484,49.676422,5735.2544,['1143_2LT001'],216,1,"['1Q3POA1' '1Q3POB1' '1Q3POD1' '1Q3POA2' '1Q3POB2' '1Q3POD2' '1Q3POA3'
 '1Q3POB3' '1Q3POD3']",216,9
1144_0LT001,1573.5845,44.61901,3770.2498,['1144_0LT001'],144,1,['AG1O9A1' 'AG1O9B1' 'AG1O9A2' 'AG1O9B2' 'AG1O9A3' 'AG1O9B3'],144,6
1144_1LT001,2137.822,50.39086,5352.7437,['1144_1LT001'],216,1,"['LGPQOA1' 'LGPQOB1' 'LGPQOD1' 'LGPQOA2' 'LGPQOB2' 'LGPQOD2' 'LGPQOA3'
 'LGPQOB3' 'LGPQOD3']",216,9
1145_0LT001,2167.1914,47.395256,5362.717,['1145_0LT001'],216,1,"['A91G3A1' 'A91G3B1' 'A91G3D1' 'A91G3A2' 'A91G3B2' 'A91G3D2' 'A91G3A3'
 'A91G3B3' 'A91G3D3']",216,9
1145_1LT001,977.80206,49.11056,2339.232,['1145_1LT001'],96,1,['PQOG9B1' 'PQOG9D1' 'PQOG9B2' 'PQOG9D2'],96,4
1145_2LT001,2402.021,49.967033,6149.1084,['1145_2LT001'],240,1,"['AVQPGB1' 'AVQPGC1' 'AVQPGB2' 'AVQPGC2' 'AVQPGB3' 'AVQPGC3' 'AVQPGB4'
 'AVQPGC4' 'AVQPGB5' 'AVQPGC5']",240,10
1146_0LT001,2277.2568,51.998367,5310.9043,['1146_0LT001'],216,1,"['PV91GA1' 'PV91GB1' 'PV91GD1' 'PV91GA2' 'PV91GB2' 'PV91GD2' 'PV91GA3'
 'PV91GB3' 'PV91GD3']",216,9
1146_1LT001,428.87332,51.014812,1273.1616,['1146_1LT001'],48,1,['3ALV9B1' '3ALV9B2'],48,2
1146_2LT001,962.1509,50.62843,2233.6475,['1146_2LT001'],96,1,['G9PAVB1' 'G9PAVD1' 'G9PAVB2' 'G9PAVD2'],96,4
1147_0LT001,2177.421,45.96044,5426.86,['1147_0LT001'],216,1,"['AVL9QA1' 'AVL9QB1' 'AVL9QD1' 'AVL9QA2' 'AVL9QB2' 'AVL9QD2' 'AVL9QA3'
 'AVL9QB3' 'AVL9QD3']",216,9
1147_1LT001,2260.8599,53.10428,5468.796,['1147_1LT001'],216,1,"['3QGP1A1' '3QGP1B1' '3QGP1C1' '3QGP1A2' '3QGP1B2' '3QGP1C2' '3QGP1A3'
 '3QGP1B3' '3QGP1C3']",216,9
1147_2LT001,2105.412,54.29746,5241.5317,['1147_2LT001'],216,1,"['GLA3PA1' 'GLA3PB1' 'GLA3PD1' 'GLA3PA2' 'GLA3PB2' 'GLA3PD2' 'GLA3PA3'
 'GLA3PB3' 'GLA3PD3']",216,9
1148_0LT001,2276.1826,49.84024,5558.0767,['1148_0LT001'],216,1,"['QLO39A1' 'QLO39B1' 'QLO39D1' 'QLO39A2' 'QLO39B2' 'QLO39D2' 'QLO39A3'
 'QLO39B3' 'QLO39D3']",216,9
1148_1LT001,1042.901,49.190105,2586.2544,['1148_1LT001'],96,1,['93G1LB1' '93G1LD1' '93G1LB2' '93G1LD2'],96,4
1148_2LT001,848.498,42.394863,2397.8977,['1148_2LT001'],96,1,['L3VAGB1' 'L3VAGD1' 'L3VAGB2' 'L3VAGD2'],96,4
1149_0LT001,480.62042,49.620564,1059.1714,['1149_0LT001'],48,1,['G39V1B1' 'G39V1B2'],48,2
1149_1LT001,2117.929,49.201244,5498.0923,['1149_1LT001'],216,1,"['9OGVPA1' '9OGVPB1' '9OGVPD1' '9OGVPA2' '9OGVPB2' '9OGVPD2' '9OGVPA3'
 '9OGVPB3' '9OGVPD3']",216,9
1149_2LT001,413.54102,54.34697,1246.2821,['1149_2LT001'],48,1,['GPL13B1' 'GPL13B2'],48,2
1150_0LT001,2119.7903,52.43094,5336.9897,['1150_0LT001'],216,1,"['9Q1OLA1' '9Q1OLB1' '9Q1OLC1' '9Q1OLA2' '9Q1OLB2' '9Q1OLC2' '9Q1OLA3'
 '9Q1OLB3' '9Q1OLC3']",216,9
1150_1LT001,2346.1765,50.57988,6034.0903,['1150_1LT001'],240,1,"['913AQB1' '913AQD1' '913AQB2' '913AQD2' '913AQB3' '913AQD3' '913AQB4'
 '913AQD4' '913AQB5' '913AQD5']",240,10
1150_2LT001,1082.0483,48.109615,2481.8076,['1150_2LT001'],96,1,['Q31APB1' 'Q31APD1' 'Q31APB2' 'Q31APD2'],96,4
1150_3LT001,2178.441,49.78314,5533.753,['1150_3LT001'],216,1,"['1P3QVA1' '1P3QVB1' '1P3QVD1' '1P3QVA2' '1P3QVB2' '1P3QVD2' '1P3QVA3'
 '1P3QVB3' '1P3QVD3']",216,9
1151_0LT001,2175.6875,51.132763,5399.3975,['1151_0LT001'],216,1,"['91L3QA1' '91L3QB1' '91L3QC1' '91L3QA2' '91L3QB2' '91L3QC2' '91L3QA3'
 '91L3QB3' '91L3QC3']",216,9
1151_1LT001,959.2436,44.55402,2350.0867,['1151_1LT001'],96,1,['O19GLB1' 'O19GLD1' 'O19GLB2' 'O19GLD2'],96,4
1151_2LT001,500.45837,51.456753,1270.7596,['1151_2LT001'],48,1,['3OQL9B1' '3OQL9B2'],48,2
1152_0LT001,2063.8213,46.89361,5276.1123,['1152_0LT001'],216,1,"['QLG9OA1' 'QLG9OB1' 'QLG9OC1' 'QLG9OA2' 'QLG9OB2' 'QLG9OC2' 'QLG9OA3'
 'QLG9OB3' 'QLG9OC3']",216,9
1152_1LT001,2144.1252,48.883713,5656.664,['1152_1LT001'],216,1,"['LAP3GA1' 'LAP3GB1' 'LAP3GC1' 'LAP3GA2' 'LAP3GB2' 'LAP3GC2' 'LAP3GA3'
 'LAP3GB3' 'LAP3GC3']",216,9
1153_0LT001,2228.6267,49.72672,5177.927,['1153_0LT001'],216,1,"['V1GLPA1' 'V1GLPB1' 'V1GLPD1' 'V1GLPA2' 'V1GLPB2' 'V1GLPD2' 'V1GLPA3'
 'V1GLPB3' 'V1GLPD3']",216,9
1153_1LT001,2214.1433,48.805843,5351.3213,['1153_1LT001'],216,1,"['31GOVA1' '31GOVB1' '31GOVC1' '31GOVA2' '31GOVB2' '31GOVC2' '31GOVA3'
 '31GOVB3' '31GOVC3']",216,9
1153_2LT001,2258.8108,51.718227,5205.32,['1153_2LT001'],216,1,"['LPQA1A1' 'LPQA1B1' 'LPQA1D1' 'LPQA1A2' 'LPQA1B2' 'LPQA1D2' 'LPQA1A3'
 'LPQA1B3' 'LPQA1D3']",216,9
1153_3LT001,2047.2056,51.91086,5048.524,['1153_3LT001'],216,1,"['POV9GA1' 'POV9GB1' 'POV9GD1' 'POV9GA2' 'POV9GB2' 'POV9GD2' 'POV9GA3'
 'POV9GB3' 'POV9GD3']",216,9
1154_0LT001,1411.7938,50.539692,3632.846,['1154_0LT001'],144,1,['LPA3QA1' 'LPA3QB1' 'LPA3QA2' 'LPA3QB2' 'LPA3QA3' 'LPA3QB3'],144,6
1154_1LT001,1427.7931,48.050224,3622.921,['1154_1LT001'],144,1,['3OLA1A1' '3OLA1B1' '3OLA1A2' '3OLA1B2' '3OLA1A3' '3OLA1B3'],144,6
1155_0LT001,872.21375,52.47107,2468.083,['1155_0LT001'],96,1,['V13GLB1' 'V13GLD1' 'V13GLB2' 'V13GLD2'],96,4
1155_1LT001,2124.664,50.201298,5198.184,['1155_1LT001'],216,1,"['91O3QA1' '91O3QB1' '91O3QD1' '91O3QA2' '91O3QB2' '91O3QD2' '91O3QA3'
 '91O3QB3' '91O3QD3']",216,9
1155_2LT001,2215.027,49.149784,5064.9204,['1155_2LT001'],216,1,"['L9VOAA1' 'L9VOAB1' 'L9VOAC1' 'L9VOAA2' 'L9VOAB2' 'L9VOAC2' 'L9VOAA3'
 'L9VOAB3' 'L9VOAC3']",216,9
1155_3LT001,1059.0533,47.064896,2385.8938,['1155_3LT001'],96,1,['3GQ1AB1' '3GQ1AD1' '3GQ1AB2' '3GQ1AD2'],96,4
1155_4LT001,2141.4543,50.15958,5079.303,['1155_4LT001'],216,1,"['O3QV1A1' 'O3QV1B1' 'O3QV1D1' 'O3QV1A2' 'O3QV1B2' 'O3QV1D2' 'O3QV1A3'
 'O3QV1B3' 'O3QV1D3']",216,9
1155_5LT001,2197.9368,51.475407,5528.0254,['1155_5LT001'],216,1,"['GV3LQA1' 'GV3LQB1' 'GV3LQD1' 'GV3LQA2' 'GV3LQB2' 'GV3LQD2' 'GV3LQA3'
 'GV3LQB3' 'GV3LQD3']",216,9
1155_6LT001,2151.4287,47.246452,5148.1816,['1155_6LT001'],216,1,"['AV139A1' 'AV139B1' 'AV139D1' 'AV139A2' 'AV139B2' 'AV139D2' 'AV139A3'
 'AV139B3' 'AV139D3']",216,9
1155_7LT001,959.9569,55.57883,2571.4512,['1155_7LT001'],96,1,['GQ3LOB1' 'GQ3LOD1' 'GQ3LOB2' 'GQ3LOD2'],96,4
1155_8LT001,2212.2087,47.446877,5550.0723,['1155_8LT001'],216,1,"['PV913A1' 'PV913B1' 'PV913D1' 'PV913A2' 'PV913B2' 'PV913D2' 'PV913A3'
 'PV913B3' 'PV913D3']",216,9
1156_0LT001,444.22165,46.81168,1102.6139,['1156_0LT001'],48,1,['VGL9OB1' 'VGL9OB2'],48,2
1156_1LT001,977.1979,51.17332,2416.4429,['1156_1LT001'],96,1,['3LO91B1' '3LO91D1' '3LO91B2' '3LO91D2'],96,4
1156_2LT001,2548.5286,50.4348,6253.202,['1156_2LT001'],240,1,"['P1L3VB1' 'P1L3VD1' 'P1L3VB2' 'P1L3VD2' 'P1L3VB3' 'P1L3VD3' 'P1L3VB4'
 'P1L3VD4' 'P1L3VB5' 'P1L3VD5']",240,10
1157_0LT001,1363.457,52.85528,3210.5166,['1157_0LT001'],144,1,['Q9O3PA1' 'Q9O3PB1' 'Q9O3PA2' 'Q9O3PB2' 'Q9O3PA3' 'Q9O3PB3'],144,6
1157_1LT001,2128.5188,49.386074,5256.945,['1157_1LT001'],216,1,"['19OQAA1' '19OQAB1' '19OQAD1' '19OQAA2' '19OQAB2' '19OQAD2' '19OQAA3'
 '19OQAB3' '19OQAD3']",216,9
1157_2LT001,1998.8447,51.326374,5509.666,['1157_2LT001'],216,1,"['9VAO1A1' '9VAO1B1' '9VAO1D1' '9VAO1A2' '9VAO1B2' '9VAO1D2' '9VAO1A3'
 '9VAO1B3' '9VAO1D3']",216,9
1158_0LT001,1293.3876,48.158432,2983.4478,['1158_0LT001'],120,1,['P91A3B1' 'P91A3B2' 'P91A3B3' 'P91A3B4' 'P91A3B5'],120,5
1158_1LT001,2160.3584,47.14706,5177.9683,['1158_1LT001'],216,1,"['3LAOVA1' '3LAOVB1' '3LAOVC1' '3LAOVA2' '3LAOVB2' '3LAOVC2' '3LAOVA3'
 '3LAOVB3' '3LAOVC3']",216,9
1159_0LT001,453.3823,42.616833,1150.2952,['1159_0LT001'],48,1,['O3LAPB1' 'O3LAPB2'],48,2
1159_1LT001,2425.552,50.077843,5955.904,['1159_1LT001'],240,1,"['Q319AB1' 'Q319AD1' 'Q319AB2' 'Q319AD2' 'Q319AB3' 'Q319AD3' 'Q319AB4'
 'Q319AD4' 'Q319AB5' 'Q319AD5']",240,10
1160_0LT001,2074.3408,50.452446,5399.3906,['1160_0LT001'],216,1,"['A9V1OA1' 'A9V1OB1' 'A9V1OD1' 'A9V1OA2' 'A9V1OB2' 'A9V1OD2' 'A9V1OA3'
 'A9V1OB3' 'A9V1OD3']",216,9
1160_1LT001,901.34766,47.520893,2401.298,['1160_1LT001'],96,1,['LP19AB1' 'LP19AD1' 'LP19AB2' 'LP19AD2'],96,4
1161_0LT001,2018.4684,49.42009,5010.4766,['1161_0LT001'],216,1,"['GVLPAA1' 'GVLPAB1' 'GVLPAC1' 'GVLPAA2' 'GVLPAB2' 'GVLPAC2' 'GVLPAA3'
 'GVLPAB3' 'GVLPAC3']",216,9
1161_1LT001,2171.4553,49.88792,5668.1587,['1161_1LT001'],216,1,"['LVOGPA1' 'LVOGPB1' 'LVOGPD1' 'LVOGPA2' 'LVOGPB2' 'LVOGPD2' 'LVOGPA3'
 'LVOGPB3' 'LVOGPD3']",216,9
1161_2LT001,543.1108,51.669834,1089.9211,['1161_2LT001'],48,1,['PGOLVB1' 'PGOLVB2'],48,2
1161_3LT001,1068.9983,49.35307,2541.4421,['1161_3LT001'],96,1,['PGQ9VB1' 'PGQ9VD1' 'PGQ9VB2' 'PGQ9VD2'],96,4
1162_0LT001,2186.637,48.13386,5314.938,['1162_0LT001'],216,1,"['VPLQGA1' 'VPLQGB1' 'VPLQGD1' 'VPLQGA2' 'VPLQGB2' 'VPLQGD2' 'VPLQGA3'
 'VPLQGB3' 'VPLQGD3']",216,9
1162_1LT001,2386.5015,50.019966,5189.4136,['1162_1LT001'],216,1,"['1LV39A1' '1LV39B1' '1LV39D1' '1LV39A2' '1LV39B2' '1LV39D2' '1LV39A3'
 '1LV39B3' '1LV39D3']",216,9
1162_2LT001,491.13153,51.595257,1209.606,['1162_2LT001'],48,1,['1VQO9B1' '1VQO9B2'],48,2
1163_0LT001,1216.6698,50.78574,2949.1592,['1163_0LT001'],120,1,['OQPGVB1' 'OQPGVB2' 'OQPGVB3' 'OQPGVB4' 'OQPGVB5'],120,5
1163_1LT001,1441.3949,54.34118,3898.1772,['1163_1LT001'],144,1,['13VGOA1' '13VGOB1' '13VGOA2' '13VGOB2' '13VGOA3' '13VGOB3'],144,6
1163_2LT001,2419.874,49.662197,4892.38,['1163_2LT001'],216,1,"['LOQ3PA1' 'LOQ3PB1' 'LOQ3PD1' 'LOQ3PA2' 'LOQ3PB2' 'LOQ3PD2' 'LOQ3PA3'
 'LOQ3PB3' 'LOQ3PD3']",216,9
1163_3LT001,2253.5046,49.73156,5359.6743,['1163_3LT001'],216,1,"['GPOQAA1' 'GPOQAB1' 'GPOQAC1' 'GPOQAA2' 'GPOQAB2' 'GPOQAC2' 'GPOQAA3'
 'GPOQAB3' 'GPOQAC3']",216,9
1164_0LT001,2025.9963,52.10803,5395.8296,['1164_0LT001'],216,1,"['39GP1A1' '39GP1B1' '39GP1D1' '39GP1A2' '39GP1B2' '39GP1D2' '39GP1A3'
 '39GP1B3' '39GP1D3']",216,9
1164_1LT001,981.5399,47.9445,2474.9705,['1164_1LT001'],96,1,['A3Q9PB1' 'A3Q9PD1' 'A3Q9PB2' 'A3Q9PD2'],96,4
1164_2LT001,2152.2888,47.927597,5443.9897,['1164_2LT001'],216,1,"['3QVPGA1' '3QVPGB1' '3QVPGD1' '3QVPGA2' '3QVPGB2' '3QVPGD2' '3QVPGA3'
 '3QVPGB3' '3QVPGD3']",216,9
1164_3LT001,1542.2384,50.979774,3519.9663,['1164_3LT001'],144,1,['Q9LA3A1' 'Q9LA3B1' 'Q9LA3A2' 'Q9LA3B2' 'Q9LA3A3' 'Q9LA3B3'],144,6
1165_0LT001,1016.4624,49.439533,2687.5603,['1165_0LT001'],96,1,['QGL9PB1' 'QGL9PD1' 'QGL9PB2' 'QGL9PD2'],96,4
1165_1LT001,892.08673,52.70071,2187.2837,['1165_1LT001'],96,1,['VPLA1B1' 'VPLA1D1' 'VPLA1B2' 'VPLA1D2'],96,4
1165_2LT001,1469.7606,49.382057,3498.8347,['1165_2LT001'],144,1,['P3OA1A1' 'P3OA1B1' 'P3OA1A2' 'P3OA1B2' 'P3OA1A3' 'P3OA1B3'],144,6
1166_0LT001,2150.1501,48.822845,5378.791,['1166_0LT001'],216,1,"['A1V9LA1' 'A1V9LB1' 'A1V9LD1' 'A1V9LA2' 'A1V9LB2' 'A1V9LD2' 'A1V9LA3'
 'A1V9LB3' 'A1V9LD3']",216,9
1166_1LT001,2100.652,50.560894,5394.9956,['1166_1LT001'],216,1,"['193POA1' '193POB1' '193POD1' '193POA2' '193POB2' '193POD2' '193POA3'
 '193POB3' '193POD3']",216,9
1166_2LT001,953.4983,51.826355,2462.8945,['1166_2LT001'],96,1,['P19OQB1' 'P19OQD1' 'P19OQB2' 'P19OQD2'],96,4
1167_0LT001,2259.3723,50.388645,5173.531,['1167_0LT001'],216,1,"['9VG3OA1' '9VG3OB1' '9VG3OD1' '9VG3OA2' '9VG3OB2' '9VG3OD2' '9VG3OA3'
 '9VG3OB3' '9VG3OD3']",216,9
1167_1LT001,2123.6013,48.98161,5736.4014,['1167_1LT001'],216,1,"['PA9LOA1' 'PA9LOB1' 'PA9LOD1' 'PA9LOA2' 'PA9LOB2' 'PA9LOD2' 'PA9LOA3'
 'PA9LOB3' 'PA9LOD3']",216,9
1167_2LT001,2242.675,50.09223,5452.692,['1167_2LT001'],216,1,"['OP9GAA1' 'OP9GAB1' 'OP9GAD1' 'OP9GAA2' 'OP9GAB2' 'OP9GAD2' 'OP9GAA3'
 'OP9GAB3' 'OP9GAD3']",216,9
1168_0LT001,2112.2869,48.633476,5535.2896,['1168_0LT001'],216,1,"['31LQ9A1' '31LQ9B1' '31LQ9C1' '31LQ9A2' '31LQ9B2' '31LQ9C2' '31LQ9A3'
 '31LQ9B3' '31LQ9C3']",216,9
1168_1LT001,2158.162,52.159073,5165.447,['1168_1LT001'],216,1,"['OGV31A1' 'OGV31B1' 'OGV31C1' 'OGV31A2' 'OGV31B2' 'OGV31C2' 'OGV31A3'
 'OGV31B3' 'OGV31C3']",216,9
1168_2LT001,2127.6687,49.349125,5141.5776,['1168_2LT001'],216,1,"['LG1AQA1' 'LG1AQB1' 'LG1AQD1' 'LG1AQA2' 'LG1AQB2' 'LG1AQD2' 'LG1AQA3'
 'LG1AQB3' 'LG1AQD3']",216,9
1168_3LT001,2049.7988,52.0311,5510.6333,['1168_3LT001'],216,1,"['Q3OL9A1' 'Q3OL9B1' 'Q3OL9C1' 'Q3OL9A2' 'Q3OL9B2' 'Q3OL9C2' 'Q3OL9A3'
 'Q3OL9B3' 'Q3OL9C3']",216,9
1169_0LT001,2181.472,50.19467,6142.537,['1169_0LT001'],216,1,"['G9QLOA1' 'G9QLOB1' 'G9QLOC1' 'G9QLOA2' 'G9QLOB2' 'G9QLOC2' 'G9QLOA3'
 'G9QLOB3' 'G9QLOC3']",216,9
1169_1LT001,2149.546,49.971714,5068.1304,['1169_1LT001'],216,1,"['PQV13A1' 'PQV13B1' 'PQV13C1' 'PQV13A2' 'PQV13B2' 'PQV13C2' 'PQV13A3'
 'PQV13B3' 'PQV13C3']",216,9
1169_2LT001,2126.3228,47.40054,5282.0103,['1169_2LT001'],216,1,"['VL1P3A1' 'VL1P3B1' 'VL1P3C1' 'VL1P3A2' 'VL1P3B2' 'VL1P3C2' 'VL1P3A3'
 'VL1P3B3' 'VL1P3C3']",216,9
1170_0LT001,2120.5918,47.060936,5420.015,['1170_0LT001'],216,1,"['LQOGVA1' 'LQOGVB1' 'LQOGVD1' 'LQOGVA2' 'LQOGVB2' 'LQOGVD2' 'LQOGVA3'
 'LQOGVB3' 'LQOGVD3']",216,9
1170_1LT001,2221.8967,46.792522,4936.5713,['1170_1LT001'],216,1,"['V1LQAA1' 'V1LQAB1' 'V1LQAD1' 'V1LQAA2' 'V1LQAB2' 'V1LQAD2' 'V1LQAA3'
 'V1LQAB3' 'V1LQAD3']",216,9
1170_2LT001,911.70795,49.545246,2437.9524,['1170_2LT001'],96,1,['PQ3GOB1' 'PQ3GOD1' 'PQ3GOB2' 'PQ3GOD2'],96,4
1170_3LT001,986.40173,42.486153,2334.051,['1170_3LT001'],96,1,['GV9POB1' 'GV9POD1' 'GV9POB2' 'GV9POD2'],96,4
1171_0LT001,2163.0918,52.355705,4965.009,['1171_0LT001'],216,1,"['OG93QA1' 'OG93QB1' 'OG93QD1' 'OG93QA2' 'OG93QB2' 'OG93QD2' 'OG93QA3'
 'OG93QB3' 'OG93QD3']",216,9
1171_1LT001,2218.9106,47.55108,5414.913,['1171_1LT001'],216,1,"['GL9AVA1' 'GL9AVB1' 'GL9AVD1' 'GL9AVA2' 'GL9AVB2' 'GL9AVD2' 'GL9AVA3'
 'GL9AVB3' 'GL9AVD3']",216,9
1171_2LT001,2535.5654,50.803432,5925.6284,['1171_2LT001'],240,1,"['ALP9QB1' 'ALP9QD1' 'ALP9QB2' 'ALP9QD2' 'ALP9QB3' 'ALP9QD3' 'ALP9QB4'
 'ALP9QD4' 'ALP9QB5' 'ALP9QD5']",240,10
1171_3LT001,520.99225,52.585632,1194.7201,['1171_3LT001'],48,1,['A9PV1B1' 'A9PV1B2'],48,2
1172_0LT001,2174.9587,51.286873,5492.902,['1172_0LT001'],216,1,"['LOAG1A1' 'LOAG1B1' 'LOAG1D1' 'LOAG1A2' 'LOAG1B2' 'LOAG1D2' 'LOAG1A3'
 'LOAG1B3' 'LOAG1D3']",216,9
1172_1LT001,451.4471,51.892807,1361.0071,['1172_1LT001'],48,1,['QGA9LB1' 'QGA9LB2'],48,2
1173_0LT001,928.5682,54.239918,2469.7336,['1173_0LT001'],96,1,['1QGOLB1' '1QGOLD1' '1QGOLB2' '1QGOLD2'],96,4
1173_1LT001,2257.1494,50.157185,5288.9277,['1173_1LT001'],216,1,"['9A3VOA1' '9A3VOB1' '9A3VOD1' '9A3VOA2' '9A3VOB2' '9A3VOD2' '9A3VOA3'
 '9A3VOB3' '9A3VOD3']",216,9
1173_2LT001,2350.0645,48.65127,5475.9053,['1173_2LT001'],216,1,"['3Q9APA1' '3Q9APB1' '3Q9APD1' '3Q9APA2' '3Q9APB2' '3Q9APD2' '3Q9APA3'
 '3Q9APB3' '3Q9APD3']",216,9
1173_3LT001,2183.4731,50.461517,5564.529,['1173_3LT001'],216,1,"['LOAQVA1' 'LOAQVB1' 'LOAQVD1' 'LOAQVA2' 'LOAQVB2' 'LOAQVD2' 'LOAQVA3'
 'LOAQVB3' 'LOAQVD3']",216,9
1174_0LT001,2232.5415,49.85957,5800.2256,['1174_0LT001'],216,1,"['VG9Q1A1' 'VG9Q1B1' 'VG9Q1C1' 'VG9Q1A2' 'VG9Q1B2' 'VG9Q1C2' 'VG9Q1A3'
 'VG9Q1B3' 'VG9Q1C3']",216,9
1174_1LT001,979.8601,45.093002,2337.58,['1174_1LT001'],96,1,['9A1VPB1' '9A1VPD1' '9A1VPB2' '9A1VPD2'],96,4
1174_2LT001,2055.4512,48.78943,5326.8335,['1174_2LT001'],216,1,"['VQGO9A1' 'VQGO9B1' 'VQGO9C1' 'VQGO9A2' 'VQGO9B2' 'VQGO9C2' 'VQGO9A3'
 'VQGO9B3' 'VQGO9C3']",216,9
1174_3LT001,2149.4604,52.596714,5855.4155,['1174_3LT001'],216,1,"['O1GAVA1' 'O1GAVB1' 'O1GAVD1' 'O1GAVA2' 'O1GAVB2' 'O1GAVD2' 'O1GAVA3'
 'O1GAVB3' 'O1GAVD3']",216,9
1174_4LT001,2221.7468,51.07871,5377.7686,['1174_4LT001'],216,1,"['1AQ3PA1' '1AQ3PB1' '1AQ3PD1' '1AQ3PA2' '1AQ3PB2' '1AQ3PD2' '1AQ3PA3'
 '1AQ3PB3' '1AQ3PD3']",216,9
1174_5LT001,1416.9918,50.925884,3747.8882,['1174_5LT001'],144,1,['LAQOVA1' 'LAQOVB1' 'LAQOVA2' 'LAQOVB2' 'LAQOVA3' 'LAQOVB3'],144,6
1175_0LT001,2048.6023,53.471565,5923.703,['1175_0LT001'],216,1,"['L9Q1OA1' 'L9Q1OB1' 'L9Q1OC1' 'L9Q1OA2' 'L9Q1OB2' 'L9Q1OC2' 'L9Q1OA3'
 'L9Q1OB3' 'L9Q1OC3']",216,9
1175_1LT001,958.5051,45.358204,2323.9312,['1175_1LT001'],96,1,['19OAVB1' '19OAVD1' '19OAVB2' '19OAVD2'],96,4
1175_2LT001,2122.819,46.567936,5251.5815,['1175_2LT001'],216,1,"['L1QGVA1' 'L1QGVB1' 'L1QGVC1' 'L1QGVA2' 'L1QGVB2' 'L1QGVC2' 'L1QGVA3'
 'L1QGVB3' 'L1QGVC3']",216,9
1175_3LT001,1993.3595,51.541508,5637.525,['1175_3LT001'],216,1,"['L3Q1VA1' 'L3Q1VB1' 'L3Q1VD1' 'L3Q1VA2' 'L3Q1VB2' 'L3Q1VD2' 'L3Q1VA3'
 'L3Q1VB3' 'L3Q1VD3']",216,9
1176_0LT001,444.44403,46.752884,1167.5304,['1176_0LT001'],48,1,['POAGVB1' 'POAGVB2'],48,2
1176_1LT001,487.36148,49.722706,1182.6781,['1176_1LT001'],48,1,['LG3A9B1' 'LG3A9B2'],48,2
1176_2LT001,863.34674,49.198467,2438.8264,['1176_2LT001'],96,1,['V93GAB1' 'V93GAD1' 'V93GAB2' 'V93GAD2'],96,4
1176_3LT001,473.27646,47.50818,1235.3481,['1176_3LT001'],48,1,['13LO9B1' '13LO9B2'],48,2
1177_0LT001,992.6527,46.1259,2649.0576,['1177_0LT001'],96,1,['931OGB1' '931OGD1' '931OGB2' '931OGD2'],96,4
1177_1LT001,1473.4027,50.136284,3612.3125,['1177_1LT001'],144,1,['LAP19A1' 'LAP19B1' 'LAP19A2' 'LAP19B2' 'LAP19A3' 'LAP19B3'],144,6
1177_2LT001,2246.8125,52.805843,5494.9175,['1177_2LT001'],216,1,"['A1GQLA1' 'A1GQLB1' 'A1GQLD1' 'A1GQLA2' 'A1GQLB2' 'A1GQLD2' 'A1GQLA3'
 'A1GQLB3' 'A1GQLD3']",216,9
1177_3LT001,1330.5337,51.80446,3839.5984,['1177_3LT001'],144,1,['ALQP9A1' 'ALQP9B1' 'ALQP9A2' 'ALQP9B2' 'ALQP9A3' 'ALQP9B3'],144,6
1178_0LT001,1350.4253,47.77864,3551.8618,['1178_0LT001'],144,1,['QALO1A1' 'QALO1B1' 'QALO1A2' 'QALO1B2' 'QALO1A3' 'QALO1B3'],144,6
1178_1LT001,2337.2942,46.844215,5435.271,['1178_1LT001'],216,1,"['P39GAA1' 'P39GAB1' 'P39GAC1' 'P39GAA2' 'P39GAB2' 'P39GAC2' 'P39GAA3'
 'P39GAB3' 'P39GAC3']",216,9
1178_2LT001,932.83453,45.94901,2423.6309,['1178_2LT001'],96,1,['LAG19B1' 'LAG19D1' 'LAG19B2' 'LAG19D2'],96,4
1178_3LT001,1478.3234,45.70598,3654.7622,['1178_3LT001'],144,1,['L1V9OA1' 'L1V9OB1' 'L1V9OA2' 'L1V9OB2' 'L1V9OA3' 'L1V9OB3'],144,6
1179_0LT001,1265.2933,46.750603,2987.9424,['1179_0LT001'],120,1,['1V9GPB1' '1V9GPB2' '1V9GPB3' '1V9GPB4' '1V9GPB5'],120,5
1179_1LT001,525.6761,42.52048,1210.4813,['1179_1LT001'],48,1,['9P1LAB1' '9P1LAB2'],48,2
1179_2LT001,1438.0746,47.18114,3612.0798,['1179_2LT001'],144,1,['VOA13A1' 'VOA13B1' 'VOA13A2' 'VOA13B2' 'VOA13A3' 'VOA13B3'],144,6
1180_0LT001,2230.934,46.44418,5719.644,['1180_0LT001'],216,1,"['39QGPA1' '39QGPB1' '39QGPD1' '39QGPA2' '39QGPB2' '39QGPD2' '39QGPA3'
 '39QGPB3' '39QGPD3']",216,9
1180_1LT001,1534.2345,56.61412,3633.483,['1180_1LT001'],144,1,['1L3OQA1' '1L3OQB1' '1L3OQA2' '1L3OQB2' '1L3OQA3' '1L3OQB3'],144,6
1180_2LT001,2070.9922,51.41423,5361.358,['1180_2LT001'],216,1,"['31PQ9A1' '31PQ9B1' '31PQ9D1' '31PQ9A2' '31PQ9B2' '31PQ9D2' '31PQ9A3'
 '31PQ9B3' '31PQ9D3']",216,9
1180_3LT001,1475.6937,50.481297,3167.474,['1180_3LT001'],144,1,['VPQG9A1' 'VPQG9B1' 'VPQG9A2' 'VPQG9B2' 'VPQG9A3' 'VPQG9B3'],144,6
1181_0LT001,2147.8782,50.909294,5250.866,['1181_0LT001'],216,1,"['9OQGVA1' '9OQGVB1' '9OQGVC1' '9OQGVA2' '9OQGVB2' '9OQGVC2' '9OQGVA3'
 '9OQGVB3' '9OQGVC3']",216,9
1181_1LT001,1010.6083,50.558132,2566.7708,['1181_1LT001'],96,1,['PO9QLB1' 'PO9QLD1' 'PO9QLB2' 'PO9QLD2'],96,4
1182_0LT001,522.0052,48.86382,1192.4576,['1182_0LT001'],48,1,['OP1QVB1' 'OP1QVB2'],48,2
1182_1LT001,2272.545,49.54167,5065.8833,['1182_1LT001'],216,1,"['V9GQ3A1' 'V9GQ3B1' 'V9GQ3C1' 'V9GQ3A2' 'V9GQ3B2' 'V9GQ3C2' 'V9GQ3A3'
 'V9GQ3B3' 'V9GQ3C3']",216,9
1182_2LT001,469.4876,52.101776,1111.1742,['1182_2LT001'],48,1,['93GQOB1' '93GQOB2'],48,2
1183_0LT001,1998.4832,49.92058,5297.299,['1183_0LT001'],216,1,"['VAGO3A1' 'VAGO3B1' 'VAGO3C1' 'VAGO3A2' 'VAGO3B2' 'VAGO3C2' 'VAGO3A3'
 'VAGO3B3' 'VAGO3C3']",216,9
1183_1LT001,1183.796,51.662483,3240.709,['1183_1LT001'],120,1,['1QO3LB1' '1QO3LB2' '1QO3LB3' '1QO3LB4' '1QO3LB5'],120,5
1184_0LT001,2226.2039,47.613056,5635.9854,['1184_0LT001'],216,1,"['OLA9PA1' 'OLA9PB1' 'OLA9PD1' 'OLA9PA2' 'OLA9PB2' 'OLA9PD2' 'OLA9PA3'
 'OLA9PB3' 'OLA9PD3']",216,9
1184_1LT001,2162.1904,53.929913,5172.017,['1184_1LT001'],216,1,"['G3QA9A1' 'G3QA9B1' 'G3QA9D1' 'G3QA9A2' 'G3QA9B2' 'G3QA9D2' 'G3QA9A3'
 'G3QA9B3' 'G3QA9D3']",216,9
1184_2LT001,2004.5757,50.33982,5422.337,['1184_2LT001'],216,1,"['A1L39A1' 'A1L39B1' 'A1L39D1' 'A1L39A2' 'A1L39B2' 'A1L39D2' 'A1L39A3'
 'A1L39B3' 'A1L39D3']",216,9
1184_3LT001,2192.102,49.05226,5243.545,['1184_3LT001'],216,1,"['G9L1PA1' 'G9L1PB1' 'G9L1PD1' 'G9L1PA2' 'G9L1PB2' 'G9L1PD2' 'G9L1PA3'
 'G9L1PB3' 'G9L1PD3']",216,9
1184_4LT001,1549.3251,47.32157,3612.2795,['1184_4LT001'],144,1,['AOV91A1' 'AOV91B1' 'AOV91A2' 'AOV91B2' 'AOV91A3' 'AOV91B3'],144,6
1185_0LT001,2312.835,48.455177,5934.6865,['1185_0LT001'],240,1,"['A9QO3B1' 'A9QO3C1' 'A9QO3B2' 'A9QO3C2' 'A9QO3B3' 'A9QO3C3' 'A9QO3B4'
 'A9QO3C4' 'A9QO3B5' 'A9QO3C5']",240,10
1185_1LT001,1084.9863,47.735477,2924.2983,['1185_1LT001'],120,1,['VP1AQB1' 'VP1AQB2' 'VP1AQB3' 'VP1AQB4' 'VP1AQB5'],120,5
1185_2LT001,2365.8416,47.25973,5998.91,['1185_2LT001'],240,1,"['PQGVLB1' 'PQGVLD1' 'PQGVLB2' 'PQGVLD2' 'PQGVLB3' 'PQGVLD3' 'PQGVLB4'
 'PQGVLD4' 'PQGVLB5' 'PQGVLD5']",240,10
1185_3LT001,1485.5577,52.15391,3730.1965,['1185_3LT001'],144,1,['OLA13A1' 'OLA13B1' 'OLA13A2' 'OLA13B2' 'OLA13A3' 'OLA13B3'],144,6
1185_4LT001,2207.3743,47.98875,5409.232,['1185_4LT001'],216,1,"['PQV39A1' 'PQV39B1' 'PQV39D1' 'PQV39A2' 'PQV39B2' 'PQV39D2' 'PQV39A3'
 'PQV39B3' 'PQV39D3']",216,9
1185_5LT001,1024.9424,50.19174,2482.2212,['1185_5LT001'],96,1,['AGO3PB1' 'AGO3PD1' 'AGO3PB2' 'AGO3PD2'],96,4
1186_0LT001,2114.1526,48.94489,5260.09,['1186_0LT001'],216,1,"['G1A9QA1' 'G1A9QB1' 'G1A9QD1' 'G1A9QA2' 'G1A9QB2' 'G1A9QD2' 'G1A9QA3'
 'G1A9QB3' 'G1A9QD3']",216,9
1186_1LT001,2060.8418,48.734768,5284.764,['1186_1LT001'],216,1,"['VPOAQA1' 'VPOAQB1' 'VPOAQD1' 'VPOAQA2' 'VPOAQB2' 'VPOAQD2' 'VPOAQA3'
 'VPOAQB3' 'VPOAQD3']",216,9
1186_2LT001,2186.9736,49.934135,5695.8574,['1186_2LT001'],216,1,"['G3VOLA1' 'G3VOLB1' 'G3VOLC1' 'G3VOLA2' 'G3VOLB2' 'G3VOLC2' 'G3VOLA3'
 'G3VOLB3' 'G3VOLC3']",216,9
1186_3LT001,859.4514,54.31932,2284.733,['1186_3LT001'],96,1,['O3AP9B1' 'O3AP9D1' 'O3AP9B2' 'O3AP9D2'],96,4
1186_4LT001,1380.6045,52.055225,3614.4866,['1186_4LT001'],144,1,['1APG3A1' '1APG3B1' '1APG3A2' '1APG3B2' '1APG3A3' '1APG3B3'],144,6
1187_0LT001,2229.8965,50.655903,4817.959,['1187_0LT001'],216,1,"['AQ19OA1' 'AQ19OB1' 'AQ19OC1' 'AQ19OA2' 'AQ19OB2' 'AQ19OC2' 'AQ19OA3'
 'AQ19OB3' 'AQ19OC3']",216,9
1187_1LT001,2142.3206,48.30591,5412.3223,['1187_1LT001'],216,1,"['PGQVLA1' 'PGQVLB1' 'PGQVLC1' 'PGQVLA2' 'PGQVLB2' 'PGQVLC2' 'PGQVLA3'
 'PGQVLB3' 'PGQVLC3']",216,9
1188_0LT001,476.17535,47.343853,1339.6647,['1188_0LT001'],48,1,['OL1P9B1' 'OL1P9B2'],48,2
1188_1LT001,2123.5298,51.062843,5287.226,['1188_1LT001'],216,1,"['1QPV9A1' '1QPV9B1' '1QPV9D1' '1QPV9A2' '1QPV9B2' '1QPV9D2' '1QPV9A3'
 '1QPV9B3' '1QPV9D3']",216,9
1189_0LT001,1013.0177,48.435852,2516.9597,['1189_0LT001'],96,1,['P3L1OB1' 'P3L1OD1' 'P3L1OB2' 'P3L1OD2'],96,4
1189_1LT001,2118.4265,51.24869,5433.7305,['1189_1LT001'],216,1,"['VGL91A1' 'VGL91B1' 'VGL91D1' 'VGL91A2' 'VGL91B2' 'VGL91D2' 'VGL91A3'
 'VGL91B3' 'VGL91D3']",216,9
1189_2LT001,2157.853,52.104443,5628.6426,['1189_2LT001'],216,1,"['AVP93A1' 'AVP93B1' 'AVP93D1' 'AVP93A2' 'AVP93B2' 'AVP93D2' 'AVP93A3'
 'AVP93B3' 'AVP93D3']",216,9
1189_3LT001,1553.4583,51.97519,3455.5657,['1189_3LT001'],144,1,['AV19PA1' 'AV19PB1' 'AV19PA2' 'AV19PB2' 'AV19PA3' 'AV19PB3'],144,6
1189_4LT001,1002.0602,51.909973,2742.7573,['1189_4LT001'],96,1,['93GPOB1' '93GPOD1' '93GPOB2' '93GPOD2'],96,4
1189_5LT001,2233.8225,47.85114,5351.933,['1189_5LT001'],216,1,"['VQA19A1' 'VQA19B1' 'VQA19D1' 'VQA19A2' 'VQA19B2' 'VQA19D2' 'VQA19A3'
 'VQA19B3' 'VQA19D3']",216,9
1189_6LT001,1553.5726,51.613716,3752.4336,['1189_6LT001'],144,1,['PV3O9A1' 'PV3O9B1' 'PV3O9A2' 'PV3O9B2' 'PV3O9A3' 'PV3O9B3'],144,6
1189_7LT001,2207.32,51.17933,5287.807,['1189_7LT001'],216,1,"['O1L39A1' 'O1L39B1' 'O1L39D1' 'O1L39A2' 'O1L39B2' 'O1L39D2' 'O1L39A3'
 'O1L39B3' 'O1L39D3']",216,9
1189_8LT001,2052.4763,50.39257,5136.28,['1189_8LT001'],216,1,"['QPAL1A1' 'QPAL1B1' 'QPAL1D1' 'QPAL1A2' 'QPAL1B2' 'QPAL1D2' 'QPAL1A3'
 'QPAL1B3' 'QPAL1D3']",216,9
1189_9LT001,477.69138,51.43516,1021.11383,['1189_9LT001'],48,1,['A1OLPB1' 'A1OLPB2'],48,2
1190_0LT001,2155.0525,52.051872,5245.6675,['1190_0LT001'],216,1,"['39V1GA1' '39V1GB1' '39V1GD1' '39V1GA2' '39V1GB2' '39V1GD2' '39V1GA3'
 '39V1GB3' '39V1GD3']",216,9
1190_1LT001,2220.2537,50.652664,5164.8174,['1190_1LT001'],216,1,"['AGP93A1' 'AGP93B1' 'AGP93C1' 'AGP93A2' 'AGP93B2' 'AGP93C2' 'AGP93A3'
 'AGP93B3' 'AGP93C3']",216,9
1190_2LT001,572.86237,50.444366,1225.5251,['1190_2LT001'],48,1,['APVOQB1' 'APVOQB2'],48,2
1190_3LT001,2270.7034,49.395508,5501.4185,['1190_3LT001'],216,1,"['P1OAGA1' 'P1OAGB1' 'P1OAGD1' 'P1OAGA2' 'P1OAGB2' 'P1OAGD2' 'P1OAGA3'
 'P1OAGB3' 'P1OAGD3']",216,9
1190_4LT001,2121.084,47.688545,5440.086,['1190_4LT001'],216,1,"['1AVPLA1' '1AVPLB1' '1AVPLD1' '1AVPLA2' '1AVPLB2' '1AVPLD2' '1AVPLA3'
 '1AVPLB3' '1AVPLD3']",216,9
1190_5LT001,474.16153,46.984573,1230.6958,['1190_5LT001'],48,1,['OP39LB1' 'OP39LB2'],48,2
1190_6LT001,2184.5046,50.02918,5649.9663,['1190_6LT001'],216,1,"['APV1LA1' 'APV1LB1' 'APV1LD1' 'APV1LA2' 'APV1LB2' 'APV1LD2' 'APV1LA3'
 'APV1LB3' 'APV1LD3']",216,9
1191_0LT001,2100.751,50.283867,5683.253,['1191_0LT001'],216,1,"['PAG9OA1' 'PAG9OB1' 'PAG9OC1' 'PAG9OA2' 'PAG9OB2' 'PAG9OC2' 'PAG9OA3'
 'PAG9OB3' 'PAG9OC3']",216,9
1191_1LT001,2096.4187,49.095432,5095.163,['1191_1LT001'],216,1,"['V9L1GA1' 'V9L1GB1' 'V9L1GD1' 'V9L1GA2' 'V9L1GB2' 'V9L1GD2' 'V9L1GA3'
 'V9L1GB3' 'V9L1GD3']",216,9
1192_0LT001,2222.095,51.129818,5521.378,['1192_0LT001'],216,1,"['93VOQA1' '93VOQB1' '93VOQD1' '93VOQA2' '93VOQB2' '93VOQD2' '93VOQA3'
 '93VOQB3' '93VOQD3']",216,9
1192_1LT001,1490.5275,53.59686,3768.4937,['1192_1LT001'],144,1,['QLVGOA1' 'QLVGOB1' 'QLVGOA2' 'QLVGOB2' 'QLVGOA3' 'QLVGOB3'],144,6
1193_0LT001,2187.4736,54.37411,5856.03,['1193_0LT001'],216,1,"['AQP13A1' 'AQP13B1' 'AQP13D1' 'AQP13A2' 'AQP13B2' 'AQP13D2' 'AQP13A3'
 'AQP13B3' 'AQP13D3']",216,9
1193_1LT001,446.45474,54.10187,1138.9828,['1193_1LT001'],48,1,['OQPAGB1' 'OQPAGB2'],48,2
1194_0LT001,865.45984,57.242786,2721.4036,['1194_0LT001'],96,1,['LQ19AB1' 'LQ19AD1' 'LQ19AB2' 'LQ19AD2'],96,4
1194_1LT001,2026.6412,51.06008,5606.778,['1194_1LT001'],216,1,"['PLVGOA1' 'PLVGOB1' 'PLVGOC1' 'PLVGOA2' 'PLVGOB2' 'PLVGOC2' 'PLVGOA3'
 'PLVGOB3' 'PLVGOC3']",216,9
1194_2LT001,1417.6934,49.652252,3851.4182,['1194_2LT001'],144,1,['3OPG9A1' '3OPG9B1' '3OPG9A2' '3OPG9B2' '3OPG9A3' '3OPG9B3'],144,6
1195_0LT001,1018.8641,53.075558,2296.0085,['1195_0LT001'],96,1,['GQL3PB1' 'GQL3PD1' 'GQL3PB2' 'GQL3PD2'],96,4
1195_1LT001,493.1773,57.290173,1107.0996,['1195_1LT001'],48,1,['LGPQAB1' 'LGPQAB2'],48,2
1195_2LT001,2222.8503,51.54387,5580.6387,['1195_2LT001'],216,1,"['9V1OLA1' '9V1OLB1' '9V1OLD1' '9V1OLA2' '9V1OLB2' '9V1OLD2' '9V1OLA3'
 '9V1OLB3' '9V1OLD3']",216,9
1195_3LT001,2135.9697,50.175884,5546.7314,['1195_3LT001'],216,1,"['L1G3AA1' 'L1G3AB1' 'L1G3AC1' 'L1G3AA2' 'L1G3AB2' 'L1G3AC2' 'L1G3AA3'
 'L1G3AB3' 'L1G3AC3']",216,9
1196_0LT001,2007.0164,49.81703,5499.8325,['1196_0LT001'],216,1,"['OG3V1A1' 'OG3V1B1' 'OG3V1C1' 'OG3V1A2' 'OG3V1B2' 'OG3V1C2' 'OG3V1A3'
 'OG3V1B3' 'OG3V1C3']",216,9
1196_1LT001,2139.695,48.82432,5155.17,['1196_1LT001'],216,1,"['OPQ1VA1' 'OPQ1VB1' 'OPQ1VD1' 'OPQ1VA2' 'OPQ1VB2' 'OPQ1VD2' 'OPQ1VA3'
 'OPQ1VB3' 'OPQ1VD3']",216,9
1196_2LT001,1396.2404,49.89671,3937.4639,['1196_2LT001'],144,1,['OAVLQA1' 'OAVLQB1' 'OAVLQA2' 'OAVLQB2' 'OAVLQA3' 'OAVLQB3'],144,6
1197_0LT001,1413.358,55.030216,3223.8567,['1197_0LT001'],144,1,['1AG3LA1' '1AG3LB1' '1AG3LA2' '1AG3LB2' '1AG3LA3' '1AG3LB3'],144,6
1197_1LT001,1012.64264,47.976074,2296.8376,['1197_1LT001'],96,1,['3POQAB1' '3POQAD1' '3POQAB2' '3POQAD2'],96,4
1197_2LT001,2240.4587,48.424423,5390.704,['1197_2LT001'],216,1,"['ALV19A1' 'ALV19B1' 'ALV19D1' 'ALV19A2' 'ALV19B2' 'ALV19D2' 'ALV19A3'
 'ALV19B3' 'ALV19D3']",216,9
1197_3LT001,1540.1958,53.07873,3487.691,['1197_3LT001'],144,1,['19OL3A1' '19OL3B1' '19OL3A2' '19OL3B2' '19OL3A3' '19OL3B3'],144,6
1197_4LT001,1452.657,47.76473,3384.2512,['1197_4LT001'],144,1,['GA13OA1' 'GA13OB1' 'GA13OA2' 'GA13OB2' 'GA13OA3' 'GA13OB3'],144,6
1198_0LT001,2202.0994,49.21951,5244.8354,['1198_0LT001'],216,1,"['AQP91A1' 'AQP91B1' 'AQP91D1' 'AQP91A2' 'AQP91B2' 'AQP91D2' 'AQP91A3'
 'AQP91B3' 'AQP91D3']",216,9
1198_1LT001,555.6102,52.492847,1232.0242,['1198_1LT001'],48,1,['19PVQB1' '19PVQB2'],48,2
1198_2LT001,924.42456,51.440838,2264.7847,['1198_2LT001'],96,1,['LA1VQB1' 'LA1VQD1' 'LA1VQB2' 'LA1VQD2'],96,4
1198_3LT001,2138.1826,51.23503,5427.0576,['1198_3LT001'],216,1,"['VOLQGA1' 'VOLQGB1' 'VOLQGC1' 'VOLQGA2' 'VOLQGB2' 'VOLQGC2' 'VOLQGA3'
 'VOLQGB3' 'VOLQGC3']",216,9
1199_0LT001,934.5776,49.32178,2340.9207,['1199_0LT001'],96,1,['1GALQB1' '1GALQD1' '1GALQB2' '1GALQD2'],96,4
1199_1LT001,2246.363,50.02815,5346.0933,['1199_1LT001'],216,1,"['V9OQAA1' 'V9OQAB1' 'V9OQAC1' 'V9OQAA2' 'V9OQAB2' 'V9OQAC2' 'V9OQAA3'
 'V9OQAB3' 'V9OQAC3']",216,9
1199_2LT001,927.2916,53.700558,2421.2424,['1199_2LT001'],96,1,['VLAG9B1' 'VLAG9D1' 'VLAG9B2' 'VLAG9D2'],96,4
1199_3LT001,2184.2024,48.803535,5410.3916,['1199_3LT001'],216,1,"['AV93GA1' 'AV93GB1' 'AV93GD1' 'AV93GA2' 'AV93GB2' 'AV93GD2' 'AV93GA3'
 'AV93GB3' 'AV93GD3']",216,9
1200_0LT001,2186.6462,54.179844,5410.126,['1200_0LT001'],216,1,"['VL39AA1' 'VL39AB1' 'VL39AC1' 'VL39AA2' 'VL39AB2' 'VL39AC2' 'VL39AA3'
 'VL39AB3' 'VL39AC3']",216,9
1200_1LT001,452.76996,50.289387,1085.3435,['1200_1LT001'],48,1,['O9LP3B1' 'O9LP3B2'],48,2
1201_0LT001,1441.4893,48.474865,3696.769,['1201_0LT001'],144,1,['1POGLA1' '1POGLB1' '1POGLA2' '1POGLB2' '1POGLA3' '1POGLB3'],144,6
1201_1LT001,2012.9965,48.247795,5308.843,['1201_1LT001'],216,1,"['3GQ9AA1' '3GQ9AB1' '3GQ9AD1' '3GQ9AA2' '3GQ9AB2' '3GQ9AD2' '3GQ9AA3'
 '3GQ9AB3' '3GQ9AD3']",216,9
1201_2LT001,1059.4547,55.090225,2535.6846,['1201_2LT001'],96,1,['QGL9VB1' 'QGL9VD1' 'QGL9VB2' 'QGL9VD2'],96,4
1201_3LT001,2198.3167,50.771103,5739.773,['1201_3LT001'],216,1,"['9POAGA1' '9POAGB1' '9POAGD1' '9POAGA2' '9POAGB2' '9POAGD2' '9POAGA3'
 '9POAGB3' '9POAGD3']",216,9
1202_0LT001,2226.7224,47.61908,6097.45,['1202_0LT001'],240,1,"['1QP9OB1' '1QP9OD1' '1QP9OB2' '1QP9OD2' '1QP9OB3' '1QP9OD3' '1QP9OB4'
 '1QP9OD4' '1QP9OB5' '1QP9OD5']",240,10
1202_1LT001,2281.6448,51.142036,5237.911,['1202_1LT001'],216,1,"['OLV1QA1' 'OLV1QB1' 'OLV1QD1' 'OLV1QA2' 'OLV1QB2' 'OLV1QD2' 'OLV1QA3'
 'OLV1QB3' 'OLV1QD3']",216,9
1203_0LT001,2171.4404,49.23708,5166.9043,['1203_0LT001'],216,1,"['L931QA1' 'L931QB1' 'L931QC1' 'L931QA2' 'L931QB2' 'L931QC2' 'L931QA3'
 'L931QB3' 'L931QC3']",216,9
1203_1LT001,2277.426,48.410294,5643.4106,['1203_1LT001'],216,1,"['9GOVAA1' '9GOVAB1' '9GOVAD1' '9GOVAA2' '9GOVAB2' '9GOVAD2' '9GOVAA3'
 '9GOVAB3' '9GOVAD3']",216,9
1203_2LT001,2141.0308,49.1167,5766.356,['1203_2LT001'],216,1,"['91AGQA1' '91AGQB1' '91AGQD1' '91AGQA2' '91AGQB2' '91AGQD2' '91AGQA3'
 '91AGQB3' '91AGQD3']",216,9
1204_0LT001,2093.485,48.158005,5426.374,['1204_0LT001'],216,1,"['G39VAA1' 'G39VAB1' 'G39VAC1' 'G39VAA2' 'G39VAB2' 'G39VAC2' 'G39VAA3'
 'G39VAB3' 'G39VAC3']",216,9
1204_1LT001,2305.6985,48.19379,5559.245,['1204_1LT001'],216,1,"['PA19VA1' 'PA19VB1' 'PA19VD1' 'PA19VA2' 'PA19VB2' 'PA19VD2' 'PA19VA3'
 'PA19VB3' 'PA19VD3']",216,9
1204_2LT001,2089.5625,50.493954,5475.7837,['1204_2LT001'],216,1,"['O39QLA1' 'O39QLB1' 'O39QLC1' 'O39QLA2' 'O39QLB2' 'O39QLC2' 'O39QLA3'
 'O39QLB3' 'O39QLC3']",216,9
1204_3LT001,949.7432,54.28,2391.645,['1204_3LT001'],96,1,['1GQ3OB1' '1GQ3OD1' '1GQ3OB2' '1GQ3OD2'],96,4
1205_0LT001,2112.9236,52.717533,5016.714,['1205_0LT001'],216,1,"['Q1OPVA1' 'Q1OPVB1' 'Q1OPVC1' 'Q1OPVA2' 'Q1OPVB2' 'Q1OPVC2' 'Q1OPVA3'
 'Q1OPVB3' 'Q1OPVC3']",216,9
1205_1LT001,2334.0715,52.267487,5152.527,['1205_1LT001'],216,1,"['AP9OVA1' 'AP9OVB1' 'AP9OVD1' 'AP9OVA2' 'AP9OVB2' 'AP9OVD2' 'AP9OVA3'
 'AP9OVB3' 'AP9OVD3']",216,9
1205_2LT001,456.32394,52.937073,1112.7555,['1205_2LT001'],48,1,['VQ1PGB1' 'VQ1PGB2'],48,2
1206_0LT001,1537.6393,50.6353,3694.7566,['1206_0LT001'],144,1,['3VAO1A1' '3VAO1B1' '3VAO1A2' '3VAO1B2' '3VAO1A3' '3VAO1B3'],144,6
1206_1LT001,2015.012,50.435177,5322.811,['1206_1LT001'],216,1,"['OL19AA1' 'OL19AB1' 'OL19AD1' 'OL19AA2' 'OL19AB2' 'OL19AD2' 'OL19AA3'
 'OL19AB3' 'OL19AD3']",216,9
1206_2LT001,495.611,55.694942,1156.1227,['1206_2LT001'],48,1,['9OVQLB1' '9OVQLB2'],48,2
1207_0LT001,1354.0143,50.4534,3375.0244,['1207_0LT001'],144,1,['GP319A1' 'GP319B1' 'GP319A2' 'GP319B2' 'GP319A3' 'GP319B3'],144,6
1207_1LT001,553.5647,52.292282,1182.039,['1207_1LT001'],48,1,['QAG3VB1' 'QAG3VB2'],48,2
1207_2LT001,1989.5214,47.654278,5295.2104,['1207_2LT001'],216,1,"['LP9QVA1' 'LP9QVB1' 'LP9QVC1' 'LP9QVA2' 'LP9QVB2' 'LP9QVC2' 'LP9QVA3'
 'LP9QVB3' 'LP9QVC3']",216,9
1207_3LT001,2232.4873,48.848885,5495.1763,['1207_3LT001'],216,1,"['9V3QPA1' '9V3QPB1' '9V3QPD1' '9V3QPA2' '9V3QPB2' '9V3QPD2' '9V3QPA3'
 '9V3QPB3' '9V3QPD3']",216,9
1208_0LT001,2381.969,49.691265,6631.4775,['1208_0LT001'],240,1,"['1ALGOB1' '1ALGOD1' '1ALGOB2' '1ALGOD2' '1ALGOB3' '1ALGOD3' '1ALGOB4'
 '1ALGOD4' '1ALGOB5' '1ALGOD5']",240,10
1208_1LT001,2084.787,49.474705,5468.405,['1208_1LT001'],216,1,"['QPLGAA1' 'QPLGAB1' 'QPLGAD1' 'QPLGAA2' 'QPLGAB2' 'QPLGAD2' 'QPLGAA3'
 'QPLGAB3' 'QPLGAD3']",216,9
1208_2LT001,2159.6353,49.19831,5447.3057,['1208_2LT001'],216,1,"['QVGO1A1' 'QVGO1B1' 'QVGO1D1' 'QVGO1A2' 'QVGO1B2' 'QVGO1D2' 'QVGO1A3'
 'QVGO1B3' 'QVGO1D3']",216,9
1208_3LT001,2277.7556,50.13444,5398.536,['1208_3LT001'],216,1,"['V9G1PA1' 'V9G1PB1' 'V9G1PD1' 'V9G1PA2' 'V9G1PB2' 'V9G1PD2' 'V9G1PA3'
 'V9G1PB3' 'V9G1PD3']",216,9
1209_0LT001,2058.9094,51.349342,5219.736,['1209_0LT001'],216,1,"['9GLVQA1' '9GLVQB1' '9GLVQC1' '9GLVQA2' '9GLVQB2' '9GLVQC2' '9GLVQA3'
 '9GLVQB3' '9GLVQC3']",216,9
1209_1LT001,1238.2538,48.281895,2995.6587,['1209_1LT001'],120,1,['1GAPOB1' '1GAPOB2' '1GAPOB3' '1GAPOB4' '1GAPOB5'],120,5
1210_0LT001,454.45575,46.938828,1469.0643,['1210_0LT001'],48,1,['9VAOQB1' '9VAOQB2'],48,2
1210_1LT001,2480.5964,51.304,6130.0615,['1210_1LT001'],240,1,"['QA9OPB1' 'QA9OPD1' 'QA9OPB2' 'QA9OPD2' 'QA9OPB3' 'QA9OPD3' 'QA9OPB4'
 'QA9OPD4' 'QA9OPB5' 'QA9OPD5']",240,10
1210_2LT001,2165.4565,48.71931,5303.0244,['1210_2LT001'],216,1,"['LAV1PA1' 'LAV1PB1' 'LAV1PD1' 'LAV1PA2' 'LAV1PB2' 'LAV1PD2' 'LAV1PA3'
 'LAV1PB3' 'LAV1PD3']",216,9
1211_0LT001,431.41156,56.37198,1302.2327,['1211_0LT001'],48,1,['PAV39B1' 'PAV39B2'],48,2
1211_1LT001,2169.6113,51.247272,5299.321,['1211_1LT001'],216,1,"['PVQGLA1' 'PVQGLB1' 'PVQGLD1' 'PVQGLA2' 'PVQGLB2' 'PVQGLD2' 'PVQGLA3'
 'PVQGLB3' 'PVQGLD3']",216,9
1211_2LT001,1517.9379,52.467007,3519.9136,['1211_2LT001'],144,1,['OL39QA1' 'OL39QB1' 'OL39QA2' 'OL39QB2' 'OL39QA3' 'OL39QB3'],144,6
1212_0LT001,2138.2375,50.951706,5551.6675,['1212_0LT001'],216,1,"['Q9L1GA1' 'Q9L1GB1' 'Q9L1GD1' 'Q9L1GA2' 'Q9L1GB2' 'Q9L1GD2' 'Q9L1GA3'
 'Q9L1GB3' 'Q9L1GD3']",216,9
1212_1LT001,2052.7095,53.98559,5554.889,['1212_1LT001'],216,1,"['93LQ1A1' '93LQ1B1' '93LQ1C1' '93LQ1A2' '93LQ1B2' '93LQ1C2' '93LQ1A3'
 '93LQ1B3' '93LQ1C3']",216,9
1212_2LT001,2165.1826,51.466557,5664.3965,['1212_2LT001'],216,1,"['GA319A1' 'GA319B1' 'GA319D1' 'GA319A2' 'GA319B2' 'GA319D2' 'GA319A3'
 'GA319B3' 'GA319D3']",216,9
1212_3LT001,2190.9077,48.91631,5250.4033,['1212_3LT001'],216,1,"['93PVQA1' '93PVQB1' '93PVQD1' '93PVQA2' '93PVQB2' '93PVQD2' '93PVQA3'
 '93PVQB3' '93PVQD3']",216,9
1213_0LT001,1073.5142,46.64979,2503.0508,['1213_0LT001'],96,1,['AQ91GB1' 'AQ91GD1' 'AQ91GB2' 'AQ91GD2'],96,4
1213_1LT001,883.1168,53.934338,2204.256,['1213_1LT001'],96,1,['193VLB1' '193VLD1' '193VLB2' '193VLD2'],96,4
1213_2LT001,2102.743,50.9853,5664.5576,['1213_2LT001'],216,1,"['L3GQVA1' 'L3GQVB1' 'L3GQVD1' 'L3GQVA2' 'L3GQVB2' 'L3GQVD2' 'L3GQVA3'
 'L3GQVB3' 'L3GQVD3']",216,9
1214_0LT001,2304.9458,50.994026,5418.0845,['1214_0LT001'],216,1,"['1OGV3A1' '1OGV3B1' '1OGV3D1' '1OGV3A2' '1OGV3B2' '1OGV3D2' '1OGV3A3'
 '1OGV3B3' '1OGV3D3']",216,9
1214_1LT001,2213.4192,50.520916,6032.511,['1214_1LT001'],240,1,"['1GQPAB1' '1GQPAD1' '1GQPAB2' '1GQPAD2' '1GQPAB3' '1GQPAD3' '1GQPAB4'
 '1GQPAD4' '1GQPAB5' '1GQPAD5']",240,10
1214_2LT001,1450.2261,47.11873,3988.2275,['1214_2LT001'],144,1,['LG93PA1' 'LG93PB1' 'LG93PA2' 'LG93PB2' 'LG93PA3' 'LG93PB3'],144,6
1215_0LT001,2261.3743,48.66191,5252.939,['1215_0LT001'],216,1,"['LAQ3GA1' 'LAQ3GB1' 'LAQ3GD1' 'LAQ3GA2' 'LAQ3GB2' 'LAQ3GD2' 'LAQ3GA3'
 'LAQ3GB3' 'LAQ3GD3']",216,9
1215_1LT001,1490.9906,50.948414,3893.042,['1215_1LT001'],144,1,['AVG1PA1' 'AVG1PB1' 'AVG1PA2' 'AVG1PB2' 'AVG1PA3' 'AVG1PB3'],144,6
1216_0LT001,2216.5325,48.836037,5644.1387,['1216_0LT001'],216,1,"['QVOG9A1' 'QVOG9B1' 'QVOG9C1' 'QVOG9A2' 'QVOG9B2' 'QVOG9C2' 'QVOG9A3'
 'QVOG9B3' 'QVOG9C3']",216,9
1216_1LT001,2097.6006,48.952473,5326.306,['1216_1LT001'],216,1,"['G1VOAA1' 'G1VOAB1' 'G1VOAC1' 'G1VOAA2' 'G1VOAB2' 'G1VOAC2' 'G1VOAA3'
 'G1VOAB3' 'G1VOAC3']",216,9
1216_2LT001,1425.2806,50.91569,3515.2893,['1216_2LT001'],144,1,['LGV3PA1' 'LGV3PB1' 'LGV3PA2' 'LGV3PB2' 'LGV3PA3' 'LGV3PB3'],144,6
1216_3LT001,2160.1653,55.54455,5199.035,['1216_3LT001'],216,1,"['LPQV9A1' 'LPQV9B1' 'LPQV9D1' 'LPQV9A2' 'LPQV9B2' 'LPQV9D2' 'LPQV9A3'
 'LPQV9B3' 'LPQV9D3']",216,9
1217_0LT001,936.90027,45.31691,2250.2559,['1217_0LT001'],96,1,['OVQA3B1' 'OVQA3D1' 'OVQA3B2' 'OVQA3D2'],96,4
1217_1LT001,518.9248,50.75159,1321.6293,['1217_1LT001'],48,1,['GPVLOB1' 'GPVLOB2'],48,2
1217_2LT001,2269.9333,52.281227,5450.415,['1217_2LT001'],216,1,"['A1VL3A1' 'A1VL3B1' 'A1VL3D1' 'A1VL3A2' 'A1VL3B2' 'A1VL3D2' 'A1VL3A3'
 'A1VL3B3' 'A1VL3D3']",216,9
1218_0LT001,2150.795,48.587498,5094.1006,['1218_0LT001'],216,1,"['A91PLA1' 'A91PLB1' 'A91PLC1' 'A91PLA2' 'A91PLB2' 'A91PLC2' 'A91PLA3'
 'A91PLB3' 'A91PLC3']",216,9
1218_1LT001,2202.4785,46.466244,5115.764,['1218_1LT001'],216,1,"['VA3QPA1' 'VA3QPB1' 'VA3QPD1' 'VA3QPA2' 'VA3QPB2' 'VA3QPD2' 'VA3QPA3'
 'VA3QPB3' 'VA3QPD3']",216,9
1218_2LT001,497.56494,52.908096,1097.9337,['1218_2LT001'],48,1,['Q13L9B1' 'Q13L9B2'],48,2
1219_0LT001,2089.5923,47.672867,5392.5596,['1219_0LT001'],216,1,"['VLGAQA1' 'VLGAQB1' 'VLGAQD1' 'VLGAQA2' 'VLGAQB2' 'VLGAQD2' 'VLGAQA3'
 'VLGAQB3' 'VLGAQD3']",216,9
1219_1LT001,910.4517,50.792896,2225.2834,['1219_1LT001'],96,1,['QPGL1B1' 'QPGL1D1' 'QPGL1B2' 'QPGL1D2'],96,4
1219_2LT001,1003.1888,49.48105,2719.5151,['1219_2LT001'],96,1,['PQLOAB1' 'PQLOAD1' 'PQLOAB2' 'PQLOAD2'],96,4
1219_3LT001,989.5978,46.610077,2512.4001,['1219_3LT001'],96,1,['OL31AB1' 'OL31AD1' 'OL31AB2' 'OL31AD2'],96,4
1220_0LT001,1416.9727,53.434196,3932.2979,['1220_0LT001'],144,1,['LOV9PA1' 'LOV9PB1' 'LOV9PA2' 'LOV9PB2' 'LOV9PA3' 'LOV9PB3'],144,6
1220_1LT001,2018.3706,47.626617,5209.6865,['1220_1LT001'],216,1,"['AQG9OA1' 'AQG9OB1' 'AQG9OC1' 'AQG9OA2' 'AQG9OB2' 'AQG9OC2' 'AQG9OA3'
 'AQG9OB3' 'AQG9OC3']",216,9
1220_2LT001,2211.2817,49.91849,5080.7275,['1220_2LT001'],216,1,"['LA3QGA1' 'LA3QGB1' 'LA3QGD1' 'LA3QGA2' 'LA3QGB2' 'LA3QGD2' 'LA3QGA3'
 'LA3QGB3' 'LA3QGD3']",216,9
1220_3LT001,1440.4757,52.20826,3374.0999,['1220_3LT001'],144,1,['Q9V1OA1' 'Q9V1OB1' 'Q9V1OA2' 'Q9V1OB2' 'Q9V1OA3' 'Q9V1OB3'],144,6
1220_4LT001,1453.4913,51.864483,3579.827,['1220_4LT001'],144,1,['OPG1VA1' 'OPG1VB1' 'OPG1VA2' 'OPG1VB2' 'OPG1VA3' 'OPG1VB3'],144,6
1220_5LT001,2079.5745,48.925175,5763.3066,['1220_5LT001'],216,1,"['LQPVGA1' 'LQPVGB1' 'LQPVGD1' 'LQPVGA2' 'LQPVGB2' 'LQPVGD2' 'LQPVGA3'
 'LQPVGB3' 'LQPVGD3']",216,9
1220_6LT001,2152.159,48.05272,5402.6255,['1220_6LT001'],216,1,"['OVPQ9A1' 'OVPQ9B1' 'OVPQ9C1' 'OVPQ9A2' 'OVPQ9B2' 'OVPQ9C2' 'OVPQ9A3'
 'OVPQ9B3' 'OVPQ9C3']",216,9
1221_0LT001,2228.6038,47.217422,5343.5693,['1221_0LT001'],216,1,"['QA9P1A1' 'QA9P1B1' 'QA9P1C1' 'QA9P1A2' 'QA9P1B2' 'QA9P1C2' 'QA9P1A3'
 'QA9P1B3' 'QA9P1C3']",216,9
1221_1LT001,2049.1445,49.2634,5316.764,['1221_1LT001'],216,1,"['LAPV9A1' 'LAPV9B1' 'LAPV9D1' 'LAPV9A2' 'LAPV9B2' 'LAPV9D2' 'LAPV9A3'
 'LAPV9B3' 'LAPV9D3']",216,9
1221_2LT001,2087.2354,50.811596,5498.8423,['1221_2LT001'],216,1,"['PLO1AA1' 'PLO1AB1' 'PLO1AD1' 'PLO1AA2' 'PLO1AB2' 'PLO1AD2' 'PLO1AA3'
 'PLO1AB3' 'PLO1AD3']",216,9
1222_0LT001,1479.479,50.476093,3688.0105,['1222_0LT001'],144,1,['G1QALA1' 'G1QALB1' 'G1QALA2' 'G1QALB2' 'G1QALA3' 'G1QALB3'],144,6
1222_1LT001,2274.8896,49.103035,5429.094,['1222_1LT001'],216,1,"['VL1OQA1' 'VL1OQB1' 'VL1OQC1' 'VL1OQA2' 'VL1OQB2' 'VL1OQC2' 'VL1OQA3'
 'VL1OQB3' 'VL1OQC3']",216,9
1222_2LT001,2122.545,49.339256,5364.495,['1222_2LT001'],216,1,"['9AGQPA1' '9AGQPB1' '9AGQPD1' '9AGQPA2' '9AGQPB2' '9AGQPD2' '9AGQPA3'
 '9AGQPB3' '9AGQPD3']",216,9
1223_0LT001,2466.435,47.870415,6124.96,['1223_0LT001'],240,1,"['GQ9ALB1' 'GQ9ALD1' 'GQ9ALB2' 'GQ9ALD2' 'GQ9ALB3' 'GQ9ALD3' 'GQ9ALB4'
 'GQ9ALD4' 'GQ9ALB5' 'GQ9ALD5']",240,10
1223_1LT001,2176.3738,52.18071,5421.662,['1223_1LT001'],216,1,"['G3OAQA1' 'G3OAQB1' 'G3OAQC1' 'G3OAQA2' 'G3OAQB2' 'G3OAQC2' 'G3OAQA3'
 'G3OAQB3' 'G3OAQC3']",216,9
1224_0LT001,2123.2764,49.813797,4978.695,['1224_0LT001'],216,1,"['V3LPAA1' 'V3LPAB1' 'V3LPAD1' 'V3LPAA2' 'V3LPAB2' 'V3LPAD2' 'V3LPAA3'
 'V3LPAB3' 'V3LPAD3']",216,9
1224_1LT001,478.25137,43.722645,1214.6823,['1224_1LT001'],48,1,['1G9LQB1' '1G9LQB2'],48,2
1224_2LT001,2387.0938,48.958187,6023.833,['1224_2LT001'],240,1,"['O9P1LB1' 'O9P1LD1' 'O9P1LB2' 'O9P1LD2' 'O9P1LB3' 'O9P1LD3' 'O9P1LB4'
 'O9P1LD4' 'O9P1LB5' 'O9P1LD5']",240,10
1225_0LT001,2276.5435,46.324604,5401.6587,['1225_0LT001'],216,1,"['Q3LOGA1' 'Q3LOGB1' 'Q3LOGD1' 'Q3LOGA2' 'Q3LOGB2' 'Q3LOGD2' 'Q3LOGA3'
 'Q3LOGB3' 'Q3LOGD3']",216,9
1225_1LT001,871.49725,44.830708,2442.1257,['1225_1LT001'],96,1,['Q9OG3B1' 'Q9OG3D1' 'Q9OG3B2' 'Q9OG3D2'],96,4
1225_2LT001,417.8957,55.786804,1271.4183,['1225_2LT001'],48,1,['VGA1PB1' 'VGA1PB2'],48,2
1226_0LT001,983.3394,49.208256,2428.5415,['1226_0LT001'],96,1,['QGOAVB1' 'QGOAVD1' 'QGOAVB2' 'QGOAVD2'],96,4
1226_1LT001,465.5884,52.145386,1097.686,['1226_1LT001'],48,1,['V3O1LB1' 'V3O1LB2'],48,2
1227_0LT001,2143.9922,48.39253,5289.2515,['1227_0LT001'],216,1,"['93QOAA1' '93QOAB1' '93QOAC1' '93QOAA2' '93QOAB2' '93QOAC2' '93QOAA3'
 '93QOAB3' '93QOAC3']",216,9
1227_1LT001,2234.504,51.03051,5710.1143,['1227_1LT001'],216,1,"['G3L9AA1' 'G3L9AB1' 'G3L9AC1' 'G3L9AA2' 'G3L9AB2' 'G3L9AC2' 'G3L9AA3'
 'G3L9AB3' 'G3L9AC3']",216,9
1228_0LT001,928.1099,45.5529,2487.9402,['1228_0LT001'],96,1,['PV391B1' 'PV391D1' 'PV391B2' 'PV391D2'],96,4
1228_1LT001,2343.8071,49.64114,5290.4717,['1228_1LT001'],216,1,"['3GA9LA1' '3GA9LB1' '3GA9LD1' '3GA9LA2' '3GA9LB2' '3GA9LD2' '3GA9LA3'
 '3GA9LB3' '3GA9LD3']",216,9
1228_2LT001,2102.6821,49.31047,5623.001,['1228_2LT001'],216,1,"['VL1QPA1' 'VL1QPB1' 'VL1QPD1' 'VL1QPA2' 'VL1QPB2' 'VL1QPD2' 'VL1QPA3'
 'VL1QPB3' 'VL1QPD3']",216,9
1228_3LT001,2126.2795,53.57916,5461.7827,['1228_3LT001'],216,1,"['3VOLQA1' '3VOLQB1' '3VOLQD1' '3VOLQA2' '3VOLQB2' '3VOLQD2' '3VOLQA3'
 '3VOLQB3' '3VOLQD3']",216,9
1229_0LT001,2108.9915,51.954704,5359.36,['1229_0LT001'],216,1,"['O9PQGA1' 'O9PQGB1' 'O9PQGD1' 'O9PQGA2' 'O9PQGB2' 'O9PQGD2' 'O9PQGA3'
 'O9PQGB3' 'O9PQGD3']",216,9
1229_1LT001,2120.9963,47.660587,5565.017,['1229_1LT001'],216,1,"['LPAV3A1' 'LPAV3B1' 'LPAV3D1' 'LPAV3A2' 'LPAV3B2' 'LPAV3D2' 'LPAV3A3'
 'LPAV3B3' 'LPAV3D3']",216,9
1230_0LT001,2026.5217,49.673748,5926.3657,['1230_0LT001'],216,1,"['LAOQ1A1' 'LAOQ1B1' 'LAOQ1C1' 'LAOQ1A2' 'LAOQ1B2' 'LAOQ1C2' 'LAOQ1A3'
 'LAOQ1B3' 'LAOQ1C3']",216,9
1230_1LT001,2067.8093,51.419342,5629.3867,['1230_1LT001'],216,1,"['LAGVQA1' 'LAGVQB1' 'LAGVQD1' 'LAGVQA2' 'LAGVQB2' 'LAGVQD2' 'LAGVQA3'
 'LAGVQB3' 'LAGVQD3']",216,9
1230_2LT001,521.9866,51.151524,1264.8389,['1230_2LT001'],48,1,['LQ1APB1' 'LQ1APB2'],48,2
1231_0LT001,2552.288,49.149685,6265.4536,['1231_0LT001'],240,1,"['QGL3OB1' 'QGL3OC1' 'QGL3OB2' 'QGL3OC2' 'QGL3OB3' 'QGL3OC3' 'QGL3OB4'
 'QGL3OC4' 'QGL3OB5' 'QGL3OC5']",240,10
1231_1LT001,914.80945,49.528965,2584.2317,['1231_1LT001'],96,1,['QA3LVB1' 'QA3LVD1' 'QA3LVB2' 'QA3LVD2'],96,4
1231_2LT001,2247.108,50.924217,5281.6543,['1231_2LT001'],216,1,"['GO9V3A1' 'GO9V3B1' 'GO9V3C1' 'GO9V3A2' 'GO9V3B2' 'GO9V3C2' 'GO9V3A3'
 'GO9V3B3' 'GO9V3C3']",216,9
1231_3LT001,2327.2498,51.692337,5454.559,['1231_3LT001'],216,1,"['PVL19A1' 'PVL19B1' 'PVL19D1' 'PVL19A2' 'PVL19B2' 'PVL19D2' 'PVL19A3'
 'PVL19B3' 'PVL19D3']",216,9
1232_0LT001,2184.7256,49.111942,5356.172,['1232_0LT001'],216,1,"['3PAQ9A1' '3PAQ9B1' '3PAQ9D1' '3PAQ9A2' '3PAQ9B2' '3PAQ9D2' '3PAQ9A3'
 '3PAQ9B3' '3PAQ9D3']",216,9
1232_1LT001,901.30347,52.382214,2223.9204,['1232_1LT001'],96,1,['ALOG1B1' 'ALOG1D1' 'ALOG1B2' 'ALOG1D2'],96,4
1233_0LT001,2249.5823,51.45079,5749.391,['1233_0LT001'],216,1,"['1LQVGA1' '1LQVGB1' '1LQVGD1' '1LQVGA2' '1LQVGB2' '1LQVGD2' '1LQVGA3'
 '1LQVGB3' '1LQVGD3']",216,9
1233_1LT001,2072.5422,53.309135,5905.141,['1233_1LT001'],216,1,"['1OLG9A1' '1OLG9B1' '1OLG9D1' '1OLG9A2' '1OLG9B2' '1OLG9D2' '1OLG9A3'
 '1OLG9B3' '1OLG9D3']",216,9
1234_0LT001,2156.1143,49.699512,5022.016,['1234_0LT001'],216,1,"['O3APGA1' 'O3APGB1' 'O3APGD1' 'O3APGA2' 'O3APGB2' 'O3APGD2' 'O3APGA3'
 'O3APGB3' 'O3APGD3']",216,9
1234_1LT001,1528.1204,47.61188,3808.2576,['1234_1LT001'],144,1,['P1GOLA1' 'P1GOLB1' 'P1GOLA2' 'P1GOLB2' 'P1GOLA3' 'P1GOLB3'],144,6
1234_2LT001,2019.6803,52.048923,5289.311,['1234_2LT001'],216,1,"['PAQ1OA1' 'PAQ1OB1' 'PAQ1OD1' 'PAQ1OA2' 'PAQ1OB2' 'PAQ1OD2' 'PAQ1OA3'
 'PAQ1OB3' 'PAQ1OD3']",216,9
1235_0LT001,2459.487,49.9279,6206.032,['1235_0LT001'],240,1,"['Q1OALB1' 'Q1OALD1' 'Q1OALB2' 'Q1OALD2' 'Q1OALB3' 'Q1OALD3' 'Q1OALB4'
 'Q1OALD4' 'Q1OALB5' 'Q1OALD5']",240,10
1235_1LT001,2147.583,50.75967,5249.426,['1235_1LT001'],216,1,"['G1AO3A1' 'G1AO3B1' 'G1AO3C1' 'G1AO3A2' 'G1AO3B2' 'G1AO3C2' 'G1AO3A3'
 'G1AO3B3' 'G1AO3C3']",216,9
1235_2LT001,2055.852,49.824665,5311.5845,['1235_2LT001'],216,1,"['3VQA9A1' '3VQA9B1' '3VQA9D1' '3VQA9A2' '3VQA9B2' '3VQA9D2' '3VQA9A3'
 '3VQA9B3' '3VQA9D3']",216,9
1235_3LT001,2230.7947,53.545036,5402.444,['1235_3LT001'],216,1,"['G3OQAA1' 'G3OQAB1' 'G3OQAD1' 'G3OQAA2' 'G3OQAB2' 'G3OQAD2' 'G3OQAA3'
 'G3OQAB3' 'G3OQAD3']",216,9
1236_0LT001,2247.3535,45.62709,5102.778,['1236_0LT001'],216,1,"['PAL31A1' 'PAL31B1' 'PAL31C1' 'PAL31A2' 'PAL31B2' 'PAL31C2' 'PAL31A3'
 'PAL31B3' 'PAL31C3']",216,9
1236_1LT001,2059.4382,47.856716,5710.5146,['1236_1LT001'],216,1,"['APGO9A1' 'APGO9B1' 'APGO9D1' 'APGO9A2' 'APGO9B2' 'APGO9D2' 'APGO9A3'
 'APGO9B3' 'APGO9D3']",216,9
1237_0LT001,2268.619,49.29204,6097.5796,['1237_0LT001'],240,1,"['QO9LPB1' 'QO9LPD1' 'QO9LPB2' 'QO9LPD2' 'QO9LPB3' 'QO9LPD3' 'QO9LPB4'
 'QO9LPD4' 'QO9LPB5' 'QO9LPD5']",240,10
1237_1LT001,2254.0867,46.674862,5561.9946,['1237_1LT001'],216,1,"['GLPOVA1' 'GLPOVB1' 'GLPOVC1' 'GLPOVA2' 'GLPOVB2' 'GLPOVC2' 'GLPOVA3'
 'GLPOVB3' 'GLPOVC3']",216,9
1238_0LT001,864.52277,48.297638,2567.8445,['1238_0LT001'],96,1,['13ALPB1' '13ALPD1' '13ALPB2' '13ALPD2'],96,4
1238_1LT001,2182.223,50.193905,5433.3843,['1238_1LT001'],216,1,"['GA3PQA1' 'GA3PQB1' 'GA3PQD1' 'GA3PQA2' 'GA3PQB2' 'GA3PQD2' 'GA3PQA3'
 'GA3PQB3' 'GA3PQD3']",216,9
1238_2LT001,1504.538,52.11079,3687.4043,['1238_2LT001'],144,1,['3QG9PA1' '3QG9PB1' '3QG9PA2' '3QG9PB2' '3QG9PA3' '3QG9PB3'],144,6
1239_0LT001,1388.7659,51.96495,3902.1887,['1239_0LT001'],144,1,['OQALGA1' 'OQALGB1' 'OQALGA2' 'OQALGB2' 'OQALGA3' 'OQALGB3'],144,6
1239_1LT001,1958.113,49.23729,5403.707,['1239_1LT001'],216,1,"['9GQOAA1' '9GQOAB1' '9GQOAD1' '9GQOAA2' '9GQOAB2' '9GQOAD2' '9GQOAA3'
 '9GQOAB3' '9GQOAD3']",216,9
1240_0LT001,1441.273,53.111305,3668.816,['1240_0LT001'],144,1,['V3G9OA1' 'V3G9OB1' 'V3G9OA2' 'V3G9OB2' 'V3G9OA3' 'V3G9OB3'],144,6
1240_1LT001,469.10217,53.104664,1113.9252,['1240_1LT001'],48,1,['VO9PAB1' 'VO9PAB2'],48,2
1240_2LT001,435.218,55.21306,1147.1489,['1240_2LT001'],48,1,['O1G9AB1' 'O1G9AB2'],48,2
1240_3LT001,2144.2258,48.371975,5452.8955,['1240_3LT001'],216,1,"['AGOQPA1' 'AGOQPB1' 'AGOQPC1' 'AGOQPA2' 'AGOQPB2' 'AGOQPC2' 'AGOQPA3'
 'AGOQPB3' 'AGOQPC3']",216,9
1241_0LT001,2003.4001,49.26104,5098.8013,['1241_0LT001'],216,1,"['PVGOLA1' 'PVGOLB1' 'PVGOLD1' 'PVGOLA2' 'PVGOLB2' 'PVGOLD2' 'PVGOLA3'
 'PVGOLB3' 'PVGOLD3']",216,9
1241_1LT001,2296.5627,49.943436,5039.9937,['1241_1LT001'],216,1,"['LAPQOA1' 'LAPQOB1' 'LAPQOD1' 'LAPQOA2' 'LAPQOB2' 'LAPQOD2' 'LAPQOA3'
 'LAPQOB3' 'LAPQOD3']",216,9
1241_2LT001,2099.9146,51.1928,5393.964,['1241_2LT001'],216,1,"['LQO1GA1' 'LQO1GB1' 'LQO1GD1' 'LQO1GA2' 'LQO1GB2' 'LQO1GD2' 'LQO1GA3'
 'LQO1GB3' 'LQO1GD3']",216,9
1242_0LT001,2540.7183,53.238125,6102.831,['1242_0LT001'],240,1,"['VALQ3B1' 'VALQ3D1' 'VALQ3B2' 'VALQ3D2' 'VALQ3B3' 'VALQ3D3' 'VALQ3B4'
 'VALQ3D4' 'VALQ3B5' 'VALQ3D5']",240,10
1242_1LT001,2218.651,54.175945,5520.678,['1242_1LT001'],216,1,"['P3OA9A1' 'P3OA9B1' 'P3OA9D1' 'P3OA9A2' 'P3OA9B2' 'P3OA9D2' 'P3OA9A3'
 'P3OA9B3' 'P3OA9D3']",216,9
1243_0LT001,1451.3898,45.96917,3625.5063,['1243_0LT001'],144,1,['QL1AVA1' 'QL1AVB1' 'QL1AVA2' 'QL1AVB2' 'QL1AVA3' 'QL1AVB3'],144,6
1243_1LT001,2125.6423,50.028538,5598.024,['1243_1LT001'],216,1,"['GLO19A1' 'GLO19B1' 'GLO19C1' 'GLO19A2' 'GLO19B2' 'GLO19C2' 'GLO19A3'
 'GLO19B3' 'GLO19C3']",216,9
1244_0LT001,2148.7832,50.66977,5167.4507,['1244_0LT001'],216,1,"['LGQP1A1' 'LGQP1B1' 'LGQP1D1' 'LGQP1A2' 'LGQP1B2' 'LGQP1D2' 'LGQP1A3'
 'LGQP1B3' 'LGQP1D3']",216,9
1244_1LT001,2322.4329,51.197598,5386.554,['1244_1LT001'],216,1,"['VQA1GA1' 'VQA1GB1' 'VQA1GD1' 'VQA1GA2' 'VQA1GB2' 'VQA1GD2' 'VQA1GA3'
 'VQA1GB3' 'VQA1GD3']",216,9
1245_0LT001,2180.2173,48.926098,5064.449,['1245_0LT001'],216,1,"['V9OLAA1' 'V9OLAB1' 'V9OLAC1' 'V9OLAA2' 'V9OLAB2' 'V9OLAC2' 'V9OLAA3'
 'V9OLAB3' 'V9OLAC3']",216,9
1245_1LT001,1370.962,47.512047,3738.707,['1245_1LT001'],144,1,['39AL1A1' '39AL1B1' '39AL1A2' '39AL1B2' '39AL1A3' '39AL1B3'],144,6
1245_2LT001,1369.7832,49.79161,3515.1108,['1245_2LT001'],144,1,['1AL3GA1' '1AL3GB1' '1AL3GA2' '1AL3GB2' '1AL3GA3' '1AL3GB3'],144,6
1245_3LT001,2192.7803,51.162777,5607.107,['1245_3LT001'],216,1,"['GO93QA1' 'GO93QB1' 'GO93QD1' 'GO93QA2' 'GO93QB2' 'GO93QD2' 'GO93QA3'
 'GO93QB3' 'GO93QD3']",216,9
1245_4LT001,500.06522,46.88014,1154.1079,['1245_4LT001'],48,1,['AO3PLB1' 'AO3PLB2'],48,2
1245_5LT001,2256.1091,50.677883,5369.6045,['1245_5LT001'],216,1,"['VGQ3PA1' 'VGQ3PB1' 'VGQ3PC1' 'VGQ3PA2' 'VGQ3PB2' 'VGQ3PC2' 'VGQ3PA3'
 'VGQ3PB3' 'VGQ3PC3']",216,9
1245_6LT001,2126.0002,49.57009,5074.0874,['1245_6LT001'],216,1,"['O9AVGA1' 'O9AVGB1' 'O9AVGD1' 'O9AVGA2' 'O9AVGB2' 'O9AVGD2' 'O9AVGA3'
 'O9AVGB3' 'O9AVGD3']",216,9
1246_0LT001,956.8215,46.666935,2349.646,['1246_0LT001'],96,1,['AO13LB1' 'AO13LD1' 'AO13LB2' 'AO13LD2'],96,4
1246_1LT001,2112.3945,50.68775,5427.3774,['1246_1LT001'],216,1,"['319QVA1' '319QVB1' '319QVD1' '319QVA2' '319QVB2' '319QVD2' '319QVA3'
 '319QVB3' '319QVD3']",216,9
1246_2LT001,924.4633,52.71535,2321.8696,['1246_2LT001'],96,1,['1LGOAB1' '1LGOAD1' '1LGOAB2' '1LGOAD2'],96,4
1246_3LT001,1028.504,49.231678,2233.3154,['1246_3LT001'],96,1,['QP1LVB1' 'QP1LVD1' 'QP1LVB2' 'QP1LVD2'],96,4
1246_4LT001,414.62686,61.574432,1241.0468,['1246_4LT001'],48,1,['AG1LOB1' 'AG1LOB2'],48,2
1247_0LT001,907.5199,52.703373,2398.274,['1247_0LT001'],96,1,['P93QVB1' 'P93QVD1' 'P93QVB2' 'P93QVD2'],96,4
1247_1LT001,2166.806,48.97172,5266.3726,['1247_1LT001'],216,1,"['V1GP9A1' 'V1GP9B1' 'V1GP9D1' 'V1GP9A2' 'V1GP9B2' 'V1GP9D2' 'V1GP9A3'
 'V1GP9B3' 'V1GP9D3']",216,9
1248_0LT001,1030.21,43.702595,2316.4595,['1248_0LT001'],96,1,['31GQPB1' '31GQPD1' '31GQPB2' '31GQPD2'],96,4
1248_1LT001,2173.577,50.634922,5329.17,['1248_1LT001'],216,1,"['OL9Q1A1' 'OL9Q1B1' 'OL9Q1C1' 'OL9Q1A2' 'OL9Q1B2' 'OL9Q1C2' 'OL9Q1A3'
 'OL9Q1B3' 'OL9Q1C3']",216,9
1248_2LT001,2327.5742,49.071415,5401.6133,['1248_2LT001'],216,1,"['19GPQA1' '19GPQB1' '19GPQC1' '19GPQA2' '19GPQB2' '19GPQC2' '19GPQA3'
 '19GPQB3' '19GPQC3']",216,9
1248_3LT001,2228.297,50.51757,5077.4805,['1248_3LT001'],216,1,"['L9OPGA1' 'L9OPGB1' 'L9OPGD1' 'L9OPGA2' 'L9OPGB2' 'L9OPGD2' 'L9OPGA3'
 'L9OPGB3' 'L9OPGD3']",216,9
1248_4LT001,1027.2062,49.59349,2029.8619,['1248_4LT001'],96,1,['LGQ1VB1' 'LGQ1VD1' 'LGQ1VB2' 'LGQ1VD2'],96,4
1249_0LT001,902.50336,55.286774,2309.0383,['1249_0LT001'],96,1,['L3QO9B1' 'L3QO9D1' 'L3QO9B2' 'L3QO9D2'],96,4
1249_1LT001,2127.6672,46.33287,5405.025,['1249_1LT001'],216,1,"['P9GQLA1' 'P9GQLB1' 'P9GQLC1' 'P9GQLA2' 'P9GQLB2' 'P9GQLC2' 'P9GQLA3'
 'P9GQLB3' 'P9GQLC3']",216,9
1250_0LT001,2071.4595,49.265224,5393.0,['1250_0LT001'],216,1,"['AOP39A1' 'AOP39B1' 'AOP39D1' 'AOP39A2' 'AOP39B2' 'AOP39D2' 'AOP39A3'
 'AOP39B3' 'AOP39D3']",216,9
1250_1LT001,2101.5522,49.148533,5521.623,['1250_1LT001'],216,1,"['9PQA3A1' '9PQA3B1' '9PQA3D1' '9PQA3A2' '9PQA3B2' '9PQA3D2' '9PQA3A3'
 '9PQA3B3' '9PQA3D3']",216,9
1250_2LT001,2170.427,51.632885,5264.9194,['1250_2LT001'],216,1,"['QAPG1A1' 'QAPG1B1' 'QAPG1D1' 'QAPG1A2' 'QAPG1B2' 'QAPG1D2' 'QAPG1A3'
 'QAPG1B3' 'QAPG1D3']",216,9
1250_3LT001,2184.6973,49.506027,5567.3003,['1250_3LT001'],216,1,"['3PL9OA1' '3PL9OB1' '3PL9OD1' '3PL9OA2' '3PL9OB2' '3PL9OD2' '3PL9OA3'
 '3PL9OB3' '3PL9OD3']",216,9
1251_0LT001,884.2094,44.697327,2492.017,['1251_0LT001'],96,1,['VO3GQB1' 'VO3GQD1' 'VO3GQB2' 'VO3GQD2'],96,4
1251_1LT001,2278.0393,51.631893,5245.012,['1251_1LT001'],216,1,"['PO3QAA1' 'PO3QAB1' 'PO3QAD1' 'PO3QAA2' 'PO3QAB2' 'PO3QAD2' 'PO3QAA3'
 'PO3QAB3' 'PO3QAD3']",216,9
1251_2LT001,2320.6963,46.90292,5458.3345,['1251_2LT001'],216,1,"['P93ALA1' 'P93ALB1' 'P93ALD1' 'P93ALA2' 'P93ALB2' 'P93ALD2' 'P93ALA3'
 'P93ALB3' 'P93ALD3']",216,9
1251_3LT001,458.23297,58.349304,1054.4785,['1251_3LT001'],48,1,['O91AVB1' 'O91AVB2'],48,2
1252_0LT001,942.84204,52.935017,2475.3586,['1252_0LT001'],96,1,['V1A9QB1' 'V1A9QD1' 'V1A9QB2' 'V1A9QD2'],96,4
1252_1LT001,495.9071,54.871,1313.8805,['1252_1LT001'],48,1,['OVGL1B1' 'OVGL1B2'],48,2
1252_2LT001,928.36285,50.38928,2607.7363,['1252_2LT001'],96,1,['93QAGB1' '93QAGD1' '93QAGB2' '93QAGD2'],96,4
1253_0LT001,2163.1191,47.016098,5508.8335,['1253_0LT001'],216,1,"['VO391A1' 'VO391B1' 'VO391C1' 'VO391A2' 'VO391B2' 'VO391C2' 'VO391A3'
 'VO391B3' 'VO391C3']",216,9
1253_1LT001,2090.609,49.700146,5266.0986,['1253_1LT001'],216,1,"['9GL3OA1' '9GL3OB1' '9GL3OC1' '9GL3OA2' '9GL3OB2' '9GL3OC2' '9GL3OA3'
 '9GL3OB3' '9GL3OC3']",216,9
1253_2LT001,1300.6288,50.862118,3596.3357,['1253_2LT001'],144,1,['AOPGVA1' 'AOPGVB1' 'AOPGVA2' 'AOPGVB2' 'AOPGVA3' 'AOPGVB3'],144,6
1254_0LT001,2194.1465,49.71124,5490.343,['1254_0LT001'],216,1,"['AO1L3A1' 'AO1L3B1' 'AO1L3C1' 'AO1L3A2' 'AO1L3B2' 'AO1L3C2' 'AO1L3A3'
 'AO1L3B3' 'AO1L3C3']",216,9
1254_1LT001,1449.9242,48.21208,3462.7554,['1254_1LT001'],144,1,['9OQLAA1' '9OQLAB1' '9OQLAA2' '9OQLAB2' '9OQLAA3' '9OQLAB3'],144,6
1254_2LT001,2259.2222,52.040085,5257.0522,['1254_2LT001'],216,1,"['PQ3A1A1' 'PQ3A1B1' 'PQ3A1C1' 'PQ3A1A2' 'PQ3A1B2' 'PQ3A1C2' 'PQ3A1A3'
 'PQ3A1B3' 'PQ3A1C3']",216,9
1255_0LT001,480.13602,52.88854,1061.7131,['1255_0LT001'],48,1,['LOP93B1' 'LOP93B2'],48,2
1255_1LT001,2130.9636,52.16577,5342.1167,['1255_1LT001'],216,1,"['GLP3OA1' 'GLP3OB1' 'GLP3OC1' 'GLP3OA2' 'GLP3OB2' 'GLP3OC2' 'GLP3OA3'
 'GLP3OB3' 'GLP3OC3']",216,9
1255_2LT001,468.8254,51.3161,1466.37,['1255_2LT001'],48,1,['AGL1OB1' 'AGL1OB2'],48,2
1256_0LT001,2193.143,47.534756,5378.537,['1256_0LT001'],216,1,"['A9PGQA1' 'A9PGQB1' 'A9PGQD1' 'A9PGQA2' 'A9PGQB2' 'A9PGQD2' 'A9PGQA3'
 'A9PGQB3' 'A9PGQD3']",216,9
1256_1LT001,2118.0232,48.438553,5612.656,['1256_1LT001'],216,1,"['9QVGOA1' '9QVGOB1' '9QVGOC1' '9QVGOA2' '9QVGOB2' '9QVGOC2' '9QVGOA3'
 '9QVGOB3' '9QVGOC3']",216,9
1256_2LT001,2135.505,49.33238,5340.4893,['1256_2LT001'],216,1,"['ALP31A1' 'ALP31B1' 'ALP31C1' 'ALP31A2' 'ALP31B2' 'ALP31C2' 'ALP31A3'
 'ALP31B3' 'ALP31C3']",216,9
1257_0LT001,2169.6738,50.430305,5476.9653,['1257_0LT001'],216,1,"['G91OPA1' 'G91OPB1' 'G91OPD1' 'G91OPA2' 'G91OPB2' 'G91OPD2' 'G91OPA3'
 'G91OPB3' 'G91OPD3']",216,9
1257_1LT001,2155.2302,47.900894,5205.2563,['1257_1LT001'],216,1,"['3P1VOA1' '3P1VOB1' '3P1VOD1' '3P1VOA2' '3P1VOB2' '3P1VOD2' '3P1VOA3'
 '3P1VOB3' '3P1VOD3']",216,9
1258_0LT001,2166.7717,52.296867,5774.7324,['1258_0LT001'],216,1,"['L1A93A1' 'L1A93B1' 'L1A93C1' 'L1A93A2' 'L1A93B2' 'L1A93C2' 'L1A93A3'
 'L1A93B3' 'L1A93C3']",216,9
1258_1LT001,462.19263,48.641094,1072.5447,['1258_1LT001'],48,1,['GQL1AB1' 'GQL1AB2'],48,2
1259_0LT001,492.5574,47.083164,1148.7909,['1259_0LT001'],48,1,['QOAG3B1' 'QOAG3B2'],48,2
1259_1LT001,480.7351,48.983585,1250.7523,['1259_1LT001'],48,1,['3GA1OB1' '3GA1OB2'],48,2
1259_2LT001,2038.5094,52.067825,5729.093,['1259_2LT001'],216,1,"['VPALGA1' 'VPALGB1' 'VPALGC1' 'VPALGA2' 'VPALGB2' 'VPALGC2' 'VPALGA3'
 'VPALGB3' 'VPALGC3']",216,9
1259_3LT001,896.2113,47.04073,2423.4163,['1259_3LT001'],96,1,['PLO39B1' 'PLO39D1' 'PLO39B2' 'PLO39D2'],96,4
1259_4LT001,2235.1853,49.37712,5179.0903,['1259_4LT001'],216,1,"['QLOAPA1' 'QLOAPB1' 'QLOAPD1' 'QLOAPA2' 'QLOAPB2' 'QLOAPD2' 'QLOAPA3'
 'QLOAPB3' 'QLOAPD3']",216,9
1259_5LT001,2084.0955,48.041798,5435.007,['1259_5LT001'],216,1,"['1QL9PA1' '1QL9PB1' '1QL9PC1' '1QL9PA2' '1QL9PB2' '1QL9PC2' '1QL9PA3'
 '1QL9PB3' '1QL9PC3']",216,9
1259_6LT001,425.97058,54.87349,1200.7126,['1259_6LT001'],48,1,['3QL1PB1' '3QL1PB2'],48,2
1260_0LT001,2201.7563,50.114063,5350.235,['1260_0LT001'],216,1,"['VQ3GAA1' 'VQ3GAB1' 'VQ3GAD1' 'VQ3GAA2' 'VQ3GAB2' 'VQ3GAD2' 'VQ3GAA3'
 'VQ3GAB3' 'VQ3GAD3']",216,9
1260_1LT001,2166.2407,50.75043,5094.1562,['1260_1LT001'],216,1,"['PV3QGA1' 'PV3QGB1' 'PV3QGC1' 'PV3QGA2' 'PV3QGB2' 'PV3QGC2' 'PV3QGA3'
 'PV3QGB3' 'PV3QGC3']",216,9
1260_2LT001,408.06766,51.99931,1323.6339,['1260_2LT001'],48,1,['APO3GB1' 'APO3GB2'],48,2
1260_3LT001,2075.321,49.872578,5283.0234,['1260_3LT001'],216,1,"['AG1Q3A1' 'AG1Q3B1' 'AG1Q3C1' 'AG1Q3A2' 'AG1Q3B2' 'AG1Q3C2' 'AG1Q3A3'
 'AG1Q3B3' 'AG1Q3C3']",216,9
1261_0LT001,1581.6877,52.064243,3751.8252,['1261_0LT001'],144,1,['L3PA9A1' 'L3PA9B1' 'L3PA9A2' 'L3PA9B2' 'L3PA9A3' 'L3PA9B3'],144,6
1261_1LT001,467.67355,55.316433,1405.8242,['1261_1LT001'],48,1,['AQOVGB1' 'AQOVGB2'],48,2
1261_2LT001,2313.104,49.25025,5643.3423,['1261_2LT001'],216,1,"['39PQGA1' '39PQGB1' '39PQGD1' '39PQGA2' '39PQGB2' '39PQGD2' '39PQGA3'
 '39PQGB3' '39PQGD3']",216,9
1262_0LT001,2049.1309,49.33901,5222.0815,['1262_0LT001'],216,1,"['9A31QA1' '9A31QB1' '9A31QC1' '9A31QA2' '9A31QB2' '9A31QC2' '9A31QA3'
 '9A31QB3' '9A31QC3']",216,9
1262_1LT001,987.7619,52.94485,2207.8887,['1262_1LT001'],96,1,['QO9AGB1' 'QO9AGD1' 'QO9AGB2' 'QO9AGD2'],96,4
1262_2LT001,2189.0251,48.209072,5248.058,['1262_2LT001'],216,1,"['OVLPQA1' 'OVLPQB1' 'OVLPQD1' 'OVLPQA2' 'OVLPQB2' 'OVLPQD2' 'OVLPQA3'
 'OVLPQB3' 'OVLPQD3']",216,9
1262_3LT001,2054.0676,49.329487,5774.523,['1262_3LT001'],216,1,"['L3P1OA1' 'L3P1OB1' 'L3P1OD1' 'L3P1OA2' 'L3P1OB2' 'L3P1OD2' 'L3P1OA3'
 'L3P1OB3' 'L3P1OD3']",216,9
1262_4LT001,995.1887,53.007046,2442.779,['1262_4LT001'],96,1,['39G1PB1' '39G1PD1' '39G1PB2' '39G1PD2'],96,4
1262_5LT001,402.31857,51.27742,1177.4047,['1262_5LT001'],48,1,['P9AV1B1' 'P9AV1B2'],48,2
1263_0LT001,2246.5715,49.155422,5417.22,['1263_0LT001'],216,1,"['QL3AOA1' 'QL3AOB1' 'QL3AOC1' 'QL3AOA2' 'QL3AOB2' 'QL3AOC2' 'QL3AOA3'
 'QL3AOB3' 'QL3AOC3']",216,9
1263_1LT001,1379.3281,52.05227,3474.1328,['1263_1LT001'],144,1,['9Q1G3A1' '9Q1G3B1' '9Q1G3A2' '9Q1G3B2' '9Q1G3A3' '9Q1G3B3'],144,6
1263_2LT001,2091.4824,49.12133,5498.644,['1263_2LT001'],216,1,"['GPAO1A1' 'GPAO1B1' 'GPAO1D1' 'GPAO1A2' 'GPAO1B2' 'GPAO1D2' 'GPAO1A3'
 'GPAO1B3' 'GPAO1D3']",216,9
1263_3LT001,2231.468,54.65006,5398.7905,['1263_3LT001'],216,1,"['9O1V3A1' '9O1V3B1' '9O1V3C1' '9O1V3A2' '9O1V3B2' '9O1V3C2' '9O1V3A3'
 '9O1V3B3' '9O1V3C3']",216,9
1264_0LT001,456.72205,43.80904,1226.9061,['1264_0LT001'],48,1,['9GALVB1' '9GALVB2'],48,2
1264_1LT001,1885.4933,52.39655,5233.529,['1264_1LT001'],216,1,"['9LAQ3A1' '9LAQ3B1' '9LAQ3D1' '9LAQ3A2' '9LAQ3B2' '9LAQ3D2' '9LAQ3A3'
 '9LAQ3B3' '9LAQ3D3']",216,9
1264_2LT001,1422.0111,46.327595,3830.4358,['1264_2LT001'],144,1,['VGP3AA1' 'VGP3AB1' 'VGP3AA2' 'VGP3AB2' 'VGP3AA3' 'VGP3AB3'],144,6
1265_0LT001,768.365,48.67323,1976.9504,['1265_0LT001'],96,1,['9VLPOB1' '9VLPOD1' '9VLPOB2' '9VLPOD2'],96,4
1265_1LT001,2157.128,50.22603,5604.3823,['1265_1LT001'],216,1,"['GQO3LA1' 'GQO3LB1' 'GQO3LD1' 'GQO3LA2' 'GQO3LB2' 'GQO3LD2' 'GQO3LA3'
 'GQO3LB3' 'GQO3LD3']",216,9
1265_2LT001,2186.4817,48.776447,4973.4346,['1265_2LT001'],216,1,"['39PGOA1' '39PGOB1' '39PGOD1' '39PGOA2' '39PGOB2' '39PGOD2' '39PGOA3'
 '39PGOB3' '39PGOD3']",216,9
1266_0LT001,2252.2288,45.81456,5482.599,['1266_0LT001'],216,1,"['9GQO3A1' '9GQO3B1' '9GQO3C1' '9GQO3A2' '9GQO3B2' '9GQO3C2' '9GQO3A3'
 '9GQO3B3' '9GQO3C3']",216,9
1266_1LT001,2397.251,49.799732,6159.5137,['1266_1LT001'],240,1,"['93OGVB1' '93OGVC1' '93OGVB2' '93OGVC2' '93OGVB3' '93OGVC3' '93OGVB4'
 '93OGVC4' '93OGVB5' '93OGVC5']",240,10
1266_2LT001,1384.018,47.59783,3436.2166,['1266_2LT001'],144,1,['QGL31A1' 'QGL31B1' 'QGL31A2' 'QGL31B2' 'QGL31A3' 'QGL31B3'],144,6
1267_0LT001,2172.856,51.33904,5436.6265,['1267_0LT001'],216,1,"['GLO31A1' 'GLO31B1' 'GLO31D1' 'GLO31A2' 'GLO31B2' 'GLO31D2' 'GLO31A3'
 'GLO31B3' 'GLO31D3']",216,9
1267_1LT001,2233.398,52.284943,5234.6167,['1267_1LT001'],216,1,"['LP39VA1' 'LP39VB1' 'LP39VC1' 'LP39VA2' 'LP39VB2' 'LP39VC2' 'LP39VA3'
 'LP39VB3' 'LP39VC3']",216,9
1268_0LT001,821.8491,49.13388,2357.1816,['1268_0LT001'],96,1,['9O3A1B1' '9O3A1D1' '9O3A1B2' '9O3A1D2'],96,4
1268_1LT001,2182.672,48.869873,5235.1836,['1268_1LT001'],216,1,"['OV39GA1' 'OV39GB1' 'OV39GC1' 'OV39GA2' 'OV39GB2' 'OV39GC2' 'OV39GA3'
 'OV39GB3' 'OV39GC3']",216,9
1268_2LT001,2148.589,51.04837,5118.604,['1268_2LT001'],216,1,"['13O9LA1' '13O9LB1' '13O9LD1' '13O9LA2' '13O9LB2' '13O9LD2' '13O9LA3'
 '13O9LB3' '13O9LD3']",216,9
1268_3LT001,1281.13,44.383774,3629.0942,['1268_3LT001'],144,1,['QOLVGA1' 'QOLVGB1' 'QOLVGA2' 'QOLVGB2' 'QOLVGA3' 'QOLVGB3'],144,6
1268_4LT001,1555.4701,48.195045,3761.822,['1268_4LT001'],144,1,['PAQ9OA1' 'PAQ9OB1' 'PAQ9OA2' 'PAQ9OB2' 'PAQ9OA3' 'PAQ9OB3'],144,6
1268_5LT001,2247.0876,47.14453,5504.1094,['1268_5LT001'],216,1,"['QV3G9A1' 'QV3G9B1' 'QV3G9C1' 'QV3G9A2' 'QV3G9B2' 'QV3G9C2' 'QV3G9A3'
 'QV3G9B3' 'QV3G9C3']",216,9
1269_0LT001,2228.1536,47.6364,6191.899,['1269_0LT001'],216,1,"['3VPOAA1' '3VPOAB1' '3VPOAD1' '3VPOAA2' '3VPOAB2' '3VPOAD2' '3VPOAA3'
 '3VPOAB3' '3VPOAD3']",216,9
1269_1LT001,1438.828,53.62788,3680.9487,['1269_1LT001'],144,1,['93OVQA1' '93OVQB1' '93OVQA2' '93OVQB2' '93OVQA3' '93OVQB3'],144,6
1269_2LT001,2143.324,47.254925,5395.832,['1269_2LT001'],216,1,"['3LPOVA1' '3LPOVB1' '3LPOVC1' '3LPOVA2' '3LPOVB2' '3LPOVC2' '3LPOVA3'
 '3LPOVB3' '3LPOVC3']",216,9
1269_3LT001,540.15765,48.279907,1062.9899,['1269_3LT001'],48,1,['P39A1B1' 'P39A1B2'],48,2
1270_0LT001,1010.78235,53.24141,2272.8198,['1270_0LT001'],96,1,['19PAGB1' '19PAGD1' '19PAGB2' '19PAGD2'],96,4
1270_1LT001,2184.4873,48.905586,5108.5957,['1270_1LT001'],216,1,"['9G1ALA1' '9G1ALB1' '9G1ALD1' '9G1ALA2' '9G1ALB2' '9G1ALD2' '9G1ALA3'
 '9G1ALB3' '9G1ALD3']",216,9
1271_0LT001,450.98022,50.610516,1258.5414,['1271_0LT001'],48,1,['3G19PB1' '3G19PB2'],48,2
1271_1LT001,2339.8845,45.076607,5706.501,['1271_1LT001'],216,1,"['LPA3GA1' 'LPA3GB1' 'LPA3GD1' 'LPA3GA2' 'LPA3GB2' 'LPA3GD2' 'LPA3GA3'
 'LPA3GB3' 'LPA3GD3']",216,9
1271_2LT001,2190.248,50.866367,5238.837,['1271_2LT001'],216,1,"['O9APLA1' 'O9APLB1' 'O9APLD1' 'O9APLA2' 'O9APLB2' 'O9APLD2' 'O9APLA3'
 'O9APLB3' 'O9APLD3']",216,9
1271_3LT001,2248.295,45.573006,5309.4443,['1271_3LT001'],216,1,"['GO1LQA1' 'GO1LQB1' 'GO1LQD1' 'GO1LQA2' 'GO1LQB2' 'GO1LQD2' 'GO1LQA3'
 'GO1LQB3' 'GO1LQD3']",216,9
1272_0LT001,472.94858,47.43881,1054.1914,['1272_0LT001'],48,1,['POVL9B1' 'POVL9B2'],48,2
1272_1LT001,2179.9001,51.342648,5208.204,['1272_1LT001'],216,1,"['POVL3A1' 'POVL3B1' 'POVL3D1' 'POVL3A2' 'POVL3B2' 'POVL3D2' 'POVL3A3'
 'POVL3B3' 'POVL3D3']",216,9
1272_2LT001,2236.4578,53.798016,5254.488,['1272_2LT001'],216,1,"['AO31PA1' 'AO31PB1' 'AO31PC1' 'AO31PA2' 'AO31PB2' 'AO31PC2' 'AO31PA3'
 'AO31PB3' 'AO31PC3']",216,9
1273_0LT001,2200.976,49.218143,5402.9746,['1273_0LT001'],216,1,"['V19QOA1' 'V19QOB1' 'V19QOC1' 'V19QOA2' 'V19QOB2' 'V19QOC2' 'V19QOA3'
 'V19QOB3' 'V19QOC3']",216,9
1273_1LT001,2131.4307,50.562992,5385.106,['1273_1LT001'],216,1,"['1QAV9A1' '1QAV9B1' '1QAV9D1' '1QAV9A2' '1QAV9B2' '1QAV9D2' '1QAV9A3'
 '1QAV9B3' '1QAV9D3']",216,9
1274_0LT001,1213.1433,47.53396,2858.937,['1274_0LT001'],120,1,['3LGQ1B1' '3LGQ1B2' '3LGQ1B3' '3LGQ1B4' '3LGQ1B5'],120,5
1274_1LT001,2255.855,49.18159,5853.37,['1274_1LT001'],216,1,"['O9G13A1' 'O9G13B1' 'O9G13D1' 'O9G13A2' 'O9G13B2' 'O9G13D2' 'O9G13A3'
 'O9G13B3' 'O9G13D3']",216,9
1274_2LT001,2178.0457,51.217545,4819.3486,['1274_2LT001'],216,1,"['G1Q39A1' 'G1Q39B1' 'G1Q39C1' 'G1Q39A2' 'G1Q39B2' 'G1Q39C2' 'G1Q39A3'
 'G1Q39B3' 'G1Q39C3']",216,9
1275_0LT001,933.6392,50.978863,2195.5781,['1275_0LT001'],96,1,['G9V1AB1' 'G9V1AD1' 'G9V1AB2' 'G9V1AD2'],96,4
1275_1LT001,2145.9033,50.39947,5288.03,['1275_1LT001'],216,1,"['9VG3AA1' '9VG3AB1' '9VG3AD1' '9VG3AA2' '9VG3AB2' '9VG3AD2' '9VG3AA3'
 '9VG3AB3' '9VG3AD3']",216,9
1275_2LT001,479.09015,48.848557,1225.6016,['1275_2LT001'],48,1,['GQP1OB1' 'GQP1OB2'],48,2
1275_3LT001,2185.8323,51.286297,5510.439,['1275_3LT001'],216,1,"['GPOLVA1' 'GPOLVB1' 'GPOLVD1' 'GPOLVA2' 'GPOLVB2' 'GPOLVD2' 'GPOLVA3'
 'GPOLVB3' 'GPOLVD3']",216,9
1275_4LT001,1984.18,47.683537,5704.424,['1275_4LT001'],216,1,"['PA13VA1' 'PA13VB1' 'PA13VD1' 'PA13VA2' 'PA13VB2' 'PA13VD2' 'PA13VA3'
 'PA13VB3' 'PA13VD3']",216,9
1275_5LT001,1025.0215,51.865055,2359.5134,['1275_5LT001'],96,1,['A391OB1' 'A391OD1' 'A391OB2' 'A391OD2'],96,4
1275_6LT001,2158.1392,53.868744,5905.153,['1275_6LT001'],216,1,"['3GVLAA1' '3GVLAB1' '3GVLAD1' '3GVLAA2' '3GVLAB2' '3GVLAD2' '3GVLAA3'
 '3GVLAB3' '3GVLAD3']",216,9
1275_7LT001,1475.7969,50.745358,3383.6853,['1275_7LT001'],144,1,['A93PGA1' 'A93PGB1' 'A93PGA2' 'A93PGB2' 'A93PGA3' 'A93PGB3'],144,6
1276_0LT001,2189.8462,53.618874,5133.8794,['1276_0LT001'],216,1,"['9Q1GVA1' '9Q1GVB1' '9Q1GVD1' '9Q1GVA2' '9Q1GVB2' '9Q1GVD2' '9Q1GVA3'
 '9Q1GVB3' '9Q1GVD3']",216,9
1276_1LT001,912.1696,48.9344,2241.5054,['1276_1LT001'],96,1,['9PGVAB1' '9PGVAD1' '9PGVAB2' '9PGVAD2'],96,4
1276_2LT001,1350.1919,49.156967,3562.8206,['1276_2LT001'],144,1,['PVOQLA1' 'PVOQLB1' 'PVOQLA2' 'PVOQLB2' 'PVOQLA3' 'PVOQLB3'],144,6
1276_3LT001,489.13055,51.94878,1107.4329,['1276_3LT001'],48,1,['VQP1LB1' 'VQP1LB2'],48,2
1276_4LT001,1015.3354,53.16283,2590.86,['1276_4LT001'],96,1,['GOPLVB1' 'GOPLVD1' 'GOPLVB2' 'GOPLVD2'],96,4
1276_5LT001,454.61032,52.92595,1200.3994,['1276_5LT001'],48,1,['AVQL9B1' 'AVQL9B2'],48,2
1276_6LT001,2248.538,52.42229,5440.354,['1276_6LT001'],216,1,"['QVAL9A1' 'QVAL9B1' 'QVAL9D1' 'QVAL9A2' 'QVAL9B2' 'QVAL9D2' 'QVAL9A3'
 'QVAL9B3' 'QVAL9D3']",216,9
1276_7LT001,1980.0383,52.932114,5256.0366,['1276_7LT001'],216,1,"['1OGLQA1' '1OGLQB1' '1OGLQD1' '1OGLQA2' '1OGLQB2' '1OGLQD2' '1OGLQA3'
 '1OGLQB3' '1OGLQD3']",216,9
1276_8LT001,2202.4028,50.056576,5324.947,['1276_8LT001'],216,1,"['GP1L3A1' 'GP1L3B1' 'GP1L3D1' 'GP1L3A2' 'GP1L3B2' 'GP1L3D2' 'GP1L3A3'
 'GP1L3B3' 'GP1L3D3']",216,9
1277_0LT001,2000.5093,51.577457,5348.245,['1277_0LT001'],216,1,"['AOVQLA1' 'AOVQLB1' 'AOVQLC1' 'AOVQLA2' 'AOVQLB2' 'AOVQLC2' 'AOVQLA3'
 'AOVQLB3' 'AOVQLC3']",216,9
1277_1LT001,1445.6063,47.187805,3707.9524,['1277_1LT001'],144,1,['PAL1VA1' 'PAL1VB1' 'PAL1VA2' 'PAL1VB2' 'PAL1VA3' 'PAL1VB3'],144,6
1277_2LT001,877.7509,50.226055,2396.3389,['1277_2LT001'],96,1,['LO31AB1' 'LO31AD1' 'LO31AB2' 'LO31AD2'],96,4
1277_3LT001,1588.407,49.779522,3510.3801,['1277_3LT001'],144,1,['9LOPVA1' '9LOPVB1' '9LOPVA2' '9LOPVB2' '9LOPVA3' '9LOPVB3'],144,6
1277_4LT001,2255.317,50.843388,4920.5347,['1277_4LT001'],216,1,"['1OV3AA1' '1OV3AB1' '1OV3AD1' '1OV3AA2' '1OV3AB2' '1OV3AD2' '1OV3AA3'
 '1OV3AB3' '1OV3AD3']",216,9
1277_5LT001,2128.683,50.605373,5321.6074,['1277_5LT001'],216,1,"['1VLOGA1' '1VLOGB1' '1VLOGD1' '1VLOGA2' '1VLOGB2' '1VLOGD2' '1VLOGA3'
 '1VLOGB3' '1VLOGD3']",216,9
1277_6LT001,2214.098,53.87203,5130.495,['1277_6LT001'],216,1,"['LAGO9A1' 'LAGO9B1' 'LAGO9D1' 'LAGO9A2' 'LAGO9B2' 'LAGO9D2' 'LAGO9A3'
 'LAGO9B3' 'LAGO9D3']",216,9
1277_7LT001,2016.7573,50.54026,5296.4805,['1277_7LT001'],216,1,"['GV3P1A1' 'GV3P1B1' 'GV3P1D1' 'GV3P1A2' 'GV3P1B2' 'GV3P1D2' 'GV3P1A3'
 'GV3P1B3' 'GV3P1D3']",216,9
1277_8LT001,2257.2715,50.249508,5493.2837,['1277_8LT001'],216,1,"['V931LA1' 'V931LB1' 'V931LD1' 'V931LA2' 'V931LB2' 'V931LD2' 'V931LA3'
 'V931LB3' 'V931LD3']",216,9
1277_9LT001,1449.534,53.0941,3501.3372,['1277_9LT001'],144,1,['LAVO1A1' 'LAVO1B1' 'LAVO1A2' 'LAVO1B2' 'LAVO1A3' 'LAVO1B3'],144,6
1278_0LT001,1016.131,52.04604,2052.7988,['1278_0LT001'],96,1,['GVLOQB1' 'GVLOQD1' 'GVLOQB2' 'GVLOQD2'],96,4
1278_1LT001,2044.7733,50.26083,5449.0977,['1278_1LT001'],216,1,"['3OQG9A1' '3OQG9B1' '3OQG9C1' '3OQG9A2' '3OQG9B2' '3OQG9C2' '3OQG9A3'
 '3OQG9B3' '3OQG9C3']",216,9
1278_2LT001,906.9775,50.367752,2255.7334,['1278_2LT001'],96,1,['Q1VGLB1' 'Q1VGLD1' 'Q1VGLB2' 'Q1VGLD2'],96,4
1278_3LT001,2185.7495,52.854702,5402.4976,['1278_3LT001'],216,1,"['VPAOQA1' 'VPAOQB1' 'VPAOQC1' 'VPAOQA2' 'VPAOQB2' 'VPAOQC2' 'VPAOQA3'
 'VPAOQB3' 'VPAOQC3']",216,9
1278_4LT001,487.05743,41.890114,1346.916,['1278_4LT001'],48,1,['1AOQPB1' '1AOQPB2'],48,2
1278_5LT001,897.7231,50.45464,2298.6587,['1278_5LT001'],96,1,['1P3LOB1' '1P3LOD1' '1P3LOB2' '1P3LOD2'],96,4
1278_6LT001,2038.8588,50.289413,5246.4385,['1278_6LT001'],216,1,"['LQ9VAA1' 'LQ9VAB1' 'LQ9VAD1' 'LQ9VAA2' 'LQ9VAB2' 'LQ9VAD2' 'LQ9VAA3'
 'LQ9VAB3' 'LQ9VAD3']",216,9
1278_7LT001,475.68082,48.36249,1229.4459,['1278_7LT001'],48,1,['AV9O3B1' 'AV9O3B2'],48,2
1279_0LT001,2132.3992,50.888157,5607.7427,['1279_0LT001'],216,1,"['GPQ31A1' 'GPQ31B1' 'GPQ31D1' 'GPQ31A2' 'GPQ31B2' 'GPQ31D2' 'GPQ31A3'
 'GPQ31B3' 'GPQ31D3']",216,9
1279_1LT001,2269.233,52.565014,5332.3687,['1279_1LT001'],216,1,"['OLV9AA1' 'OLV9AB1' 'OLV9AC1' 'OLV9AA2' 'OLV9AB2' 'OLV9AC2' 'OLV9AA3'
 'OLV9AB3' 'OLV9AC3']",216,9
1279_2LT001,2085.3582,47.88623,5709.016,['1279_2LT001'],216,1,"['1PLGQA1' '1PLGQB1' '1PLGQD1' '1PLGQA2' '1PLGQB2' '1PLGQD2' '1PLGQA3'
 '1PLGQB3' '1PLGQD3']",216,9
1279_3LT001,532.3091,41.575222,1228.8008,['1279_3LT001'],48,1,['39VOQB1' '39VOQB2'],48,2
1279_4LT001,2098.6064,50.454273,5370.564,['1279_4LT001'],216,1,"['39OQLA1' '39OQLB1' '39OQLC1' '39OQLA2' '39OQLB2' '39OQLC2' '39OQLA3'
 '39OQLB3' '39OQLC3']",216,9
1279_5LT001,988.5729,43.728745,2475.799,['1279_5LT001'],96,1,['Q19GPB1' 'Q19GPD1' 'Q19GPB2' 'Q19GPD2'],96,4
1279_6LT001,2125.5127,49.3274,5251.3574,['1279_6LT001'],216,1,"['PQALGA1' 'PQALGB1' 'PQALGC1' 'PQALGA2' 'PQALGB2' 'PQALGC2' 'PQALGA3'
 'PQALGB3' 'PQALGC3']",216,9
1279_7LT001,2110.418,49.21914,5520.5,['1279_7LT001'],216,1,"['PQAVGA1' 'PQAVGB1' 'PQAVGD1' 'PQAVGA2' 'PQAVGB2' 'PQAVGD2' 'PQAVGA3'
 'PQAVGB3' 'PQAVGD3']",216,9
1279_8LT001,1527.07,55.012173,3820.5688,['1279_8LT001'],144,1,['O91LQA1' 'O91LQB1' 'O91LQA2' 'O91LQB2' 'O91LQA3' 'O91LQB3'],144,6
1280_0LT001,1001.1632,50.435013,2170.1826,['1280_0LT001'],96,1,['OAQP1B1' 'OAQP1D1' 'OAQP1B2' 'OAQP1D2'],96,4
1280_1LT001,991.81226,52.94371,2402.725,['1280_1LT001'],96,1,['O9Q1PB1' 'O9Q1PD1' 'O9Q1PB2' 'O9Q1PD2'],96,4
1280_2LT001,2293.1643,50.215366,5486.8574,['1280_2LT001'],216,1,"['V9LP1A1' 'V9LP1B1' 'V9LP1D1' 'V9LP1A2' 'V9LP1B2' 'V9LP1D2' 'V9LP1A3'
 'V9LP1B3' 'V9LP1D3']",216,9
1280_3LT001,2175.013,50.31346,5581.2856,['1280_3LT001'],216,1,"['APO19A1' 'APO19B1' 'APO19D1' 'APO19A2' 'APO19B2' 'APO19D2' 'APO19A3'
 'APO19B3' 'APO19D3']",216,9
1280_4LT001,491.18488,43.636288,1213.1647,['1280_4LT001'],48,1,['AOG9PB1' 'AOG9PB2'],48,2
1280_5LT001,1002.383,51.153385,2424.365,['1280_5LT001'],96,1,['VGA93B1' 'VGA93D1' 'VGA93B2' 'VGA93D2'],96,4
1280_6LT001,2226.5862,49.634663,5121.5044,['1280_6LT001'],216,1,"['AOLP1A1' 'AOLP1B1' 'AOLP1C1' 'AOLP1A2' 'AOLP1B2' 'AOLP1C2' 'AOLP1A3'
 'AOLP1B3' 'AOLP1C3']",216,9
1280_7LT001,2120.456,51.39601,5921.195,['1280_7LT001'],216,1,"['GL1AQA1' 'GL1AQB1' 'GL1AQD1' 'GL1AQA2' 'GL1AQB2' 'GL1AQD2' 'GL1AQA3'
 'GL1AQB3' 'GL1AQD3']",216,9
1280_8LT001,1446.6852,50.936558,3720.5437,['1280_8LT001'],144,1,['1AOGQA1' '1AOGQB1' '1AOGQA2' '1AOGQB2' '1AOGQA3' '1AOGQB3'],144,6
1281_0LT001,2301.0767,50.209164,5309.69,['1281_0LT001'],216,1,"['3VLOGA1' '3VLOGB1' '3VLOGD1' '3VLOGA2' '3VLOGB2' '3VLOGD2' '3VLOGA3'
 '3VLOGB3' '3VLOGD3']",216,9
1281_1LT001,1403.1095,47.674747,3828.2288,['1281_1LT001'],144,1,['QOG3PA1' 'QOG3PB1' 'QOG3PA2' 'QOG3PB2' 'QOG3PA3' 'QOG3PB3'],144,6
1281_2LT001,2480.5796,48.560143,6024.3213,['1281_2LT001'],240,1,"['O3G9QB1' 'O3G9QC1' 'O3G9QB2' 'O3G9QC2' 'O3G9QB3' 'O3G9QC3' 'O3G9QB4'
 'O3G9QC4' 'O3G9QB5' 'O3G9QC5']",240,10
1281_3LT001,2132.1663,49.258476,5361.728,['1281_3LT001'],216,1,"['1G9Q3A1' '1G9Q3B1' '1G9Q3D1' '1G9Q3A2' '1G9Q3B2' '1G9Q3D2' '1G9Q3A3'
 '1G9Q3B3' '1G9Q3D3']",216,9
1281_4LT001,441.0596,53.291683,1037.2633,['1281_4LT001'],48,1,['A9PLGB1' 'A9PLGB2'],48,2
1281_5LT001,2198.2073,50.73497,5511.347,['1281_5LT001'],216,1,"['A1PQLA1' 'A1PQLB1' 'A1PQLD1' 'A1PQLA2' 'A1PQLB2' 'A1PQLD2' 'A1PQLA3'
 'A1PQLB3' 'A1PQLD3']",216,9
1281_6LT001,2233.3064,50.137882,5587.148,['1281_6LT001'],216,1,"['OLQP9A1' 'OLQP9B1' 'OLQP9C1' 'OLQP9A2' 'OLQP9B2' 'OLQP9C2' 'OLQP9A3'
 'OLQP9B3' 'OLQP9C3']",216,9
1281_7LT001,461.2857,53.19168,1136.6367,['1281_7LT001'],48,1,['G31APB1' 'G31APB2'],48,2
1281_8LT001,2064.7256,49.37989,5686.051,['1281_8LT001'],216,1,"['QAGLVA1' 'QAGLVB1' 'QAGLVC1' 'QAGLVA2' 'QAGLVB2' 'QAGLVC2' 'QAGLVA3'
 'QAGLVB3' 'QAGLVC3']",216,9
1281_9LT001,2208.7544,48.93297,5525.1274,['1281_9LT001'],216,1,"['9QAVLA1' '9QAVLB1' '9QAVLC1' '9QAVLA2' '9QAVLB2' '9QAVLC2' '9QAVLA3'
 '9QAVLB3' '9QAVLC3']",216,9
1282_0LT001,1391.7366,50.48881,3727.738,['1282_0LT001'],144,1,['Q39VPA1' 'Q39VPB1' 'Q39VPA2' 'Q39VPB2' 'Q39VPA3' 'Q39VPB3'],144,6
1282_1LT001,969.67126,48.329544,2392.4336,['1282_1LT001'],96,1,['1AVOLB1' '1AVOLD1' '1AVOLB2' '1AVOLD2'],96,4
1282_2LT001,482.3337,45.66962,1123.3992,['1282_2LT001'],48,1,['LVOP9B1' 'LVOP9B2'],48,2
1282_3LT001,913.18384,50.842304,2490.2412,['1282_3LT001'],96,1,['PLG1QB1' 'PLG1QD1' 'PLG1QB2' 'PLG1QD2'],96,4
1282_4LT001,2248.3596,49.440548,5231.568,['1282_4LT001'],216,1,"['OGPAVA1' 'OGPAVB1' 'OGPAVD1' 'OGPAVA2' 'OGPAVB2' 'OGPAVD2' 'OGPAVA3'
 'OGPAVB3' 'OGPAVD3']",216,9
1282_5LT001,1022.91815,44.643444,2675.8518,['1282_5LT001'],96,1,['3G91LB1' '3G91LD1' '3G91LB2' '3G91LD2'],96,4
1282_6LT001,2141.5112,47.84748,5195.195,['1282_6LT001'],216,1,"['LP9O3A1' 'LP9O3B1' 'LP9O3C1' 'LP9O3A2' 'LP9O3B2' 'LP9O3C2' 'LP9O3A3'
 'LP9O3B3' 'LP9O3C3']",216,9
1282_7LT001,456.04694,49.442036,1192.3876,['1282_7LT001'],48,1,['G1PV3B1' 'G1PV3B2'],48,2
1282_8LT001,927.4845,49.907932,2374.047,['1282_8LT001'],96,1,['OVLGAB1' 'OVLGAD1' 'OVLGAB2' 'OVLGAD2'],96,4
1283_0LT001,954.355,45.755512,2611.4692,['1283_0LT001'],96,1,['1LPOQB1' '1LPOQD1' '1LPOQB2' '1LPOQD2'],96,4
1283_1LT001,1027.7014,54.30162,2376.7769,['1283_1LT001'],96,1,['1GO9VB1' '1GO9VD1' '1GO9VB2' '1GO9VD2'],96,4
1283_2LT001,2152.9773,48.240974,5573.609,['1283_2LT001'],216,1,"['V1P9QA1' 'V1P9QB1' 'V1P9QD1' 'V1P9QA2' 'V1P9QB2' 'V1P9QD2' 'V1P9QA3'
 'V1P9QB3' 'V1P9QD3']",216,9
1283_3LT001,2087.252,52.374115,5278.4253,['1283_3LT001'],216,1,"['LP3OAA1' 'LP3OAB1' 'LP3OAC1' 'LP3OAA2' 'LP3OAB2' 'LP3OAC2' 'LP3OAA3'
 'LP3OAB3' 'LP3OAC3']",216,9
1283_4LT001,2154.4673,53.912827,5455.0522,['1283_4LT001'],216,1,"['QPOG9A1' 'QPOG9B1' 'QPOG9D1' 'QPOG9A2' 'QPOG9B2' 'QPOG9D2' 'QPOG9A3'
 'QPOG9B3' 'QPOG9D3']",216,9
1283_5LT001,433.19568,47.027378,1266.2092,['1283_5LT001'],48,1,['OQVPAB1' 'OQVPAB2'],48,2
1283_6LT001,2279.1326,49.213665,5294.6,['1283_6LT001'],216,1,"['1OQPGA1' '1OQPGB1' '1OQPGD1' '1OQPGA2' '1OQPGB2' '1OQPGD2' '1OQPGA3'
 '1OQPGB3' '1OQPGD3']",216,9
1283_7LT001,2225.8123,50.162727,5028.48,['1283_7LT001'],216,1,"['OAP1GA1' 'OAP1GB1' 'OAP1GD1' 'OAP1GA2' 'OAP1GB2' 'OAP1GD2' 'OAP1GA3'
 'OAP1GB3' 'OAP1GD3']",216,9
1283_8LT001,2099.8958,49.602345,5196.2417,['1283_8LT001'],216,1,"['APLQ3A1' 'APLQ3B1' 'APLQ3C1' 'APLQ3A2' 'APLQ3B2' 'APLQ3C2' 'APLQ3A3'
 'APLQ3B3' 'APLQ3C3']",216,9
1283_9LT001,2267.6199,49.487213,4812.6006,['1283_9LT001'],216,1,"['LPAQOA1' 'LPAQOB1' 'LPAQOC1' 'LPAQOA2' 'LPAQOB2' 'LPAQOC2' 'LPAQOA3'
 'LPAQOB3' 'LPAQOC3']",216,9
1284_0LT001,2161.1655,50.1114,5119.844,['1284_0LT001'],216,1,"['PG9QVA1' 'PG9QVB1' 'PG9QVD1' 'PG9QVA2' 'PG9QVB2' 'PG9QVD2' 'PG9QVA3'
 'PG9QVB3' 'PG9QVD3']",216,9
1284_1LT001,2087.9736,50.73274,5656.0386,['1284_1LT001'],216,1,"['3VQPGA1' '3VQPGB1' '3VQPGC1' '3VQPGA2' '3VQPGB2' '3VQPGC2' '3VQPGA3'
 '3VQPGB3' '3VQPGC3']",216,9
1284_2LT001,1364.7129,50.919807,3891.2236,['1284_2LT001'],144,1,['Q3AOGA1' 'Q3AOGB1' 'Q3AOGA2' 'Q3AOGB2' 'Q3AOGA3' 'Q3AOGB3'],144,6
1284_3LT001,2081.9385,49.3074,5498.6035,['1284_3LT001'],216,1,"['AL3O9A1' 'AL3O9B1' 'AL3O9C1' 'AL3O9A2' 'AL3O9B2' 'AL3O9C2' 'AL3O9A3'
 'AL3O9B3' 'AL3O9C3']",216,9
1284_4LT001,2297.9724,46.83591,5000.457,['1284_4LT001'],216,1,"['PGAQ1A1' 'PGAQ1B1' 'PGAQ1D1' 'PGAQ1A2' 'PGAQ1B2' 'PGAQ1D2' 'PGAQ1A3'
 'PGAQ1B3' 'PGAQ1D3']",216,9
1284_5LT001,1037.254,48.378204,2357.5144,['1284_5LT001'],96,1,['9GVO1B1' '9GVO1D1' '9GVO1B2' '9GVO1D2'],96,4
1284_6LT001,2137.374,52.710484,5479.9985,['1284_6LT001'],216,1,"['1LPG3A1' '1LPG3B1' '1LPG3D1' '1LPG3A2' '1LPG3B2' '1LPG3D2' '1LPG3A3'
 '1LPG3B3' '1LPG3D3']",216,9
1284_7LT001,2265.7585,52.33112,5540.732,['1284_7LT001'],216,1,"['9G3AVA1' '9G3AVB1' '9G3AVC1' '9G3AVA2' '9G3AVB2' '9G3AVC2' '9G3AVA3'
 '9G3AVB3' '9G3AVC3']",216,9
1284_8LT001,2325.749,51.40967,5952.476,['1284_8LT001'],240,1,"['GQLV1B1' 'GQLV1C1' 'GQLV1B2' 'GQLV1C2' 'GQLV1B3' 'GQLV1C3' 'GQLV1B4'
 'GQLV1C4' 'GQLV1B5' 'GQLV1C5']",240,10
1285_0LT001,848.1,49.634724,2302.958,['1285_0LT001'],96,1,['LV9GAB1' 'LV9GAD1' 'LV9GAB2' 'LV9GAD2'],96,4
1285_1LT001,958.52106,51.915592,2393.0747,['1285_1LT001'],96,1,['9PLVGB1' '9PLVGD1' '9PLVGB2' '9PLVGD2'],96,4
1285_2LT001,1208.2246,50.14833,3083.938,['1285_2LT001'],120,1,['AOQ3LB1' 'AOQ3LB2' 'AOQ3LB3' 'AOQ3LB4' 'AOQ3LB5'],120,5
1285_3LT001,503.02646,46.177914,1102.4742,['1285_3LT001'],48,1,['OQV13B1' 'OQV13B2'],48,2
1285_4LT001,2134.1719,50.602543,5695.4326,['1285_4LT001'],216,1,"['OGV1LA1' 'OGV1LB1' 'OGV1LD1' 'OGV1LA2' 'OGV1LB2' 'OGV1LD2' 'OGV1LA3'
 'OGV1LB3' 'OGV1LD3']",216,9
1285_5LT001,2086.8718,48.176144,5383.447,['1285_5LT001'],216,1,"['AQ93VA1' 'AQ93VB1' 'AQ93VC1' 'AQ93VA2' 'AQ93VB2' 'AQ93VC2' 'AQ93VA3'
 'AQ93VB3' 'AQ93VC3']",216,9
1285_6LT001,878.36066,48.33733,2319.3064,['1285_6LT001'],96,1,['19OAGB1' '19OAGD1' '19OAGB2' '19OAGD2'],96,4
1285_7LT001,2179.5002,49.301834,5614.687,['1285_7LT001'],216,1,"['31GVQA1' '31GVQB1' '31GVQC1' '31GVQA2' '31GVQB2' '31GVQC2' '31GVQA3'
 '31GVQB3' '31GVQC3']",216,9
1285_8LT001,2248.881,47.19349,5491.8896,['1285_8LT001'],216,1,"['GAOQ9A1' 'GAOQ9B1' 'GAOQ9C1' 'GAOQ9A2' 'GAOQ9B2' 'GAOQ9C2' 'GAOQ9A3'
 'GAOQ9B3' 'GAOQ9C3']",216,9
1286_0LT001,917.8979,53.210266,2398.1445,['1286_0LT001'],96,1,['QAOG3B1' 'QAOG3D1' 'QAOG3B2' 'QAOG3D2'],96,4
1286_1LT001,2002.9976,48.013767,5472.3633,['1286_1LT001'],216,1,"['9A3PLA1' '9A3PLB1' '9A3PLD1' '9A3PLA2' '9A3PLB2' '9A3PLD2' '9A3PLA3'
 '9A3PLB3' '9A3PLD3']",216,9
1286_2LT001,525.2193,55.76205,1309.5573,['1286_2LT001'],48,1,['P139QB1' 'P139QB2'],48,2
1286_3LT001,2173.2559,50.63354,5187.535,['1286_3LT001'],216,1,"['GA1QPA1' 'GA1QPB1' 'GA1QPC1' 'GA1QPA2' 'GA1QPB2' 'GA1QPC2' 'GA1QPA3'
 'GA1QPB3' 'GA1QPC3']",216,9
1286_4LT001,2261.767,49.05193,5176.6333,['1286_4LT001'],216,1,"['OV1Q9A1' 'OV1Q9B1' 'OV1Q9D1' 'OV1Q9A2' 'OV1Q9B2' 'OV1Q9D2' 'OV1Q9A3'
 'OV1Q9B3' 'OV1Q9D3']",216,9
1286_5LT001,523.65106,48.708004,991.4463,['1286_5LT001'],48,1,['P9AL3B1' 'P9AL3B2'],48,2
1286_6LT001,2067.9023,52.138218,5249.094,['1286_6LT001'],216,1,"['VG19QA1' 'VG19QB1' 'VG19QD1' 'VG19QA2' 'VG19QB2' 'VG19QD2' 'VG19QA3'
 'VG19QB3' 'VG19QD3']",216,9
1286_7LT001,2051.6536,53.254425,5726.8887,['1286_7LT001'],216,1,"['GLAVPA1' 'GLAVPB1' 'GLAVPD1' 'GLAVPA2' 'GLAVPB2' 'GLAVPD2' 'GLAVPA3'
 'GLAVPB3' 'GLAVPD3']",216,9
1286_8LT001,2132.5781,52.158024,5092.601,['1286_8LT001'],216,1,"['POVQ3A1' 'POVQ3B1' 'POVQ3D1' 'POVQ3A2' 'POVQ3B2' 'POVQ3D2' 'POVQ3A3'
 'POVQ3B3' 'POVQ3D3']",216,9
1286_9LT001,2117.0044,51.526726,5651.033,['1286_9LT001'],216,1,"['G9LO3A1' 'G9LO3B1' 'G9LO3D1' 'G9LO3A2' 'G9LO3B2' 'G9LO3D2' 'G9LO3A3'
 'G9LO3B3' 'G9LO3D3']",216,9
1287_0LT001,2057.086,50.027824,5306.426,['1287_0LT001'],216,1,"['V9P3QA1' 'V9P3QB1' 'V9P3QC1' 'V9P3QA2' 'V9P3QB2' 'V9P3QC2' 'V9P3QA3'
 'V9P3QB3' 'V9P3QC3']",216,9
1287_1LT001,2030.4702,50.58735,5597.157,['1287_1LT001'],216,1,"['AGO9VA1' 'AGO9VB1' 'AGO9VD1' 'AGO9VA2' 'AGO9VB2' 'AGO9VD2' 'AGO9VA3'
 'AGO9VB3' 'AGO9VD3']",216,9
1287_2LT001,2305.8618,51.522884,5510.339,['1287_2LT001'],216,1,"['31OQPA1' '31OQPB1' '31OQPC1' '31OQPA2' '31OQPB2' '31OQPC2' '31OQPA3'
 '31OQPB3' '31OQPC3']",216,9
1287_3LT001,511.52957,52.26111,1179.5421,['1287_3LT001'],48,1,['Q91LOB1' 'Q91LOB2'],48,2
1287_4LT001,2205.1191,50.23725,4994.3735,['1287_4LT001'],216,1,"['3GLQAA1' '3GLQAB1' '3GLQAC1' '3GLQAA2' '3GLQAB2' '3GLQAC2' '3GLQAA3'
 '3GLQAB3' '3GLQAC3']",216,9
1287_5LT001,2114.05,50.064045,5297.582,['1287_5LT001'],216,1,"['VOQ9PA1' 'VOQ9PB1' 'VOQ9PD1' 'VOQ9PA2' 'VOQ9PB2' 'VOQ9PD2' 'VOQ9PA3'
 'VOQ9PB3' 'VOQ9PD3']",216,9
1287_6LT001,527.4661,52.281876,1278.9921,['1287_6LT001'],48,1,['O9AV3B1' 'O9AV3B2'],48,2
1287_7LT001,2195.5476,53.718235,5086.558,['1287_7LT001'],216,1,"['3GP9LA1' '3GP9LB1' '3GP9LD1' '3GP9LA2' '3GP9LB2' '3GP9LD2' '3GP9LA3'
 '3GP9LB3' '3GP9LD3']",216,9
1288_0LT001,2149.0647,48.141796,5278.063,['1288_0LT001'],216,1,"['QPL3OA1' 'QPL3OB1' 'QPL3OC1' 'QPL3OA2' 'QPL3OB2' 'QPL3OC2' 'QPL3OA3'
 'QPL3OB3' 'QPL3OC3']",216,9
1288_1LT001,2142.092,46.363964,5548.6123,['1288_1LT001'],216,1,"['9GVO3A1' '9GVO3B1' '9GVO3C1' '9GVO3A2' '9GVO3B2' '9GVO3C2' '9GVO3A3'
 '9GVO3B3' '9GVO3C3']",216,9
1288_2LT001,2107.2732,50.22244,5795.48,['1288_2LT001'],216,1,"['O93PGA1' 'O93PGB1' 'O93PGD1' 'O93PGA2' 'O93PGB2' 'O93PGD2' 'O93PGA3'
 'O93PGB3' 'O93PGD3']",216,9
1288_3LT001,2120.629,50.02339,5399.84,['1288_3LT001'],216,1,"['OAQ1VA1' 'OAQ1VB1' 'OAQ1VC1' 'OAQ1VA2' 'OAQ1VB2' 'OAQ1VC2' 'OAQ1VA3'
 'OAQ1VB3' 'OAQ1VC3']",216,9
1288_4LT001,2098.4753,49.846542,5530.856,['1288_4LT001'],216,1,"['V39QGA1' 'V39QGB1' 'V39QGC1' 'V39QGA2' 'V39QGB2' 'V39QGC2' 'V39QGA3'
 'V39QGB3' 'V39QGC3']",216,9
1288_5LT001,436.90497,50.09486,1268.9362,['1288_5LT001'],48,1,['GLO39B1' 'GLO39B2'],48,2
1288_6LT001,2269.97,51.01727,5993.5874,['1288_6LT001'],240,1,"['Q3OVLB1' 'Q3OVLC1' 'Q3OVLB2' 'Q3OVLC2' 'Q3OVLB3' 'Q3OVLC3' 'Q3OVLB4'
 'Q3OVLC4' 'Q3OVLB5' 'Q3OVLC5']",240,10
1288_7LT001,2025.9495,50.801586,5491.175,['1288_7LT001'],216,1,"['31PALA1' '31PALB1' '31PALD1' '31PALA2' '31PALB2' '31PALD2' '31PALA3'
 '31PALB3' '31PALD3']",216,9
1288_8LT001,942.5776,48.822666,2406.763,['1288_8LT001'],96,1,['3O1LVB1' '3O1LVD1' '3O1LVB2' '3O1LVD2'],96,4
1289_0LT001,2191.8252,49.46231,5586.148,['1289_0LT001'],216,1,"['VA39GA1' 'VA39GB1' 'VA39GD1' 'VA39GA2' 'VA39GB2' 'VA39GD2' 'VA39GA3'
 'VA39GB3' 'VA39GD3']",216,9
1289_1LT001,2287.0107,50.246975,5585.4946,['1289_1LT001'],216,1,"['1QGAOA1' '1QGAOB1' '1QGAOD1' '1QGAOA2' '1QGAOB2' '1QGAOD2' '1QGAOA3'
 '1QGAOB3' '1QGAOD3']",216,9
1289_2LT001,1493.6995,49.248238,3564.739,['1289_2LT001'],144,1,['Q13VPA1' 'Q13VPB1' 'Q13VPA2' 'Q13VPB2' 'Q13VPA3' 'Q13VPB3'],144,6
1289_3LT001,2070.6997,51.795387,5371.8447,['1289_3LT001'],216,1,"['1GPL3A1' '1GPL3B1' '1GPL3C1' '1GPL3A2' '1GPL3B2' '1GPL3C2' '1GPL3A3'
 '1GPL3B3' '1GPL3C3']",216,9
1289_4LT001,1444.8981,48.06143,3578.9133,['1289_4LT001'],144,1,['V1L9GA1' 'V1L9GB1' 'V1L9GA2' 'V1L9GB2' 'V1L9GA3' 'V1L9GB3'],144,6
1289_5LT001,2205.7334,48.88602,5186.3306,['1289_5LT001'],216,1,"['3OPVAA1' '3OPVAB1' '3OPVAD1' '3OPVAA2' '3OPVAB2' '3OPVAD2' '3OPVAA3'
 '3OPVAB3' '3OPVAD3']",216,9
1289_6LT001,2274.862,50.331734,5371.0557,['1289_6LT001'],216,1,"['QP3OGA1' 'QP3OGB1' 'QP3OGD1' 'QP3OGA2' 'QP3OGB2' 'QP3OGD2' 'QP3OGA3'
 'QP3OGB3' 'QP3OGD3']",216,9
1289_7LT001,2152.1084,47.827904,5427.698,['1289_7LT001'],216,1,"['19A3VA1' '19A3VB1' '19A3VD1' '19A3VA2' '19A3VB2' '19A3VD2' '19A3VA3'
 '19A3VB3' '19A3VD3']",216,9
1290_0LT001,2098.3474,49.809765,5591.518,['1290_0LT001'],216,1,"['9A1OQA1' '9A1OQB1' '9A1OQD1' '9A1OQA2' '9A1OQB2' '9A1OQD2' '9A1OQA3'
 '9A1OQB3' '9A1OQD3']",216,9
1290_1LT001,2314.2542,51.31453,5202.8745,['1290_1LT001'],216,1,"['QA13PA1' 'QA13PB1' 'QA13PC1' 'QA13PA2' 'QA13PB2' 'QA13PC2' 'QA13PA3'
 'QA13PB3' 'QA13PC3']",216,9
1290_2LT001,1974.3036,47.766865,5450.894,['1290_2LT001'],216,1,"['AQ31OA1' 'AQ31OB1' 'AQ31OD1' 'AQ31OA2' 'AQ31OB2' 'AQ31OD2' 'AQ31OA3'
 'AQ31OB3' 'AQ31OD3']",216,9
1290_3LT001,2237.5725,47.385586,5357.6553,['1290_3LT001'],216,1,"['OGQL1A1' 'OGQL1B1' 'OGQL1D1' 'OGQL1A2' 'OGQL1B2' 'OGQL1D2' 'OGQL1A3'
 'OGQL1B3' 'OGQL1D3']",216,9
1290_4LT001,1559.4642,51.227676,3556.6653,['1290_4LT001'],144,1,['1GO3PA1' '1GO3PB1' '1GO3PA2' '1GO3PB2' '1GO3PA3' '1GO3PB3'],144,6
1290_5LT001,1429.9387,50.32178,3951.9568,['1290_5LT001'],144,1,['9P3L1A1' '9P3L1B1' '9P3L1A2' '9P3L1B2' '9P3L1A3' '9P3L1B3'],144,6
1290_6LT001,2191.8186,50.682037,5422.095,['1290_6LT001'],216,1,"['GAQVOA1' 'GAQVOB1' 'GAQVOC1' 'GAQVOA2' 'GAQVOB2' 'GAQVOC2' 'GAQVOA3'
 'GAQVOB3' 'GAQVOC3']",216,9
1290_7LT001,2248.096,46.568264,5317.104,['1290_7LT001'],216,1,"['3OGAVA1' '3OGAVB1' '3OGAVD1' '3OGAVA2' '3OGAVB2' '3OGAVD2' '3OGAVA3'
 '3OGAVB3' '3OGAVD3']",216,9
1291_0LT001,2241.9866,50.697735,5785.4863,['1291_0LT001'],216,1,"['AO3QLA1' 'AO3QLB1' 'AO3QLD1' 'AO3QLA2' 'AO3QLB2' 'AO3QLD2' 'AO3QLA3'
 'AO3QLB3' 'AO3QLD3']",216,9
1291_1LT001,2232.23,46.875347,5484.8843,['1291_1LT001'],216,1,"['9Q3GPA1' '9Q3GPB1' '9Q3GPC1' '9Q3GPA2' '9Q3GPB2' '9Q3GPC2' '9Q3GPA3'
 '9Q3GPB3' '9Q3GPC3']",216,9
1291_2LT001,2171.306,51.87112,5358.73,['1291_2LT001'],216,1,"['9PALVA1' '9PALVB1' '9PALVD1' '9PALVA2' '9PALVB2' '9PALVD2' '9PALVA3'
 '9PALVB3' '9PALVD3']",216,9
1291_3LT001,951.8425,49.084686,2508.7817,['1291_3LT001'],96,1,['GLPQOB1' 'GLPQOD1' 'GLPQOB2' 'GLPQOD2'],96,4
1291_4LT001,1509.3337,49.920414,3545.6394,['1291_4LT001'],144,1,['QVA19A1' 'QVA19B1' 'QVA19A2' 'QVA19B2' 'QVA19A3' 'QVA19B3'],144,6
1291_5LT001,1518.5743,56.31856,3778.3184,['1291_5LT001'],144,1,['OL3AVA1' 'OL3AVB1' 'OL3AVA2' 'OL3AVB2' 'OL3AVA3' 'OL3AVB3'],144,6
1291_6LT001,2040.7222,50.39538,5529.663,['1291_6LT001'],216,1,"['QV19OA1' 'QV19OB1' 'QV19OC1' 'QV19OA2' 'QV19OB2' 'QV19OC2' 'QV19OA3'
 'QV19OB3' 'QV19OC3']",216,9
1291_7LT001,413.17404,43.014973,1326.86,['1291_7LT001'],48,1,['GQ9AVB1' 'GQ9AVB2'],48,2
1291_8LT001,472.25714,44.58958,1185.9945,['1291_8LT001'],48,1,['LPGV1B1' 'LPGV1B2'],48,2
1292_0LT001,917.118,52.393337,2351.2832,['1292_0LT001'],96,1,['Q1GVPB1' 'Q1GVPD1' 'Q1GVPB2' 'Q1GVPD2'],96,4
1292_1LT001,2077.9607,50.058098,5353.9883,['1292_1LT001'],216,1,"['1O3QLA1' '1O3QLB1' '1O3QLD1' '1O3QLA2' '1O3QLB2' '1O3QLD2' '1O3QLA3'
 '1O3QLB3' '1O3QLD3']",216,9
1292_2LT001,2274.327,50.00705,5709.889,['1292_2LT001'],216,1,"['1AGQVA1' '1AGQVB1' '1AGQVD1' '1AGQVA2' '1AGQVB2' '1AGQVD2' '1AGQVA3'
 '1AGQVB3' '1AGQVD3']",216,9
1293_0LT001,979.8883,49.528625,2512.598,['1293_0LT001'],96,1,['QVAL1B1' 'QVAL1D1' 'QVAL1B2' 'QVAL1D2'],96,4
1293_1LT001,2235.5945,51.66888,5185.824,['1293_1LT001'],216,1,"['QL1VPA1' 'QL1VPB1' 'QL1VPD1' 'QL1VPA2' 'QL1VPB2' 'QL1VPD2' 'QL1VPA3'
 'QL1VPB3' 'QL1VPD3']",216,9
1293_2LT001,2178.1917,52.68585,5658.667,['1293_2LT001'],216,1,"['1GO93A1' '1GO93B1' '1GO93D1' '1GO93A2' '1GO93B2' '1GO93D2' '1GO93A3'
 '1GO93B3' '1GO93D3']",216,9
1294_0LT001,2072.6252,51.105103,5596.15,['1294_0LT001'],216,1,"['P91LQA1' 'P91LQB1' 'P91LQC1' 'P91LQA2' 'P91LQB2' 'P91LQC2' 'P91LQA3'
 'P91LQB3' 'P91LQC3']",216,9
1294_1LT001,2373.3796,48.527733,5887.5947,['1294_1LT001'],240,1,"['L1VAGB1' 'L1VAGD1' 'L1VAGB2' 'L1VAGD2' 'L1VAGB3' 'L1VAGD3' 'L1VAGB4'
 'L1VAGD4' 'L1VAGB5' 'L1VAGD5']",240,10
1294_2LT001,1496.2289,46.754185,3795.445,['1294_2LT001'],144,1,['PVL3GA1' 'PVL3GB1' 'PVL3GA2' 'PVL3GB2' 'PVL3GA3' 'PVL3GB3'],144,6
1295_0LT001,1475.9277,50.26346,3442.039,['1295_0LT001'],144,1,['A1PQOA1' 'A1PQOB1' 'A1PQOA2' 'A1PQOB2' 'A1PQOA3' 'A1PQOB3'],144,6
1295_1LT001,1237.1575,49.285755,3117.8533,['1295_1LT001'],120,1,['GA93VB1' 'GA93VB2' 'GA93VB3' 'GA93VB4' 'GA93VB5'],120,5
1296_0LT001,2096.1133,47.979523,4903.8623,['1296_0LT001'],216,1,"['3VLAGA1' '3VLAGB1' '3VLAGC1' '3VLAGA2' '3VLAGB2' '3VLAGC2' '3VLAGA3'
 '3VLAGB3' '3VLAGC3']",216,9
1296_1LT001,2322.9333,47.46081,5402.3037,['1296_1LT001'],216,1,"['OL1V3A1' 'OL1V3B1' 'OL1V3D1' 'OL1V3A2' 'OL1V3B2' 'OL1V3D2' 'OL1V3A3'
 'OL1V3B3' 'OL1V3D3']",216,9
1297_0LT001,1349.0452,48.32717,3463.0667,['1297_0LT001'],144,1,['GQ39LA1' 'GQ39LB1' 'GQ39LA2' 'GQ39LB2' 'GQ39LA3' 'GQ39LB3'],144,6
1297_1LT001,2212.4155,47.788364,5124.439,['1297_1LT001'],216,1,"['AP91LA1' 'AP91LB1' 'AP91LC1' 'AP91LA2' 'AP91LB2' 'AP91LC2' 'AP91LA3'
 'AP91LB3' 'AP91LC3']",216,9
1297_2LT001,866.1656,52.60046,2707.4805,['1297_2LT001'],96,1,['PQG91B1' 'PQG91D1' 'PQG91B2' 'PQG91D2'],96,4
1297_3LT001,2155.3481,45.95562,5287.646,['1297_3LT001'],216,1,"['OA1PGA1' 'OA1PGB1' 'OA1PGD1' 'OA1PGA2' 'OA1PGB2' 'OA1PGD2' 'OA1PGA3'
 'OA1PGB3' 'OA1PGD3']",216,9
1298_0LT001,2348.154,49.717037,5562.5757,['1298_0LT001'],216,1,"['QVA3GA1' 'QVA3GB1' 'QVA3GC1' 'QVA3GA2' 'QVA3GB2' 'QVA3GC2' 'QVA3GA3'
 'QVA3GB3' 'QVA3GC3']",216,9
1298_1LT001,1952.3323,53.473476,5444.177,['1298_1LT001'],216,1,"['L1POVA1' 'L1POVB1' 'L1POVD1' 'L1POVA2' 'L1POVB2' 'L1POVD2' 'L1POVA3'
 'L1POVB3' 'L1POVD3']",216,9
1298_2LT001,2085.8293,52.09003,5036.2573,['1298_2LT001'],216,1,"['1GQ9LA1' '1GQ9LB1' '1GQ9LD1' '1GQ9LA2' '1GQ9LB2' '1GQ9LD2' '1GQ9LA3'
 '1GQ9LB3' '1GQ9LD3']",216,9
1298_3LT001,483.84943,46.674603,1255.4867,['1298_3LT001'],48,1,['VGOAQB1' 'VGOAQB2'],48,2
1299_0LT001,1569.2275,49.893673,3813.0903,['1299_0LT001'],144,1,['LA91OA1' 'LA91OB1' 'LA91OA2' 'LA91OB2' 'LA91OA3' 'LA91OB3'],144,6
1299_1LT001,2322.1833,47.340244,5337.956,['1299_1LT001'],216,1,"['93PLQA1' '93PLQB1' '93PLQC1' '93PLQA2' '93PLQB2' '93PLQC2' '93PLQA3'
 '93PLQB3' '93PLQC3']",216,9
1300_0LT001,2172.2715,49.732243,5472.824,['1300_0LT001'],216,1,"['Q9OPAA1' 'Q9OPAB1' 'Q9OPAC1' 'Q9OPAA2' 'Q9OPAB2' 'Q9OPAC2' 'Q9OPAA3'
 'Q9OPAB3' 'Q9OPAC3']",216,9
1300_1LT001,2202.0027,47.988277,5588.2246,['1300_1LT001'],216,1,"['GQOP9A1' 'GQOP9B1' 'GQOP9D1' 'GQOP9A2' 'GQOP9B2' 'GQOP9D2' 'GQOP9A3'
 'GQOP9B3' 'GQOP9D3']",216,9
1301_0LT001,1417.2404,47.43062,3644.5955,['1301_0LT001'],144,1,['QLP39A1' 'QLP39B1' 'QLP39A2' 'QLP39B2' 'QLP39A3' 'QLP39B3'],144,6
1301_1LT001,2198.0977,45.83714,5385.271,['1301_1LT001'],216,1,"['QAPVGA1' 'QAPVGB1' 'QAPVGC1' 'QAPVGA2' 'QAPVGB2' 'QAPVGC2' 'QAPVGA3'
 'QAPVGB3' 'QAPVGC3']",216,9
1302_0LT001,830.41235,50.42902,2217.478,['1302_0LT001'],96,1,['GAQ9OB1' 'GAQ9OD1' 'GAQ9OB2' 'GAQ9OD2'],96,4
1302_1LT001,2185.7217,52.80413,5773.6,['1302_1LT001'],216,1,"['L91Q3A1' 'L91Q3B1' 'L91Q3C1' 'L91Q3A2' 'L91Q3B2' 'L91Q3C2' 'L91Q3A3'
 'L91Q3B3' 'L91Q3C3']",216,9
1303_0LT001,1398.3641,51.843857,3647.6702,['1303_0LT001'],144,1,['APV91A1' 'APV91B1' 'APV91A2' 'APV91B2' 'APV91A3' 'APV91B3'],144,6
1303_1LT001,2445.7595,51.47985,6051.014,['1303_1LT001'],240,1,"['O3A1QB1' 'O3A1QD1' 'O3A1QB2' 'O3A1QD2' 'O3A1QB3' 'O3A1QD3' 'O3A1QB4'
 'O3A1QD4' 'O3A1QB5' 'O3A1QD5']",240,10
1303_2LT001,2114.4517,55.60518,5398.0454,['1303_2LT001'],216,1,"['G9PAQA1' 'G9PAQB1' 'G9PAQC1' 'G9PAQA2' 'G9PAQB2' 'G9PAQC2' 'G9PAQA3'
 'G9PAQB3' 'G9PAQC3']",216,9
1304_0LT001,906.31915,47.15852,2455.0017,['1304_0LT001'],96,1,['OPQVGB1' 'OPQVGD1' 'OPQVGB2' 'OPQVGD2'],96,4
1304_1LT001,2172.6282,51.094143,5721.334,['1304_1LT001'],216,1,"['Q1VLPA1' 'Q1VLPB1' 'Q1VLPC1' 'Q1VLPA2' 'Q1VLPB2' 'Q1VLPC2' 'Q1VLPA3'
 'Q1VLPB3' 'Q1VLPC3']",216,9
1304_2LT001,888.18176,50.657757,2555.921,['1304_2LT001'],96,1,['9AOGPB1' '9AOGPD1' '9AOGPB2' '9AOGPD2'],96,4
1305_0LT001,1319.1158,53.818115,3730.6106,['1305_0LT001'],144,1,['13VPLA1' '13VPLB1' '13VPLA2' '13VPLB2' '13VPLA3' '13VPLB3'],144,6
1305_1LT001,2060.5803,46.91535,5577.7485,['1305_1LT001'],216,1,"['1AGQPA1' '1AGQPB1' '1AGQPD1' '1AGQPA2' '1AGQPB2' '1AGQPD2' '1AGQPA3'
 '1AGQPB3' '1AGQPD3']",216,9
1306_0LT001,520.1494,44.678738,1339.9751,['1306_0LT001'],48,1,['LQG13B1' 'LQG13B2'],48,2
1306_1LT001,1417.7958,54.010303,3378.1052,['1306_1LT001'],144,1,['O1L3GA1' 'O1L3GB1' 'O1L3GA2' 'O1L3GB2' 'O1L3GA3' 'O1L3GB3'],144,6
1306_2LT001,1450.9695,49.566833,3855.3752,['1306_2LT001'],144,1,['9VOAGA1' '9VOAGB1' '9VOAGA2' '9VOAGB2' '9VOAGA3' '9VOAGB3'],144,6
1306_3LT001,2241.5867,50.925514,5151.8384,['1306_3LT001'],216,1,"['A3GQLA1' 'A3GQLB1' 'A3GQLC1' 'A3GQLA2' 'A3GQLB2' 'A3GQLC2' 'A3GQLA3'
 'A3GQLB3' 'A3GQLC3']",216,9
1307_0LT001,983.6866,49.831036,2217.7236,['1307_0LT001'],96,1,['Q3OG9B1' 'Q3OG9D1' 'Q3OG9B2' 'Q3OG9D2'],96,4
1307_1LT001,2322.0435,54.005127,6369.018,['1307_1LT001'],240,1,"['QO1PVB1' 'QO1PVC1' 'QO1PVB2' 'QO1PVC2' 'QO1PVB3' 'QO1PVC3' 'QO1PVB4'
 'QO1PVC4' 'QO1PVB5' 'QO1PVC5']",240,10
1307_2LT001,2184.297,45.98618,5533.0596,['1307_2LT001'],216,1,"['LQG19A1' 'LQG19B1' 'LQG19C1' 'LQG19A2' 'LQG19B2' 'LQG19C2' 'LQG19A3'
 'LQG19B3' 'LQG19C3']",216,9
1308_0LT001,939.69684,45.071804,2307.0605,['1308_0LT001'],96,1,['QLG1OB1' 'QLG1OD1' 'QLG1OB2' 'QLG1OD2'],96,4
1308_1LT001,2204.8777,55.89441,5203.2983,['1308_1LT001'],216,1,"['Q3P1LA1' 'Q3P1LB1' 'Q3P1LD1' 'Q3P1LA2' 'Q3P1LB2' 'Q3P1LD2' 'Q3P1LA3'
 'Q3P1LB3' 'Q3P1LD3']",216,9
1308_2LT001,485.53458,52.10144,1188.2979,['1308_2LT001'],48,1,['1AGQ3B1' '1AGQ3B2'],48,2
1308_3LT001,1338.9188,47.52904,3474.527,['1308_3LT001'],144,1,['G1OLVA1' 'G1OLVB1' 'G1OLVA2' 'G1OLVB2' 'G1OLVA3' 'G1OLVB3'],144,6
1309_0LT001,2372.1016,53.325527,5555.1504,['1309_0LT001'],216,1,"['GL1V9A1' 'GL1V9B1' 'GL1V9D1' 'GL1V9A2' 'GL1V9B2' 'GL1V9D2' 'GL1V9A3'
 'GL1V9B3' 'GL1V9D3']",216,9
1309_1LT001,2213.8503,46.942036,4982.964,['1309_1LT001'],216,1,"['VL9Q1A1' 'VL9Q1B1' 'VL9Q1D1' 'VL9Q1A2' 'VL9Q1B2' 'VL9Q1D2' 'VL9Q1A3'
 'VL9Q1B3' 'VL9Q1D3']",216,9
1310_0LT001,1428.4644,49.274094,3237.6768,['1310_0LT001'],144,1,['VO1A3A1' 'VO1A3B1' 'VO1A3A2' 'VO1A3B2' 'VO1A3A3' 'VO1A3B3'],144,6
1310_1LT001,1487.1023,51.835163,3594.767,['1310_1LT001'],144,1,['QLPV3A1' 'QLPV3B1' 'QLPV3A2' 'QLPV3B2' 'QLPV3A3' 'QLPV3B3'],144,6
1311_0LT001,2069.3513,50.387127,5296.1406,['1311_0LT001'],216,1,"['19VAGA1' '19VAGB1' '19VAGD1' '19VAGA2' '19VAGB2' '19VAGD2' '19VAGA3'
 '19VAGB3' '19VAGD3']",216,9
1311_1LT001,2321.2085,48.730667,5799.0835,['1311_1LT001'],240,1,"['PO3L1B1' 'PO3L1C1' 'PO3L1B2' 'PO3L1C2' 'PO3L1B3' 'PO3L1C3' 'PO3L1B4'
 'PO3L1C4' 'PO3L1B5' 'PO3L1C5']",240,10
1311_2LT001,2160.4275,47.442837,5113.843,['1311_2LT001'],216,1,"['3VAGPA1' '3VAGPB1' '3VAGPD1' '3VAGPA2' '3VAGPB2' '3VAGPD2' '3VAGPA3'
 '3VAGPB3' '3VAGPD3']",216,9
1311_3LT001,2322.3342,50.138687,5439.856,['1311_3LT001'],216,1,"['QVALGA1' 'QVALGB1' 'QVALGD1' 'QVALGA2' 'QVALGB2' 'QVALGD2' 'QVALGA3'
 'QVALGB3' 'QVALGD3']",216,9
1312_0LT001,2211.494,49.460728,5191.155,['1312_0LT001'],216,1,"['AVPG9A1' 'AVPG9B1' 'AVPG9C1' 'AVPG9A2' 'AVPG9B2' 'AVPG9C2' 'AVPG9A3'
 'AVPG9B3' 'AVPG9C3']",216,9
1312_1LT001,2180.0369,49.50311,5704.8906,['1312_1LT001'],216,1,"['1QVOGA1' '1QVOGB1' '1QVOGD1' '1QVOGA2' '1QVOGB2' '1QVOGD2' '1QVOGA3'
 '1QVOGB3' '1QVOGD3']",216,9
1313_0LT001,953.43286,54.510983,2449.9316,['1313_0LT001'],96,1,['A19VPB1' 'A19VPD1' 'A19VPB2' 'A19VPD2'],96,4
1313_1LT001,2286.4316,48.83288,5553.287,['1313_1LT001'],216,1,"['LQVG9A1' 'LQVG9B1' 'LQVG9D1' 'LQVG9A2' 'LQVG9B2' 'LQVG9D2' 'LQVG9A3'
 'LQVG9B3' 'LQVG9D3']",216,9
1313_2LT001,514.5165,43.011414,1219.7512,['1313_2LT001'],48,1,['V19POB1' 'V19POB2'],48,2
1314_0LT001,2038.2891,52.27421,5294.7183,['1314_0LT001'],216,1,"['VQP3LA1' 'VQP3LB1' 'VQP3LD1' 'VQP3LA2' 'VQP3LB2' 'VQP3LD2' 'VQP3LA3'
 'VQP3LB3' 'VQP3LD3']",216,9
1314_1LT001,2145.7598,50.3252,5666.5454,['1314_1LT001'],216,1,"['3PQVOA1' '3PQVOB1' '3PQVOD1' '3PQVOA2' '3PQVOB2' '3PQVOD2' '3PQVOA3'
 '3PQVOB3' '3PQVOD3']",216,9
1314_2LT001,2165.6248,50.891975,5210.136,['1314_2LT001'],216,1,"['AL391A1' 'AL391B1' 'AL391C1' 'AL391A2' 'AL391B2' 'AL391C2' 'AL391A3'
 'AL391B3' 'AL391C3']",216,9
1315_0LT001,2138.504,52.4573,5671.282,['1315_0LT001'],216,1,"['19LQVA1' '19LQVB1' '19LQVC1' '19LQVA2' '19LQVB2' '19LQVC2' '19LQVA3'
 '19LQVB3' '19LQVC3']",216,9
1315_1LT001,2256.1348,50.449577,4960.309,['1315_1LT001'],216,1,"['Q1GLVA1' 'Q1GLVB1' 'Q1GLVC1' 'Q1GLVA2' 'Q1GLVB2' 'Q1GLVC2' 'Q1GLVA3'
 'Q1GLVB3' 'Q1GLVC3']",216,9
1315_2LT001,411.45,51.82638,1126.6569,['1315_2LT001'],48,1,['9Q3VLB1' '9Q3VLB2'],48,2
1315_3LT001,2327.2268,50.379948,5777.148,['1315_3LT001'],240,1,"['3VGLOB1' '3VGLOD1' '3VGLOB2' '3VGLOD2' '3VGLOB3' '3VGLOD3' '3VGLOB4'
 '3VGLOD4' '3VGLOB5' '3VGLOD5']",240,10
1316_0LT001,2150.1296,51.470062,5493.3887,['1316_0LT001'],216,1,"['L3OVAA1' 'L3OVAB1' 'L3OVAD1' 'L3OVAA2' 'L3OVAB2' 'L3OVAD2' 'L3OVAA3'
 'L3OVAB3' 'L3OVAD3']",216,9
1316_1LT001,523.7777,48.421688,1315.7089,['1316_1LT001'],48,1,['QVPGOB1' 'QVPGOB2'],48,2
1317_0LT001,2206.422,48.79152,5444.0845,['1317_0LT001'],216,1,"['Q9PGAA1' 'Q9PGAB1' 'Q9PGAD1' 'Q9PGAA2' 'Q9PGAB2' 'Q9PGAD2' 'Q9PGAA3'
 'Q9PGAB3' 'Q9PGAD3']",216,9
1317_1LT001,2121.697,52.65574,5584.3877,['1317_1LT001'],216,1,"['3P9VQA1' '3P9VQB1' '3P9VQD1' '3P9VQA2' '3P9VQB2' '3P9VQD2' '3P9VQA3'
 '3P9VQB3' '3P9VQD3']",216,9
1318_0LT001,1419.1912,50.43478,3725.67,['1318_0LT001'],144,1,['V9GA1A1' 'V9GA1B1' 'V9GA1A2' 'V9GA1B2' 'V9GA1A3' 'V9GA1B3'],144,6
1318_1LT001,974.26086,54.056274,2365.3047,['1318_1LT001'],96,1,['1AQGPB1' '1AQGPD1' '1AQGPB2' '1AQGPD2'],96,4
1319_0LT001,2382.241,50.801117,5428.2163,['1319_0LT001'],216,1,"['OGV1QA1' 'OGV1QB1' 'OGV1QD1' 'OGV1QA2' 'OGV1QB2' 'OGV1QD2' 'OGV1QA3'
 'OGV1QB3' 'OGV1QD3']",216,9
1319_1LT001,2036.5848,49.006462,5301.2603,['1319_1LT001'],216,1,"['P3VQOA1' 'P3VQOB1' 'P3VQOD1' 'P3VQOA2' 'P3VQOB2' 'P3VQOD2' 'P3VQOA3'
 'P3VQOB3' 'P3VQOD3']",216,9
1319_2LT001,2082.594,50.787045,5578.8667,['1319_2LT001'],216,1,"['GL391A1' 'GL391B1' 'GL391D1' 'GL391A2' 'GL391B2' 'GL391D2' 'GL391A3'
 'GL391B3' 'GL391D3']",216,9
1319_3LT001,511.99908,49.638577,1209.7188,['1319_3LT001'],48,1,['LPQ91B1' 'LPQ91B2'],48,2
1320_0LT001,2223.6428,52.48641,5151.2915,['1320_0LT001'],216,1,"['9VAGQA1' '9VAGQB1' '9VAGQC1' '9VAGQA2' '9VAGQB2' '9VAGQC2' '9VAGQA3'
 '9VAGQB3' '9VAGQC3']",216,9
1320_1LT001,460.0265,50.758484,1304.832,['1320_1LT001'],48,1,['O1GQAB1' 'O1GQAB2'],48,2
1320_2LT001,1403.7319,49.784737,3327.4766,['1320_2LT001'],144,1,['9GLA1A1' '9GLA1B1' '9GLA1A2' '9GLA1B2' '9GLA1A3' '9GLA1B3'],144,6
1321_0LT001,975.57605,50.885666,2327.6033,['1321_0LT001'],96,1,['O9GQ3B1' 'O9GQ3D1' 'O9GQ3B2' 'O9GQ3D2'],96,4
1321_1LT001,1026.6206,52.08612,2418.2493,['1321_1LT001'],96,1,['OV1GAB1' 'OV1GAD1' 'OV1GAB2' 'OV1GAD2'],96,4
1322_0LT001,981.4077,46.391068,2219.8176,['1322_0LT001'],96,1,['GQ9V1B1' 'GQ9V1D1' 'GQ9V1B2' 'GQ9V1D2'],96,4
1322_1LT001,2146.0242,51.377483,5498.5107,['1322_1LT001'],216,1,"['VO1QLA1' 'VO1QLB1' 'VO1QLD1' 'VO1QLA2' 'VO1QLB2' 'VO1QLD2' 'VO1QLA3'
 'VO1QLB3' 'VO1QLD3']",216,9
1323_0LT001,2104.371,52.332607,5366.2144,['1323_0LT001'],216,1,"['V1LAPA1' 'V1LAPB1' 'V1LAPD1' 'V1LAPA2' 'V1LAPB2' 'V1LAPD2' 'V1LAPA3'
 'V1LAPB3' 'V1LAPD3']",216,9
1323_1LT001,2181.6746,46.600418,5436.0854,['1323_1LT001'],216,1,"['9VOGQA1' '9VOGQB1' '9VOGQD1' '9VOGQA2' '9VOGQB2' '9VOGQD2' '9VOGQA3'
 '9VOGQB3' '9VOGQD3']",216,9
1324_0LT001,1452.0034,47.697952,3613.233,['1324_0LT001'],144,1,['G3L1VA1' 'G3L1VB1' 'G3L1VA2' 'G3L1VB2' 'G3L1VA3' 'G3L1VB3'],144,6
1324_1LT001,1063.9801,45.91074,2463.4995,['1324_1LT001'],96,1,['G19AQB1' 'G19AQD1' 'G19AQB2' 'G19AQD2'],96,4
1324_2LT001,2285.2341,46.47322,5165.258,['1324_2LT001'],216,1,"['93QLAA1' '93QLAB1' '93QLAD1' '93QLAA2' '93QLAB2' '93QLAD2' '93QLAA3'
 '93QLAB3' '93QLAD3']",216,9
1324_3LT001,1530.857,44.50739,3521.7554,['1324_3LT001'],144,1,['V9AQ3A1' 'V9AQ3B1' 'V9AQ3A2' 'V9AQ3B2' 'V9AQ3A3' 'V9AQ3B3'],144,6
1324_4LT001,1421.2505,51.07915,3705.0625,['1324_4LT001'],144,1,['1AVL9A1' '1AVL9B1' '1AVL9A2' '1AVL9B2' '1AVL9A3' '1AVL9B3'],144,6
1324_5LT001,2070.4216,49.891823,5579.7188,['1324_5LT001'],216,1,"['O1VG3A1' 'O1VG3B1' 'O1VG3D1' 'O1VG3A2' 'O1VG3B2' 'O1VG3D2' 'O1VG3A3'
 'O1VG3B3' 'O1VG3D3']",216,9
1324_6LT001,2215.5364,51.280926,5364.2437,['1324_6LT001'],216,1,"['V1LOAA1' 'V1LOAB1' 'V1LOAD1' 'V1LOAA2' 'V1LOAB2' 'V1LOAD2' 'V1LOAA3'
 'V1LOAB3' 'V1LOAD3']",216,9
1325_0LT001,967.06604,48.28774,2490.843,['1325_0LT001'],96,1,['GO1PLB1' 'GO1PLD1' 'GO1PLB2' 'GO1PLD2'],96,4
1325_1LT001,2095.1216,51.01878,5459.045,['1325_1LT001'],216,1,"['OQAP1A1' 'OQAP1B1' 'OQAP1C1' 'OQAP1A2' 'OQAP1B2' 'OQAP1C2' 'OQAP1A3'
 'OQAP1B3' 'OQAP1C3']",216,9
1325_2LT001,1443.3374,52.065746,3619.4314,['1325_2LT001'],144,1,['AL3OQA1' 'AL3OQB1' 'AL3OQA2' 'AL3OQB2' 'AL3OQA3' 'AL3OQB3'],144,6
1325_3LT001,2258.8418,45.541424,5199.959,['1325_3LT001'],216,1,"['QA93OA1' 'QA93OB1' 'QA93OC1' 'QA93OA2' 'QA93OB2' 'QA93OC2' 'QA93OA3'
 'QA93OB3' 'QA93OC3']",216,9
1326_0LT001,572.3863,40.79145,996.44525,['1326_0LT001'],48,1,['O3PGAB1' 'O3PGAB2'],48,2
1326_1LT001,2173.2063,51.95132,5349.4863,['1326_1LT001'],216,1,"['PVO93A1' 'PVO93B1' 'PVO93D1' 'PVO93A2' 'PVO93B2' 'PVO93D2' 'PVO93A3'
 'PVO93B3' 'PVO93D3']",216,9
1326_2LT001,444.53436,54.42168,1205.0818,['1326_2LT001'],48,1,['P1OA9B1' 'P1OA9B2'],48,2
1326_3LT001,1331.216,48.94995,3594.8962,['1326_3LT001'],144,1,['VQP9AA1' 'VQP9AB1' 'VQP9AA2' 'VQP9AB2' 'VQP9AA3' 'VQP9AB3'],144,6
1327_0LT001,450.43936,50.143036,1209.592,['1327_0LT001'],48,1,['OPLVQB1' 'OPLVQB2'],48,2
1327_1LT001,2080.4722,51.894634,5568.403,['1327_1LT001'],216,1,"['QP93VA1' 'QP93VB1' 'QP93VD1' 'QP93VA2' 'QP93VB2' 'QP93VD2' 'QP93VA3'
 'QP93VB3' 'QP93VD3']",216,9
1328_0LT001,2078.7285,51.69826,5141.1577,['1328_0LT001'],216,1,"['OQ19LA1' 'OQ19LB1' 'OQ19LD1' 'OQ19LA2' 'OQ19LB2' 'OQ19LD2' 'OQ19LA3'
 'OQ19LB3' 'OQ19LD3']",216,9
1328_1LT001,2054.7646,49.742317,5252.2896,['1328_1LT001'],216,1,"['PGOL3A1' 'PGOL3B1' 'PGOL3C1' 'PGOL3A2' 'PGOL3B2' 'PGOL3C2' 'PGOL3A3'
 'PGOL3B3' 'PGOL3C3']",216,9
1328_2LT001,2231.1287,49.15857,5333.6494,['1328_2LT001'],216,1,"['3GOV9A1' '3GOV9B1' '3GOV9D1' '3GOV9A2' '3GOV9B2' '3GOV9D2' '3GOV9A3'
 '3GOV9B3' '3GOV9D3']",216,9
1328_3LT001,519.9834,52.12604,1303.7726,['1328_3LT001'],48,1,['QPOG1B1' 'QPOG1B2'],48,2
1328_4LT001,2160.774,47.860336,5375.1245,['1328_4LT001'],216,1,"['V31ALA1' 'V31ALB1' 'V31ALC1' 'V31ALA2' 'V31ALB2' 'V31ALC2' 'V31ALA3'
 'V31ALB3' 'V31ALC3']",216,9
1328_5LT001,2249.7463,49.91768,5382.114,['1328_5LT001'],216,1,"['GP9AQA1' 'GP9AQB1' 'GP9AQD1' 'GP9AQA2' 'GP9AQB2' 'GP9AQD2' 'GP9AQA3'
 'GP9AQB3' 'GP9AQD3']",216,9
1329_0LT001,918.7711,55.07432,2229.0117,['1329_0LT001'],96,1,['93AQLB1' '93AQLD1' '93AQLB2' '93AQLD2'],96,4
1329_1LT001,2232.2427,51.653408,5414.377,['1329_1LT001'],216,1,"['G39LPA1' 'G39LPB1' 'G39LPD1' 'G39LPA2' 'G39LPB2' 'G39LPD2' 'G39LPA3'
 'G39LPB3' 'G39LPD3']",216,9
1329_2LT001,502.5177,55.786175,1176.9863,['1329_2LT001'],48,1,['AGP91B1' 'AGP91B2'],48,2
1329_3LT001,2107.8538,50.989975,5529.2495,['1329_3LT001'],216,1,"['31AP9A1' '31AP9B1' '31AP9C1' '31AP9A2' '31AP9B2' '31AP9C2' '31AP9A3'
 '31AP9B3' '31AP9C3']",216,9
1330_0LT001,2040.4424,52.37448,5489.9746,['1330_0LT001'],216,1,"['31O9QA1' '31O9QB1' '31O9QD1' '31O9QA2' '31O9QB2' '31O9QD2' '31O9QA3'
 '31O9QB3' '31O9QD3']",216,9
1330_1LT001,2231.9304,50.56581,5322.187,['1330_1LT001'],216,1,"['9VQ3OA1' '9VQ3OB1' '9VQ3OC1' '9VQ3OA2' '9VQ3OB2' '9VQ3OC2' '9VQ3OA3'
 '9VQ3OB3' '9VQ3OC3']",216,9
1330_2LT001,1995.3798,49.798386,5583.0405,['1330_2LT001'],216,1,"['OQ3LVA1' 'OQ3LVB1' 'OQ3LVC1' 'OQ3LVA2' 'OQ3LVB2' 'OQ3LVC2' 'OQ3LVA3'
 'OQ3LVB3' 'OQ3LVC3']",216,9
1331_0LT001,2080.4978,51.40522,5849.455,['1331_0LT001'],216,1,"['VGQLOA1' 'VGQLOB1' 'VGQLOC1' 'VGQLOA2' 'VGQLOB2' 'VGQLOC2' 'VGQLOA3'
 'VGQLOB3' 'VGQLOC3']",216,9
1331_1LT001,2066.2627,49.877224,5142.657,['1331_1LT001'],216,1,"['1OLA9A1' '1OLA9B1' '1OLA9D1' '1OLA9A2' '1OLA9B2' '1OLA9D2' '1OLA9A3'
 '1OLA9B3' '1OLA9D3']",216,9
1331_2LT001,588.8143,50.965714,1252.9904,['1331_2LT001'],48,1,['Q3GV1B1' 'Q3GV1B2'],48,2
1331_3LT001,1460.562,45.57051,3593.0435,['1331_3LT001'],144,1,['PA1OLA1' 'PA1OLB1' 'PA1OLA2' 'PA1OLB2' 'PA1OLA3' 'PA1OLB3'],144,6
1332_0LT001,2176.4453,47.697758,5464.1567,['1332_0LT001'],216,1,"['VA3PLA1' 'VA3PLB1' 'VA3PLD1' 'VA3PLA2' 'VA3PLB2' 'VA3PLD2' 'VA3PLA3'
 'VA3PLB3' 'VA3PLD3']",216,9
1332_1LT001,523.8456,45.19878,1232.9323,['1332_1LT001'],48,1,['VLO3PB1' 'VLO3PB2'],48,2
1333_0LT001,2165.0903,44.91577,5574.4004,['1333_0LT001'],216,1,"['3OL9PA1' '3OL9PB1' '3OL9PD1' '3OL9PA2' '3OL9PB2' '3OL9PD2' '3OL9PA3'
 '3OL9PB3' '3OL9PD3']",216,9
1333_1LT001,1388.1997,50.41171,3551.0056,['1333_1LT001'],144,1,['GA3P9A1' 'GA3P9B1' 'GA3P9A2' 'GA3P9B2' 'GA3P9A3' 'GA3P9B3'],144,6
1334_0LT001,2001.9646,48.139847,5592.5864,['1334_0LT001'],216,1,"['1GOPQA1' '1GOPQB1' '1GOPQD1' '1GOPQA2' '1GOPQB2' '1GOPQD2' '1GOPQA3'
 '1GOPQB3' '1GOPQD3']",216,9
1334_1LT001,1398.1134,47.9567,3385.0554,['1334_1LT001'],144,1,['9P1O3A1' '9P1O3B1' '9P1O3A2' '9P1O3B2' '9P1O3A3' '9P1O3B3'],144,6
1335_0LT001,2343.965,50.861668,5269.731,['1335_0LT001'],216,1,"['Q9GPAA1' 'Q9GPAB1' 'Q9GPAC1' 'Q9GPAA2' 'Q9GPAB2' 'Q9GPAC2' 'Q9GPAA3'
 'Q9GPAB3' 'Q9GPAC3']",216,9
1335_1LT001,2148.4502,49.893753,5133.5815,['1335_1LT001'],216,1,"['9PA3QA1' '9PA3QB1' '9PA3QD1' '9PA3QA2' '9PA3QB2' '9PA3QD2' '9PA3QA3'
 '9PA3QB3' '9PA3QD3']",216,9
1335_2LT001,2017.6567,55.21606,5609.4463,['1335_2LT001'],216,1,"['Q13VGA1' 'Q13VGB1' 'Q13VGD1' 'Q13VGA2' 'Q13VGB2' 'Q13VGD2' 'Q13VGA3'
 'Q13VGB3' 'Q13VGD3']",216,9
1335_3LT001,1404.7032,47.812706,3452.146,['1335_3LT001'],144,1,['LQV3GA1' 'LQV3GB1' 'LQV3GA2' 'LQV3GB2' 'LQV3GA3' 'LQV3GB3'],144,6
1336_0LT001,2084.9565,47.17796,5695.762,['1336_0LT001'],216,1,"['VOQ13A1' 'VOQ13B1' 'VOQ13D1' 'VOQ13A2' 'VOQ13B2' 'VOQ13D2' 'VOQ13A3'
 'VOQ13B3' 'VOQ13D3']",216,9
1336_1LT001,1449.5671,46.668797,3603.0095,['1336_1LT001'],144,1,['V9QAPA1' 'V9QAPB1' 'V9QAPA2' 'V9QAPB2' 'V9QAPA3' 'V9QAPB3'],144,6
1336_2LT001,2180.7654,50.16523,5517.7603,['1336_2LT001'],216,1,"['9QVGLA1' '9QVGLB1' '9QVGLD1' '9QVGLA2' '9QVGLB2' '9QVGLD2' '9QVGLA3'
 '9QVGLB3' '9QVGLD3']",216,9
1336_3LT001,2221.4897,50.368984,5737.148,['1336_3LT001'],216,1,"['1A9V3A1' '1A9V3B1' '1A9V3D1' '1A9V3A2' '1A9V3B2' '1A9V3D2' '1A9V3A3'
 '1A9V3B3' '1A9V3D3']",216,9
1337_0LT001,425.92612,44.35964,1063.1996,['1337_0LT001'],48,1,['3AOVPB1' '3AOVPB2'],48,2
1337_1LT001,2190.3538,48.505547,5370.4604,['1337_1LT001'],216,1,"['3VGA1A1' '3VGA1B1' '3VGA1C1' '3VGA1A2' '3VGA1B2' '3VGA1C2' '3VGA1A3'
 '3VGA1B3' '3VGA1C3']",216,9
1337_2LT001,2087.043,50.863785,5743.673,['1337_2LT001'],216,1,"['Q91POA1' 'Q91POB1' 'Q91POD1' 'Q91POA2' 'Q91POB2' 'Q91POD2' 'Q91POA3'
 'Q91POB3' 'Q91POD3']",216,9
1338_0LT001,2307.9333,47.19165,5335.358,['1338_0LT001'],216,1,"['1PAGOA1' '1PAGOB1' '1PAGOD1' '1PAGOA2' '1PAGOB2' '1PAGOD2' '1PAGOA3'
 '1PAGOB3' '1PAGOD3']",216,9
1338_1LT001,525.8231,44.645737,1207.9924,['1338_1LT001'],48,1,['V3QPOB1' 'V3QPOB2'],48,2
1338_2LT001,893.63086,51.1767,2277.056,['1338_2LT001'],96,1,['QLO9GB1' 'QLO9GD1' 'QLO9GB2' 'QLO9GD2'],96,4
1339_0LT001,2109.5903,51.49406,5146.1006,['1339_0LT001'],216,1,"['9LPQAA1' '9LPQAB1' '9LPQAD1' '9LPQAA2' '9LPQAB2' '9LPQAD2' '9LPQAA3'
 '9LPQAB3' '9LPQAD3']",216,9
1339_1LT001,1442.7843,49.244484,3586.8535,['1339_1LT001'],144,1,['GVAPLA1' 'GVAPLB1' 'GVAPLA2' 'GVAPLB2' 'GVAPLA3' 'GVAPLB3'],144,6
1339_2LT001,2149.2678,53.72715,5648.0327,['1339_2LT001'],216,1,"['91LQVA1' '91LQVB1' '91LQVD1' '91LQVA2' '91LQVB2' '91LQVD2' '91LQVA3'
 '91LQVB3' '91LQVD3']",216,9
1340_0LT001,1339.6378,50.635963,3666.3008,['1340_0LT001'],144,1,['AV19GA1' 'AV19GB1' 'AV19GA2' 'AV19GB2' 'AV19GA3' 'AV19GB3'],144,6
1340_1LT001,496.83316,53.26115,1215.0048,['1340_1LT001'],48,1,['LAGVOB1' 'LAGVOB2'],48,2
1341_0LT001,1538.7961,52.992466,3445.47,['1341_0LT001'],144,1,['9LO31A1' '9LO31B1' '9LO31A2' '9LO31B2' '9LO31A3' '9LO31B3'],144,6
1341_1LT001,2203.8657,47.078644,5307.2573,['1341_1LT001'],216,1,"['GL91PA1' 'GL91PB1' 'GL91PC1' 'GL91PA2' 'GL91PB2' 'GL91PC2' 'GL91PA3'
 'GL91PB3' 'GL91PC3']",216,9
1341_2LT001,943.2499,51.704266,2299.1033,['1341_2LT001'],96,1,['1AVO9B1' '1AVO9D1' '1AVO9B2' '1AVO9D2'],96,4
1341_3LT001,2296.7178,48.471,5098.1323,['1341_3LT001'],216,1,"['3LGV9A1' '3LGV9B1' '3LGV9C1' '3LGV9A2' '3LGV9B2' '3LGV9C2' '3LGV9A3'
 '3LGV9B3' '3LGV9C3']",216,9
1342_0LT001,2111.4521,51.4773,5273.7036,['1342_0LT001'],216,1,"['LQA3OA1' 'LQA3OB1' 'LQA3OD1' 'LQA3OA2' 'LQA3OB2' 'LQA3OD2' 'LQA3OA3'
 'LQA3OB3' 'LQA3OD3']",216,9
1342_1LT001,2309.003,51.04296,5635.9116,['1342_1LT001'],216,1,"['Q3OL1A1' 'Q3OL1B1' 'Q3OL1C1' 'Q3OL1A2' 'Q3OL1B2' 'Q3OL1C2' 'Q3OL1A3'
 'Q3OL1B3' 'Q3OL1C3']",216,9
1342_2LT001,2149.0356,49.95881,5342.898,['1342_2LT001'],216,1,"['1VG9OA1' '1VG9OB1' '1VG9OD1' '1VG9OA2' '1VG9OB2' '1VG9OD2' '1VG9OA3'
 '1VG9OB3' '1VG9OD3']",216,9
1342_3LT001,1999.8506,49.300026,5425.9854,['1342_3LT001'],216,1,"['L9AOPA1' 'L9AOPB1' 'L9AOPD1' 'L9AOPA2' 'L9AOPB2' 'L9AOPD2' 'L9AOPA3'
 'L9AOPB3' 'L9AOPD3']",216,9
1343_0LT001,2104.7693,47.87943,5417.5166,['1343_0LT001'],216,1,"['P319QA1' 'P319QB1' 'P319QD1' 'P319QA2' 'P319QB2' 'P319QD2' 'P319QA3'
 'P319QB3' 'P319QD3']",216,9
1343_1LT001,518.107,57.299595,1226.1371,['1343_1LT001'],48,1,['3V9GAB1' '3V9GAB2'],48,2
1343_2LT001,994.3108,56.357372,2442.637,['1343_2LT001'],96,1,['VGLQ3B1' 'VGLQ3D1' 'VGLQ3B2' 'VGLQ3D2'],96,4
1344_0LT001,2327.604,46.674747,5624.863,['1344_0LT001'],216,1,"['91AG3A1' '91AG3B1' '91AG3D1' '91AG3A2' '91AG3B2' '91AG3D2' '91AG3A3'
 '91AG3B3' '91AG3D3']",216,9
1344_1LT001,2160.7205,49.033512,5453.036,['1344_1LT001'],216,1,"['PV1OGA1' 'PV1OGB1' 'PV1OGD1' 'PV1OGA2' 'PV1OGB2' 'PV1OGD2' 'PV1OGA3'
 'PV1OGB3' 'PV1OGD3']",216,9
1344_2LT001,2112.665,51.774982,5239.0586,['1344_2LT001'],216,1,"['1Q9G3A1' '1Q9G3B1' '1Q9G3D1' '1Q9G3A2' '1Q9G3B2' '1Q9G3D2' '1Q9G3A3'
 '1Q9G3B3' '1Q9G3D3']",216,9
1345_0LT001,905.6162,45.23792,2534.4841,['1345_0LT001'],96,1,['1VLAGB1' '1VLAGD1' '1VLAGB2' '1VLAGD2'],96,4
1345_1LT001,1465.0471,49.99079,3347.9827,['1345_1LT001'],144,1,['GO9VAA1' 'GO9VAB1' 'GO9VAA2' 'GO9VAB2' 'GO9VAA3' 'GO9VAB3'],144,6
1345_2LT001,2103.614,49.31729,5161.0664,['1345_2LT001'],216,1,"['V1O3QA1' 'V1O3QB1' 'V1O3QC1' 'V1O3QA2' 'V1O3QB2' 'V1O3QC2' 'V1O3QA3'
 'V1O3QB3' 'V1O3QC3']",216,9
1346_0LT001,2224.1409,48.396416,5684.9683,['1346_0LT001'],216,1,"['P9L1QA1' 'P9L1QB1' 'P9L1QD1' 'P9L1QA2' 'P9L1QB2' 'P9L1QD2' 'P9L1QA3'
 'P9L1QB3' 'P9L1QD3']",216,9
1346_1LT001,2192.7214,54.850418,5614.9434,['1346_1LT001'],216,1,"['OG319A1' 'OG319B1' 'OG319D1' 'OG319A2' 'OG319B2' 'OG319D2' 'OG319A3'
 'OG319B3' 'OG319D3']",216,9
1346_2LT001,2236.4995,48.2112,5389.5576,['1346_2LT001'],216,1,"['QL193A1' 'QL193B1' 'QL193D1' 'QL193A2' 'QL193B2' 'QL193D2' 'QL193A3'
 'QL193B3' 'QL193D3']",216,9
1347_0LT001,886.75073,52.760326,2284.5828,['1347_0LT001'],96,1,['GVAP9B1' 'GVAP9D1' 'GVAP9B2' 'GVAP9D2'],96,4
1347_1LT001,2136.7427,49.946636,5529.5083,['1347_1LT001'],216,1,"['OVQ1LA1' 'OVQ1LB1' 'OVQ1LC1' 'OVQ1LA2' 'OVQ1LB2' 'OVQ1LC2' 'OVQ1LA3'
 'OVQ1LB3' 'OVQ1LC3']",216,9
1347_2LT001,2111.2046,48.863483,4990.9,['1347_2LT001'],216,1,"['9P31OA1' '9P31OB1' '9P31OD1' '9P31OA2' '9P31OB2' '9P31OD2' '9P31OA3'
 '9P31OB3' '9P31OD3']",216,9
1348_0LT001,2014.1267,47.97527,5203.398,['1348_0LT001'],216,1,"['QV3GLA1' 'QV3GLB1' 'QV3GLD1' 'QV3GLA2' 'QV3GLB2' 'QV3GLD2' 'QV3GLA3'
 'QV3GLB3' 'QV3GLD3']",216,9
1348_1LT001,1409.4003,48.424152,3354.4119,['1348_1LT001'],144,1,['VG3OPA1' 'VG3OPB1' 'VG3OPA2' 'VG3OPB2' 'VG3OPA3' 'VG3OPB3'],144,6
1348_2LT001,2144.8533,47.87339,5417.092,['1348_2LT001'],216,1,"['VL3PAA1' 'VL3PAB1' 'VL3PAC1' 'VL3PAA2' 'VL3PAB2' 'VL3PAC2' 'VL3PAA3'
 'VL3PAB3' 'VL3PAC3']",216,9
1348_3LT001,2238.4873,54.561253,5189.7036,['1348_3LT001'],216,1,"['GP1OQA1' 'GP1OQB1' 'GP1OQC1' 'GP1OQA2' 'GP1OQB2' 'GP1OQC2' 'GP1OQA3'
 'GP1OQB3' 'GP1OQC3']",216,9
1349_0LT001,1900.1351,49.700512,5636.6577,['1349_0LT001'],216,1,"['1OGQAA1' '1OGQAB1' '1OGQAC1' '1OGQAA2' '1OGQAB2' '1OGQAC2' '1OGQAA3'
 '1OGQAB3' '1OGQAC3']",216,9
1349_1LT001,1329.4939,51.700645,3328.8298,['1349_1LT001'],144,1,['P9AGLA1' 'P9AGLB1' 'P9AGLA2' 'P9AGLB2' 'P9AGLA3' 'P9AGLB3'],144,6
1349_2LT001,478.78125,47.090317,1335.6067,['1349_2LT001'],48,1,['1OVQ3B1' '1OVQ3B2'],48,2
1350_0LT001,497.21307,48.336346,1013.7804,['1350_0LT001'],48,1,['1OLGQB1' '1OLGQB2'],48,2
1350_1LT001,2165.9907,47.32568,5319.9546,['1350_1LT001'],216,1,"['OGV9LA1' 'OGV9LB1' 'OGV9LD1' 'OGV9LA2' 'OGV9LB2' 'OGV9LD2' 'OGV9LA3'
 'OGV9LB3' 'OGV9LD3']",216,9
1350_2LT001,468.45422,49.573277,1374.2275,['1350_2LT001'],48,1,['9AL13B1' '9AL13B2'],48,2
1350_3LT001,2070.8252,50.937588,5728.7373,['1350_3LT001'],216,1,"['ALVG1A1' 'ALVG1B1' 'ALVG1C1' 'ALVG1A2' 'ALVG1B2' 'ALVG1C2' 'ALVG1A3'
 'ALVG1B3' 'ALVG1C3']",216,9
1351_0LT001,2221.198,51.540737,5171.724,['1351_0LT001'],216,1,"['O9LA1A1' 'O9LA1B1' 'O9LA1C1' 'O9LA1A2' 'O9LA1B2' 'O9LA1C2' 'O9LA1A3'
 'O9LA1B3' 'O9LA1C3']",216,9
1351_1LT001,998.7047,51.393818,2407.571,['1351_1LT001'],96,1,['39OGPB1' '39OGPD1' '39OGPB2' '39OGPD2'],96,4
1351_2LT001,2226.0842,49.823395,5667.43,['1351_2LT001'],216,1,"['A1LOQA1' 'A1LOQB1' 'A1LOQD1' 'A1LOQA2' 'A1LOQB2' 'A1LOQD2' 'A1LOQA3'
 'A1LOQB3' 'A1LOQD3']",216,9
1351_3LT001,2114.5122,51.09378,5337.468,['1351_3LT001'],216,1,"['VPG9QA1' 'VPG9QB1' 'VPG9QD1' 'VPG9QA2' 'VPG9QB2' 'VPG9QD2' 'VPG9QA3'
 'VPG9QB3' 'VPG9QD3']",216,9
1352_0LT001,2282.9182,50.602055,5384.473,['1352_0LT001'],216,1,"['LQ3GVA1' 'LQ3GVB1' 'LQ3GVC1' 'LQ3GVA2' 'LQ3GVB2' 'LQ3GVC2' 'LQ3GVA3'
 'LQ3GVB3' 'LQ3GVC3']",216,9
1352_1LT001,538.49585,51.94806,1270.2728,['1352_1LT001'],48,1,['1OGPLB1' '1OGPLB2'],48,2
1352_2LT001,431.77188,46.680237,1253.3333,['1352_2LT001'],48,1,['L31AQB1' 'L31AQB2'],48,2
1353_0LT001,2070.5842,51.117535,5675.1934,['1353_0LT001'],216,1,"['L193OA1' 'L193OB1' 'L193OD1' 'L193OA2' 'L193OB2' 'L193OD2' 'L193OA3'
 'L193OB3' 'L193OD3']",216,9
1353_1LT001,584.8191,48.7653,1234.0873,['1353_1LT001'],48,1,['GOPL3B1' 'GOPL3B2'],48,2
1353_2LT001,493.52383,47.154327,1404.9237,['1353_2LT001'],48,1,['VPG1LB1' 'VPG1LB2'],48,2
1353_3LT001,2163.2942,48.130875,5339.422,['1353_3LT001'],216,1,"['QVOLPA1' 'QVOLPB1' 'QVOLPC1' 'QVOLPA2' 'QVOLPB2' 'QVOLPC2' 'QVOLPA3'
 'QVOLPB3' 'QVOLPC3']",216,9
1354_0LT001,1491.6913,48.408695,3361.6362,['1354_0LT001'],144,1,['A1O9LA1' 'A1O9LB1' 'A1O9LA2' 'A1O9LB2' 'A1O9LA3' 'A1O9LB3'],144,6
1354_1LT001,2165.3064,51.96485,5514.0728,['1354_1LT001'],216,1,"['P9QALA1' 'P9QALB1' 'P9QALC1' 'P9QALA2' 'P9QALB2' 'P9QALC2' 'P9QALA3'
 'P9QALB3' 'P9QALC3']",216,9
1355_0LT001,2004.1179,50.47569,5399.2,['1355_0LT001'],216,1,"['1OVQLA1' '1OVQLB1' '1OVQLC1' '1OVQLA2' '1OVQLB2' '1OVQLC2' '1OVQLA3'
 '1OVQLB3' '1OVQLC3']",216,9
1355_1LT001,1022.431,46.329327,2421.0132,['1355_1LT001'],96,1,['V1O9AB1' 'V1O9AD1' 'V1O9AB2' 'V1O9AD2'],96,4
1356_0LT001,2042.8184,49.82901,5334.6704,['1356_0LT001'],216,1,"['VAP19A1' 'VAP19B1' 'VAP19D1' 'VAP19A2' 'VAP19B2' 'VAP19D2' 'VAP19A3'
 'VAP19B3' 'VAP19D3']",216,9
1356_1LT001,2037.1381,52.98818,5321.7,['1356_1LT001'],216,1,"['LVQGOA1' 'LVQGOB1' 'LVQGOD1' 'LVQGOA2' 'LVQGOB2' 'LVQGOD2' 'LVQGOA3'
 'LVQGOB3' 'LVQGOD3']",216,9
1356_2LT001,2032.0742,54.555035,5398.382,['1356_2LT001'],216,1,"['OV3A9A1' 'OV3A9B1' 'OV3A9C1' 'OV3A9A2' 'OV3A9B2' 'OV3A9C2' 'OV3A9A3'
 'OV3A9B3' 'OV3A9C3']",216,9
1356_3LT001,2116.926,49.46104,4937.314,['1356_3LT001'],216,1,"['9OVAGA1' '9OVAGB1' '9OVAGD1' '9OVAGA2' '9OVAGB2' '9OVAGD2' '9OVAGA3'
 '9OVAGB3' '9OVAGD3']",216,9
1357_0LT001,2173.0322,48.78239,5474.964,['1357_0LT001'],216,1,"['PVAL3A1' 'PVAL3B1' 'PVAL3C1' 'PVAL3A2' 'PVAL3B2' 'PVAL3C2' 'PVAL3A3'
 'PVAL3B3' 'PVAL3C3']",216,9
1357_1LT001,2210.2415,50.114536,4998.385,['1357_1LT001'],216,1,"['V91OQA1' 'V91OQB1' 'V91OQD1' 'V91OQA2' 'V91OQB2' 'V91OQD2' 'V91OQA3'
 'V91OQB3' 'V91OQD3']",216,9
1357_2LT001,2165.6833,46.735214,5059.581,['1357_2LT001'],216,1,"['QO31LA1' 'QO31LB1' 'QO31LD1' 'QO31LA2' 'QO31LB2' 'QO31LD2' 'QO31LA3'
 'QO31LB3' 'QO31LD3']",216,9
1358_0LT001,2030.743,46.99565,5852.3228,['1358_0LT001'],216,1,"['O3GPQA1' 'O3GPQB1' 'O3GPQC1' 'O3GPQA2' 'O3GPQB2' 'O3GPQC2' 'O3GPQA3'
 'O3GPQB3' 'O3GPQC3']",216,9
1358_1LT001,2395.1965,49.466557,6176.2837,['1358_1LT001'],240,1,"['9APQ3B1' '9APQ3D1' '9APQ3B2' '9APQ3D2' '9APQ3B3' '9APQ3D3' '9APQ3B4'
 '9APQ3D4' '9APQ3B5' '9APQ3D5']",240,10
1358_2LT001,1422.1119,46.25242,3697.2085,['1358_2LT001'],144,1,['GQ9VPA1' 'GQ9VPB1' 'GQ9VPA2' 'GQ9VPB2' 'GQ9VPA3' 'GQ9VPB3'],144,6
1358_3LT001,2187.22,51.058895,5298.972,['1358_3LT001'],216,1,"['PAQ3LA1' 'PAQ3LB1' 'PAQ3LD1' 'PAQ3LA2' 'PAQ3LB2' 'PAQ3LD2' 'PAQ3LA3'
 'PAQ3LB3' 'PAQ3LD3']",216,9
1359_0LT001,2157.778,48.76032,5343.4263,['1359_0LT001'],216,1,"['VOPL1A1' 'VOPL1B1' 'VOPL1D1' 'VOPL1A2' 'VOPL1B2' 'VOPL1D2' 'VOPL1A3'
 'VOPL1B3' 'VOPL1D3']",216,9
1359_1LT001,909.8445,49.281666,2356.2634,['1359_1LT001'],96,1,['LQV1OB1' 'LQV1OD1' 'LQV1OB2' 'LQV1OD2'],96,4
1360_0LT001,2189.996,50.496902,5517.4844,['1360_0LT001'],216,1,"['OV9P3A1' 'OV9P3B1' 'OV9P3C1' 'OV9P3A2' 'OV9P3B2' 'OV9P3C2' 'OV9P3A3'
 'OV9P3B3' 'OV9P3C3']",216,9
1360_1LT001,2086.9558,51.01264,5192.7256,['1360_1LT001'],216,1,"['LQPO9A1' 'LQPO9B1' 'LQPO9D1' 'LQPO9A2' 'LQPO9B2' 'LQPO9D2' 'LQPO9A3'
 'LQPO9B3' 'LQPO9D3']",216,9
1360_2LT001,967.5332,51.49042,2220.495,['1360_2LT001'],96,1,['GL9PQB1' 'GL9PQD1' 'GL9PQB2' 'GL9PQD2'],96,4
1361_0LT001,2185.9434,49.833786,5538.553,['1361_0LT001'],216,1,"['OQVA1A1' 'OQVA1B1' 'OQVA1C1' 'OQVA1A2' 'OQVA1B2' 'OQVA1C2' 'OQVA1A3'
 'OQVA1B3' 'OQVA1C3']",216,9
1361_1LT001,2068.9006,51.257145,5272.8813,['1361_1LT001'],216,1,"['L93V1A1' 'L93V1B1' 'L93V1D1' 'L93V1A2' 'L93V1B2' 'L93V1D2' 'L93V1A3'
 'L93V1B3' 'L93V1D3']",216,9
1361_2LT001,2132.8467,49.443607,5499.5786,['1361_2LT001'],216,1,"['1OAPGA1' '1OAPGB1' '1OAPGD1' '1OAPGA2' '1OAPGB2' '1OAPGD2' '1OAPGA3'
 '1OAPGB3' '1OAPGD3']",216,9
1361_3LT001,2188.5066,47.733418,5322.5273,['1361_3LT001'],216,1,"['PQVGLA1' 'PQVGLB1' 'PQVGLD1' 'PQVGLA2' 'PQVGLB2' 'PQVGLD2' 'PQVGLA3'
 'PQVGLB3' 'PQVGLD3']",216,9
1362_0LT001,531.7211,55.587612,1271.1741,['1362_0LT001'],48,1,['POLVGB1' 'POLVGB2'],48,2
1362_1LT001,1039.5967,50.498722,2215.4136,['1362_1LT001'],96,1,['A3GLOB1' 'A3GLOD1' 'A3GLOB2' 'A3GLOD2'],96,4
1363_0LT001,2331.6892,53.16312,5197.259,['1363_0LT001'],216,1,"['OGPA9A1' 'OGPA9B1' 'OGPA9D1' 'OGPA9A2' 'OGPA9B2' 'OGPA9D2' 'OGPA9A3'
 'OGPA9B3' 'OGPA9D3']",216,9
1363_1LT001,994.76843,49.526672,2561.5762,['1363_1LT001'],96,1,['1GP3QB1' '1GP3QD1' '1GP3QB2' '1GP3QD2'],96,4
1363_2LT001,2121.11,52.209625,5582.3677,['1363_2LT001'],216,1,"['O3L91A1' 'O3L91B1' 'O3L91D1' 'O3L91A2' 'O3L91B2' 'O3L91D2' 'O3L91A3'
 'O3L91B3' 'O3L91D3']",216,9
1363_3LT001,2206.11,49.44153,5096.1045,['1363_3LT001'],216,1,"['39LGAA1' '39LGAB1' '39LGAD1' '39LGAA2' '39LGAB2' '39LGAD2' '39LGAA3'
 '39LGAB3' '39LGAD3']",216,9
1364_0LT001,2183.0413,49.994595,5331.3286,['1364_0LT001'],216,1,"['P1AVLA1' 'P1AVLB1' 'P1AVLD1' 'P1AVLA2' 'P1AVLB2' 'P1AVLD2' 'P1AVLA3'
 'P1AVLB3' 'P1AVLD3']",216,9
1364_1LT001,2216.772,50.091927,5693.6543,['1364_1LT001'],216,1,"['G9QVAA1' 'G9QVAB1' 'G9QVAC1' 'G9QVAA2' 'G9QVAB2' 'G9QVAC2' 'G9QVAA3'
 'G9QVAB3' 'G9QVAC3']",216,9
1364_2LT001,2150.069,51.592422,5362.3667,['1364_2LT001'],216,1,"['VO3PAA1' 'VO3PAB1' 'VO3PAC1' 'VO3PAA2' 'VO3PAB2' 'VO3PAC2' 'VO3PAA3'
 'VO3PAB3' 'VO3PAC3']",216,9
1365_0LT001,1351.14,47.55699,3563.3813,['1365_0LT001'],144,1,['Q1GP9A1' 'Q1GP9B1' 'Q1GP9A2' 'Q1GP9B2' 'Q1GP9A3' 'Q1GP9B3'],144,6
1365_1LT001,2080.9224,51.891575,5338.622,['1365_1LT001'],216,1,"['91ALQA1' '91ALQB1' '91ALQD1' '91ALQA2' '91ALQB2' '91ALQD2' '91ALQA3'
 '91ALQB3' '91ALQD3']",216,9
1365_2LT001,1082.5913,51.004917,2192.9521,['1365_2LT001'],96,1,['3GA1LB1' '3GA1LD1' '3GA1LB2' '3GA1LD2'],96,4
1366_0LT001,2459.7217,50.404377,6173.378,['1366_0LT001'],240,1,"['QV1LAB1' 'QV1LAD1' 'QV1LAB2' 'QV1LAD2' 'QV1LAB3' 'QV1LAD3' 'QV1LAB4'
 'QV1LAD4' 'QV1LAB5' 'QV1LAD5']",240,10
1366_1LT001,1004.10004,45.36659,2125.7717,['1366_1LT001'],96,1,['9POLQB1' '9POLQD1' '9POLQB2' '9POLQD2'],96,4
1367_0LT001,2258.503,50.48787,5397.4243,['1367_0LT001'],216,1,"['AQ3G1A1' 'AQ3G1B1' 'AQ3G1D1' 'AQ3G1A2' 'AQ3G1B2' 'AQ3G1D2' 'AQ3G1A3'
 'AQ3G1B3' 'AQ3G1D3']",216,9
1367_1LT001,1053.5496,51.91476,2506.5818,['1367_1LT001'],96,1,['OGQVAB1' 'OGQVAD1' 'OGQVAB2' 'OGQVAD2'],96,4
1367_2LT001,896.3212,45.045834,2585.076,['1367_2LT001'],96,1,['VL3GPB1' 'VL3GPD1' 'VL3GPB2' 'VL3GPD2'],96,4
1367_3LT001,1003.25867,50.644344,2688.0195,['1367_3LT001'],96,1,['PQOGLB1' 'PQOGLD1' 'PQOGLB2' 'PQOGLD2'],96,4
1368_0LT001,2313.946,48.476032,6147.34,['1368_0LT001'],240,1,"['9OQA3B1' '9OQA3C1' '9OQA3B2' '9OQA3C2' '9OQA3B3' '9OQA3C3' '9OQA3B4'
 '9OQA3C4' '9OQA3B5' '9OQA3C5']",240,10
1368_1LT001,1526.2035,45.906868,3270.6497,['1368_1LT001'],144,1,['A1L9GA1' 'A1L9GB1' 'A1L9GA2' 'A1L9GB2' 'A1L9GA3' 'A1L9GB3'],144,6
1368_2LT001,1498.1105,52.38998,3501.663,['1368_2LT001'],144,1,['G3AQOA1' 'G3AQOB1' 'G3AQOA2' 'G3AQOB2' 'G3AQOA3' 'G3AQOB3'],144,6
1369_0LT001,2064.8667,50.458244,5181.901,['1369_0LT001'],216,1,"['OPG31A1' 'OPG31B1' 'OPG31D1' 'OPG31A2' 'OPG31B2' 'OPG31D2' 'OPG31A3'
 'OPG31B3' 'OPG31D3']",216,9
1369_1LT001,2127.7388,50.385033,5340.0586,['1369_1LT001'],216,1,"['LGVQAA1' 'LGVQAB1' 'LGVQAD1' 'LGVQAA2' 'LGVQAB2' 'LGVQAD2' 'LGVQAA3'
 'LGVQAB3' 'LGVQAD3']",216,9
1369_2LT001,2130.6538,54.555103,5336.7544,['1369_2LT001'],216,1,"['LPVOGA1' 'LPVOGB1' 'LPVOGC1' 'LPVOGA2' 'LPVOGB2' 'LPVOGC2' 'LPVOGA3'
 'LPVOGB3' 'LPVOGC3']",216,9
1370_0LT001,2085.4072,47.99135,5270.4683,['1370_0LT001'],216,1,"['3GLP1A1' '3GLP1B1' '3GLP1D1' '3GLP1A2' '3GLP1B2' '3GLP1D2' '3GLP1A3'
 '3GLP1B3' '3GLP1D3']",216,9
1370_1LT001,2053.3672,51.177174,5815.9487,['1370_1LT001'],216,1,"['OQVA3A1' 'OQVA3B1' 'OQVA3D1' 'OQVA3A2' 'OQVA3B2' 'OQVA3D2' 'OQVA3A3'
 'OQVA3B3' 'OQVA3D3']",216,9
1370_2LT001,1440.5337,48.491646,3308.985,['1370_2LT001'],144,1,['VGLAOA1' 'VGLAOB1' 'VGLAOA2' 'VGLAOB2' 'VGLAOA3' 'VGLAOB3'],144,6
1371_0LT001,1944.321,47.78311,5477.7085,['1371_0LT001'],216,1,"['AL3G1A1' 'AL3G1B1' 'AL3G1C1' 'AL3G1A2' 'AL3G1B2' 'AL3G1C2' 'AL3G1A3'
 'AL3G1B3' 'AL3G1C3']",216,9
1371_1LT001,2265.0369,52.564575,6240.4014,['1371_1LT001'],240,1,"['1AQPOB1' '1AQPOC1' '1AQPOB2' '1AQPOC2' '1AQPOB3' '1AQPOC3' '1AQPOB4'
 '1AQPOC4' '1AQPOB5' '1AQPOC5']",240,10
1372_0LT001,419.54233,44.068745,1351.8224,['1372_0LT001'],48,1,['V3GQLB1' 'V3GQLB2'],48,2
1372_1LT001,1977.1908,51.31734,5535.2686,['1372_1LT001'],216,1,"['OPA9LA1' 'OPA9LB1' 'OPA9LD1' 'OPA9LA2' 'OPA9LB2' 'OPA9LD2' 'OPA9LA3'
 'OPA9LB3' 'OPA9LD3']",216,9
1373_0LT001,452.72845,45.085373,1244.1144,['1373_0LT001'],48,1,['1L9PQB1' '1L9PQB2'],48,2
1373_1LT001,2083.7383,49.460953,5365.979,['1373_1LT001'],216,1,"['9QLP3A1' '9QLP3B1' '9QLP3D1' '9QLP3A2' '9QLP3B2' '9QLP3D2' '9QLP3A3'
 '9QLP3B3' '9QLP3D3']",216,9
1373_2LT001,493.45343,49.147198,1166.4863,['1373_2LT001'],48,1,['G1LOPB1' 'G1LOPB2'],48,2
1373_3LT001,502.10577,52.24461,1215.5035,['1373_3LT001'],48,1,['P9QL1B1' 'P9QL1B2'],48,2
1374_0LT001,2084.6155,49.2519,5598.9556,['1374_0LT001'],216,1,"['3LGO1A1' '3LGO1B1' '3LGO1C1' '3LGO1A2' '3LGO1B2' '3LGO1C2' '3LGO1A3'
 '3LGO1B3' '3LGO1C3']",216,9
1374_1LT001,2315.0054,50.475365,5529.004,['1374_1LT001'],216,1,"['O19APA1' 'O19APB1' 'O19APD1' 'O19APA2' 'O19APB2' 'O19APD2' 'O19APA3'
 'O19APB3' 'O19APD3']",216,9
1374_2LT001,2206.3547,51.680683,5183.1426,['1374_2LT001'],216,1,"['QAOP3A1' 'QAOP3B1' 'QAOP3D1' 'QAOP3A2' 'QAOP3B2' 'QAOP3D2' 'QAOP3A3'
 'QAOP3B3' 'QAOP3D3']",216,9
1375_0LT001,2230.603,50.11245,5214.926,['1375_0LT001'],216,1,"['QVPO9A1' 'QVPO9B1' 'QVPO9D1' 'QVPO9A2' 'QVPO9B2' 'QVPO9D2' 'QVPO9A3'
 'QVPO9B3' 'QVPO9D3']",216,9
1375_1LT001,917.3246,51.406757,2514.3171,['1375_1LT001'],96,1,['PGVA9B1' 'PGVA9D1' 'PGVA9B2' 'PGVA9D2'],96,4
1376_0LT001,2082.4802,51.16189,5352.6074,['1376_0LT001'],216,1,"['AOPVQA1' 'AOPVQB1' 'AOPVQD1' 'AOPVQA2' 'AOPVQB2' 'AOPVQD2' 'AOPVQA3'
 'AOPVQB3' 'AOPVQD3']",216,9
1376_1LT001,2147.5164,51.42433,5099.442,['1376_1LT001'],216,1,"['A1VGPA1' 'A1VGPB1' 'A1VGPC1' 'A1VGPA2' 'A1VGPB2' 'A1VGPC2' 'A1VGPA3'
 'A1VGPB3' 'A1VGPC3']",216,9
1376_2LT001,2154.5352,51.25948,5468.9014,['1376_2LT001'],216,1,"['PG3O1A1' 'PG3O1B1' 'PG3O1C1' 'PG3O1A2' 'PG3O1B2' 'PG3O1C2' 'PG3O1A3'
 'PG3O1B3' 'PG3O1C3']",216,9
1377_0LT001,2230.893,47.461838,5627.365,['1377_0LT001'],216,1,"['G9LAQA1' 'G9LAQB1' 'G9LAQD1' 'G9LAQA2' 'G9LAQB2' 'G9LAQD2' 'G9LAQA3'
 'G9LAQB3' 'G9LAQD3']",216,9
1377_1LT001,943.685,46.262363,2485.7908,['1377_1LT001'],96,1,['AGOPLB1' 'AGOPLD1' 'AGOPLB2' 'AGOPLD2'],96,4
1377_2LT001,2253.79,51.450317,5608.9775,['1377_2LT001'],216,1,"['LOAGQA1' 'LOAGQB1' 'LOAGQD1' 'LOAGQA2' 'LOAGQB2' 'LOAGQD2' 'LOAGQA3'
 'LOAGQB3' 'LOAGQD3']",216,9
1377_3LT001,1437.686,50.407,3644.551,['1377_3LT001'],144,1,['O193LA1' 'O193LB1' 'O193LA2' 'O193LB2' 'O193LA3' 'O193LB3'],144,6
1378_0LT001,969.4238,48.151394,2364.2546,['1378_0LT001'],96,1,['GOA13B1' 'GOA13D1' 'GOA13B2' 'GOA13D2'],96,4
1378_1LT001,2464.1296,51.824764,6049.9053,['1378_1LT001'],240,1,"['O39LGB1' 'O39LGC1' 'O39LGB2' 'O39LGC2' 'O39LGB3' 'O39LGC3' 'O39LGB4'
 'O39LGC4' 'O39LGB5' 'O39LGC5']",240,10
1378_2LT001,481.78604,49.03656,1133.7622,['1378_2LT001'],48,1,['9GOA1B1' '9GOA1B2'],48,2
1379_0LT001,415.34924,53.95816,1089.555,['1379_0LT001'],48,1,['1AQ3GB1' '1AQ3GB2'],48,2
1379_1LT001,2118.8281,50.072037,5318.2383,['1379_1LT001'],216,1,"['ALOQ9A1' 'ALOQ9B1' 'ALOQ9D1' 'ALOQ9A2' 'ALOQ9B2' 'ALOQ9D2' 'ALOQ9A3'
 'ALOQ9B3' 'ALOQ9D3']",216,9
1379_2LT001,1028.101,49.076447,2384.8145,['1379_2LT001'],96,1,['13QOGB1' '13QOGD1' '13QOGB2' '13QOGD2'],96,4
1380_0LT001,2231.0044,48.488323,5318.056,['1380_0LT001'],216,1,"['OQ9LVA1' 'OQ9LVB1' 'OQ9LVD1' 'OQ9LVA2' 'OQ9LVB2' 'OQ9LVD2' 'OQ9LVA3'
 'OQ9LVB3' 'OQ9LVD3']",216,9
1380_1LT001,2497.6118,54.10873,6115.5776,['1380_1LT001'],240,1,"['Q3OLGB1' 'Q3OLGC1' 'Q3OLGB2' 'Q3OLGC2' 'Q3OLGB3' 'Q3OLGC3' 'Q3OLGB4'
 'Q3OLGC4' 'Q3OLGB5' 'Q3OLGC5']",240,10
1380_2LT001,2212.0623,51.018673,5082.745,['1380_2LT001'],216,1,"['LAG3PA1' 'LAG3PB1' 'LAG3PC1' 'LAG3PA2' 'LAG3PB2' 'LAG3PC2' 'LAG3PA3'
 'LAG3PB3' 'LAG3PC3']",216,9
1380_3LT001,1105.1696,54.185665,2648.2441,['1380_3LT001'],96,1,['LPQG9B1' 'LPQG9D1' 'LPQG9B2' 'LPQG9D2'],96,4
1381_0LT001,987.23566,52.32227,2347.8972,['1381_0LT001'],96,1,['PLAVOB1' 'PLAVOD1' 'PLAVOB2' 'PLAVOD2'],96,4
1381_1LT001,1993.3896,51.79429,5579.0776,['1381_1LT001'],216,1,"['PQGA9A1' 'PQGA9B1' 'PQGA9C1' 'PQGA9A2' 'PQGA9B2' 'PQGA9C2' 'PQGA9A3'
 'PQGA9B3' 'PQGA9C3']",216,9
1382_0LT001,2194.4119,50.75066,5156.733,['1382_0LT001'],216,1,"['VLGQ9A1' 'VLGQ9B1' 'VLGQ9C1' 'VLGQ9A2' 'VLGQ9B2' 'VLGQ9C2' 'VLGQ9A3'
 'VLGQ9B3' 'VLGQ9C3']",216,9
1382_1LT001,2178.0828,50.47448,4879.873,['1382_1LT001'],216,1,"['31QO9A1' '31QO9B1' '31QO9D1' '31QO9A2' '31QO9B2' '31QO9D2' '31QO9A3'
 '31QO9B3' '31QO9D3']",216,9
1382_2LT001,2069.134,48.92085,5325.1807,['1382_2LT001'],216,1,"['OA3PVA1' 'OA3PVB1' 'OA3PVC1' 'OA3PVA2' 'OA3PVB2' 'OA3PVC2' 'OA3PVA3'
 'OA3PVB3' 'OA3PVC3']",216,9
1383_0LT001,2223.9478,47.697178,5523.8667,['1383_0LT001'],216,1,"['3O9GPA1' '3O9GPB1' '3O9GPD1' '3O9GPA2' '3O9GPB2' '3O9GPD2' '3O9GPA3'
 '3O9GPB3' '3O9GPD3']",216,9
1383_1LT001,2158.5303,49.593925,5235.242,['1383_1LT001'],216,1,"['3QP19A1' '3QP19B1' '3QP19D1' '3QP19A2' '3QP19B2' '3QP19D2' '3QP19A3'
 '3QP19B3' '3QP19D3']",216,9
1383_2LT001,1413.4083,53.24812,3687.002,['1383_2LT001'],144,1,['3OQA1A1' '3OQA1B1' '3OQA1A2' '3OQA1B2' '3OQA1A3' '3OQA1B3'],144,6
1383_3LT001,2021.2577,51.209885,5657.094,['1383_3LT001'],216,1,"['3LP91A1' '3LP91B1' '3LP91D1' '3LP91A2' '3LP91B2' '3LP91D2' '3LP91A3'
 '3LP91B3' '3LP91D3']",216,9
1384_0LT001,2062.9531,46.87646,5443.487,['1384_0LT001'],216,1,"['OGV3PA1' 'OGV3PB1' 'OGV3PD1' 'OGV3PA2' 'OGV3PB2' 'OGV3PD2' 'OGV3PA3'
 'OGV3PB3' 'OGV3PD3']",216,9
1384_1LT001,1487.8134,48.573387,3461.9792,['1384_1LT001'],144,1,['VP13AA1' 'VP13AB1' 'VP13AA2' 'VP13AB2' 'VP13AA3' 'VP13AB3'],144,6
1385_0LT001,483.22797,54.70547,1224.3718,['1385_0LT001'],48,1,['LQVA3B1' 'LQVA3B2'],48,2
1385_1LT001,2156.7666,51.972214,5643.3613,['1385_1LT001'],216,1,"['AP1V9A1' 'AP1V9B1' 'AP1V9C1' 'AP1V9A2' 'AP1V9B2' 'AP1V9C2' 'AP1V9A3'
 'AP1V9B3' 'AP1V9C3']",216,9
1385_2LT001,2144.3843,47.98355,5279.4263,['1385_2LT001'],216,1,"['1V9PQA1' '1V9PQB1' '1V9PQC1' '1V9PQA2' '1V9PQB2' '1V9PQC2' '1V9PQA3'
 '1V9PQB3' '1V9PQC3']",216,9
1386_0LT001,516.63306,41.56117,1366.5483,['1386_0LT001'],48,1,['19LOGB1' '19LOGB2'],48,2
1386_1LT001,2244.432,50.494026,5517.203,['1386_1LT001'],216,1,"['Q3PL9A1' 'Q3PL9B1' 'Q3PL9D1' 'Q3PL9A2' 'Q3PL9B2' 'Q3PL9D2' 'Q3PL9A3'
 'Q3PL9B3' 'Q3PL9D3']",216,9
1386_2LT001,2097.7058,51.796734,5399.549,['1386_2LT001'],216,1,"['3AV1GA1' '3AV1GB1' '3AV1GD1' '3AV1GA2' '3AV1GB2' '3AV1GD2' '3AV1GA3'
 '3AV1GB3' '3AV1GD3']",216,9
1387_0LT001,1240.2686,50.12133,3098.624,['1387_0LT001'],120,1,['Q9AO3B1' 'Q9AO3B2' 'Q9AO3B3' 'Q9AO3B4' 'Q9AO3B5'],120,5
1387_1LT001,2107.5593,48.151714,5303.8594,['1387_1LT001'],216,1,"['O9P31A1' 'O9P31B1' 'O9P31C1' 'O9P31A2' 'O9P31B2' 'O9P31C2' 'O9P31A3'
 'O9P31B3' 'O9P31C3']",216,9
1388_0LT001,2096.9573,47.35063,5403.047,['1388_0LT001'],216,1,"['Q3AGVA1' 'Q3AGVB1' 'Q3AGVD1' 'Q3AGVA2' 'Q3AGVB2' 'Q3AGVD2' 'Q3AGVA3'
 'Q3AGVB3' 'Q3AGVD3']",216,9
1388_1LT001,509.5836,45.660583,1198.4913,['1388_1LT001'],48,1,['3LQV9B1' '3LQV9B2'],48,2
1388_2LT001,2077.3687,50.422287,5023.208,['1388_2LT001'],216,1,"['9GP1VA1' '9GP1VB1' '9GP1VC1' '9GP1VA2' '9GP1VB2' '9GP1VC2' '9GP1VA3'
 '9GP1VB3' '9GP1VC3']",216,9
1389_0LT001,2276.0222,51.743515,5246.266,['1389_0LT001'],216,1,"['QVGOLA1' 'QVGOLB1' 'QVGOLD1' 'QVGOLA2' 'QVGOLB2' 'QVGOLD2' 'QVGOLA3'
 'QVGOLB3' 'QVGOLD3']",216,9
1389_1LT001,1453.7659,51.19654,3683.6377,['1389_1LT001'],144,1,['POQG9A1' 'POQG9B1' 'POQG9A2' 'POQG9B2' 'POQG9A3' 'POQG9B3'],144,6
1389_2LT001,1439.4554,51.12362,3624.1658,['1389_2LT001'],144,1,['LGQ91A1' 'LGQ91B1' 'LGQ91A2' 'LGQ91B2' 'LGQ91A3' 'LGQ91B3'],144,6
1389_3LT001,2071.7637,49.497444,5443.05,['1389_3LT001'],216,1,"['O19AGA1' 'O19AGB1' 'O19AGD1' 'O19AGA2' 'O19AGB2' 'O19AGD2' 'O19AGA3'
 'O19AGB3' 'O19AGD3']",216,9
1390_0LT001,2128.9155,51.184498,5442.4146,['1390_0LT001'],216,1,"['G1VAOA1' 'G1VAOB1' 'G1VAOC1' 'G1VAOA2' 'G1VAOB2' 'G1VAOC2' 'G1VAOA3'
 'G1VAOB3' 'G1VAOC3']",216,9
1390_1LT001,2184.9905,53.22221,5766.4844,['1390_1LT001'],216,1,"['1OA3QA1' '1OA3QB1' '1OA3QD1' '1OA3QA2' '1OA3QB2' '1OA3QD2' '1OA3QA3'
 '1OA3QB3' '1OA3QD3']",216,9
1390_2LT001,937.9304,51.088375,2197.4685,['1390_2LT001'],96,1,['9GO1QB1' '9GO1QD1' '9GO1QB2' '9GO1QD2'],96,4
1390_3LT001,2303.4868,50.34429,5378.884,['1390_3LT001'],216,1,"['OLPA3A1' 'OLPA3B1' 'OLPA3D1' 'OLPA3A2' 'OLPA3B2' 'OLPA3D2' 'OLPA3A3'
 'OLPA3B3' 'OLPA3D3']",216,9
1391_0LT001,1470.5822,54.229584,3659.2983,['1391_0LT001'],144,1,['1AO9LA1' '1AO9LB1' '1AO9LA2' '1AO9LB2' '1AO9LA3' '1AO9LB3'],144,6
1391_1LT001,1516.0393,50.77136,3608.0264,['1391_1LT001'],144,1,['9O1LVA1' '9O1LVB1' '9O1LVA2' '9O1LVB2' '9O1LVA3' '9O1LVB3'],144,6
1391_2LT001,2214.0305,50.746117,5648.022,['1391_2LT001'],216,1,"['OLGVAA1' 'OLGVAB1' 'OLGVAC1' 'OLGVAA2' 'OLGVAB2' 'OLGVAC2' 'OLGVAA3'
 'OLGVAB3' 'OLGVAC3']",216,9
1391_3LT001,2219.7559,45.808983,5411.7007,['1391_3LT001'],216,1,"['P3G1OA1' 'P3G1OB1' 'P3G1OD1' 'P3G1OA2' 'P3G1OB2' 'P3G1OD2' 'P3G1OA3'
 'P3G1OB3' 'P3G1OD3']",216,9
1392_0LT001,2041.5977,52.351643,5358.7354,['1392_0LT001'],216,1,"['AGPOVA1' 'AGPOVB1' 'AGPOVC1' 'AGPOVA2' 'AGPOVB2' 'AGPOVC2' 'AGPOVA3'
 'AGPOVB3' 'AGPOVC3']",216,9
1392_1LT001,487.21283,51.7464,1233.5798,['1392_1LT001'],48,1,['LAO31B1' 'LAO31B2'],48,2
1392_2LT001,1442.4082,49.8203,3839.6575,['1392_2LT001'],144,1,['3PQO9A1' '3PQO9B1' '3PQO9A2' '3PQO9B2' '3PQO9A3' '3PQO9B3'],144,6
1392_3LT001,2200.6392,47.508213,5307.708,['1392_3LT001'],216,1,"['P3VA1A1' 'P3VA1B1' 'P3VA1D1' 'P3VA1A2' 'P3VA1B2' 'P3VA1D2' 'P3VA1A3'
 'P3VA1B3' 'P3VA1D3']",216,9
1393_0LT001,1030.1732,52.43333,2287.504,['1393_0LT001'],96,1,['1AOVQB1' '1AOVQD1' '1AOVQB2' '1AOVQD2'],96,4
1393_1LT001,1017.1859,45.62914,2338.8027,['1393_1LT001'],96,1,['PG1VOB1' 'PG1VOD1' 'PG1VOB2' 'PG1VOD2'],96,4
1393_2LT001,409.43045,50.355423,1148.4196,['1393_2LT001'],48,1,['LVPA3B1' 'LVPA3B2'],48,2
1394_0LT001,2045.4279,49.150078,5469.071,['1394_0LT001'],216,1,"['G3OP1A1' 'G3OP1B1' 'G3OP1D1' 'G3OP1A2' 'G3OP1B2' 'G3OP1D2' 'G3OP1A3'
 'G3OP1B3' 'G3OP1D3']",216,9
1394_1LT001,2196.3318,52.333225,5121.5044,['1394_1LT001'],216,1,"['Q1GL9A1' 'Q1GL9B1' 'Q1GL9D1' 'Q1GL9A2' 'Q1GL9B2' 'Q1GL9D2' 'Q1GL9A3'
 'Q1GL9B3' 'Q1GL9D3']",216,9
1395_0LT001,2382.1138,53.20216,6071.5693,['1395_0LT001'],240,1,"['AGP19B1' 'AGP19C1' 'AGP19B2' 'AGP19C2' 'AGP19B3' 'AGP19C3' 'AGP19B4'
 'AGP19C4' 'AGP19B5' 'AGP19C5']",240,10
1395_1LT001,2268.6313,49.96554,5520.6636,['1395_1LT001'],216,1,"['1VGL3A1' '1VGL3B1' '1VGL3D1' '1VGL3A2' '1VGL3B2' '1VGL3D2' '1VGL3A3'
 '1VGL3B3' '1VGL3D3']",216,9
1396_0LT001,2191.3633,53.99959,5537.8027,['1396_0LT001'],216,1,"['LP1VGA1' 'LP1VGB1' 'LP1VGD1' 'LP1VGA2' 'LP1VGB2' 'LP1VGD2' 'LP1VGA3'
 'LP1VGB3' 'LP1VGD3']",216,9
1396_1LT001,900.2392,52.55933,2374.9858,['1396_1LT001'],96,1,['QOV1PB1' 'QOV1PD1' 'QOV1PB2' 'QOV1PD2'],96,4
1397_0LT001,2148.2507,50.96138,5276.685,['1397_0LT001'],216,1,"['LAO1VA1' 'LAO1VB1' 'LAO1VD1' 'LAO1VA2' 'LAO1VB2' 'LAO1VD2' 'LAO1VA3'
 'LAO1VB3' 'LAO1VD3']",216,9
1397_1LT001,2256.4446,48.821392,5406.058,['1397_1LT001'],216,1,"['9OPA3A1' '9OPA3B1' '9OPA3C1' '9OPA3A2' '9OPA3B2' '9OPA3C2' '9OPA3A3'
 '9OPA3B3' '9OPA3C3']",216,9
1398_0LT001,2068.3494,50.17317,5580.7354,['1398_0LT001'],216,1,"['VLPG9A1' 'VLPG9B1' 'VLPG9D1' 'VLPG9A2' 'VLPG9B2' 'VLPG9D2' 'VLPG9A3'
 'VLPG9B3' 'VLPG9D3']",216,9
1398_1LT001,2265.6145,49.923126,5253.5586,['1398_1LT001'],216,1,"['ALVGOA1' 'ALVGOB1' 'ALVGOD1' 'ALVGOA2' 'ALVGOB2' 'ALVGOD2' 'ALVGOA3'
 'ALVGOB3' 'ALVGOD3']",216,9
1399_0LT001,2156.7717,47.816277,5422.377,['1399_0LT001'],216,1,"['A1Q3VA1' 'A1Q3VB1' 'A1Q3VD1' 'A1Q3VA2' 'A1Q3VB2' 'A1Q3VD2' 'A1Q3VA3'
 'A1Q3VB3' 'A1Q3VD3']",216,9
1399_1LT001,2124.7869,48.31863,5421.207,['1399_1LT001'],216,1,"['1LOAPA1' '1LOAPB1' '1LOAPD1' '1LOAPA2' '1LOAPB2' '1LOAPD2' '1LOAPA3'
 '1LOAPB3' '1LOAPD3']",216,9
1399_2LT001,2096.1206,50.93935,5412.4365,['1399_2LT001'],216,1,"['AG9VQA1' 'AG9VQB1' 'AG9VQD1' 'AG9VQA2' 'AG9VQB2' 'AG9VQD2' 'AG9VQA3'
 'AG9VQB3' 'AG9VQD3']",216,9
1400_0LT001,2162.6785,54.940975,5637.163,['1400_0LT001'],216,1,"['3LAV9A1' '3LAV9B1' '3LAV9D1' '3LAV9A2' '3LAV9B2' '3LAV9D2' '3LAV9A3'
 '3LAV9B3' '3LAV9D3']",216,9
1400_1LT001,2082.2366,46.409824,5580.0586,['1400_1LT001'],216,1,"['G9QV3A1' 'G9QV3B1' 'G9QV3D1' 'G9QV3A2' 'G9QV3B2' 'G9QV3D2' 'G9QV3A3'
 'G9QV3B3' 'G9QV3D3']",216,9
1401_0LT001,2088.5427,50.957527,5328.711,['1401_0LT001'],216,1,"['VPQAOA1' 'VPQAOB1' 'VPQAOD1' 'VPQAOA2' 'VPQAOB2' 'VPQAOD2' 'VPQAOA3'
 'VPQAOB3' 'VPQAOD3']",216,9
1401_1LT001,2083.8127,52.862183,5677.226,['1401_1LT001'],216,1,"['QP1OGA1' 'QP1OGB1' 'QP1OGD1' 'QP1OGA2' 'QP1OGB2' 'QP1OGD2' 'QP1OGA3'
 'QP1OGB3' 'QP1OGD3']",216,9
1401_2LT001,470.78326,46.087635,1038.526,['1401_2LT001'],48,1,['V9AG1B1' 'V9AG1B2'],48,2
1401_3LT001,477.4285,41.702206,902.2274,['1401_3LT001'],48,1,['POG3AB1' 'POG3AB2'],48,2
1402_0LT001,2218.3188,49.419804,5222.698,['1402_0LT001'],216,1,"['3VPLOA1' '3VPLOB1' '3VPLOD1' '3VPLOA2' '3VPLOB2' '3VPLOD2' '3VPLOA3'
 '3VPLOB3' '3VPLOD3']",216,9
1402_1LT001,1471.1433,50.294228,3602.6843,['1402_1LT001'],144,1,['LGVAOA1' 'LGVAOB1' 'LGVAOA2' 'LGVAOB2' 'LGVAOA3' 'LGVAOB3'],144,6
1403_0LT001,2181.442,49.50244,5308.2817,['1403_0LT001'],216,1,"['3P9AOA1' '3P9AOB1' '3P9AOC1' '3P9AOA2' '3P9AOB2' '3P9AOC2' '3P9AOA3'
 '3P9AOB3' '3P9AOC3']",216,9
1403_1LT001,2171.6196,46.174213,5451.5093,['1403_1LT001'],216,1,"['QAV93A1' 'QAV93B1' 'QAV93D1' 'QAV93A2' 'QAV93B2' 'QAV93D2' 'QAV93A3'
 'QAV93B3' 'QAV93D3']",216,9
1403_2LT001,2159.9446,47.722153,5232.634,['1403_2LT001'],216,1,"['3PV19A1' '3PV19B1' '3PV19D1' '3PV19A2' '3PV19B2' '3PV19D2' '3PV19A3'
 '3PV19B3' '3PV19D3']",216,9
1404_0LT001,2157.8196,50.389507,5420.5425,['1404_0LT001'],216,1,"['OV13QA1' 'OV13QB1' 'OV13QC1' 'OV13QA2' 'OV13QB2' 'OV13QC2' 'OV13QA3'
 'OV13QB3' 'OV13QC3']",216,9
1404_1LT001,2238.374,50.775066,6085.9736,['1404_1LT001'],240,1,"['9PGO1B1' '9PGO1C1' '9PGO1B2' '9PGO1C2' '9PGO1B3' '9PGO1C3' '9PGO1B4'
 '9PGO1C4' '9PGO1B5' '9PGO1C5']",240,10
1405_0LT001,2230.109,50.389423,5453.6646,['1405_0LT001'],216,1,"['V1O3LA1' 'V1O3LB1' 'V1O3LC1' 'V1O3LA2' 'V1O3LB2' 'V1O3LC2' 'V1O3LA3'
 'V1O3LB3' 'V1O3LC3']",216,9
1405_1LT001,2214.4463,53.956547,5180.9697,['1405_1LT001'],216,1,"['LOP19A1' 'LOP19B1' 'LOP19C1' 'LOP19A2' 'LOP19B2' 'LOP19C2' 'LOP19A3'
 'LOP19B3' 'LOP19C3']",216,9
1406_0LT001,2252.165,50.592854,5407.635,['1406_0LT001'],216,1,"['1G3LPA1' '1G3LPB1' '1G3LPD1' '1G3LPA2' '1G3LPB2' '1G3LPD2' '1G3LPA3'
 '1G3LPB3' '1G3LPD3']",216,9
1406_1LT001,2019.3601,50.491478,5505.411,['1406_1LT001'],216,1,"['VPQ3LA1' 'VPQ3LB1' 'VPQ3LD1' 'VPQ3LA2' 'VPQ3LB2' 'VPQ3LD2' 'VPQ3LA3'
 'VPQ3LB3' 'VPQ3LD3']",216,9
1406_2LT001,1409.1483,47.220608,4043.019,['1406_2LT001'],144,1,['G319VA1' 'G319VB1' 'G319VA2' 'G319VB2' 'G319VA3' 'G319VB3'],144,6
1407_0LT001,2266.1235,50.167778,5348.217,['1407_0LT001'],216,1,"['1L3OVA1' '1L3OVB1' '1L3OVC1' '1L3OVA2' '1L3OVB2' '1L3OVC2' '1L3OVA3'
 '1L3OVB3' '1L3OVC3']",216,9
1407_1LT001,2142.7227,50.448025,5117.045,['1407_1LT001'],216,1,"['PQGO9A1' 'PQGO9B1' 'PQGO9D1' 'PQGO9A2' 'PQGO9B2' 'PQGO9D2' 'PQGO9A3'
 'PQGO9B3' 'PQGO9D3']",216,9
1407_2LT001,434.97018,59.91545,1279.3866,['1407_2LT001'],48,1,['GPAV1B1' 'GPAV1B2'],48,2
1408_0LT001,1538.4789,50.69595,3600.5754,['1408_0LT001'],144,1,['13ALQA1' '13ALQB1' '13ALQA2' '13ALQB2' '13ALQA3' '13ALQB3'],144,6
1408_1LT001,2117.476,51.161736,5409.2935,['1408_1LT001'],216,1,"['LQ13GA1' 'LQ13GB1' 'LQ13GD1' 'LQ13GA2' 'LQ13GB2' 'LQ13GD2' 'LQ13GA3'
 'LQ13GB3' 'LQ13GD3']",216,9
1409_0LT001,2161.1165,50.804882,5604.395,['1409_0LT001'],216,1,"['PGO3QA1' 'PGO3QB1' 'PGO3QD1' 'PGO3QA2' 'PGO3QB2' 'PGO3QD2' 'PGO3QA3'
 'PGO3QB3' 'PGO3QD3']",216,9
1409_1LT001,1023.819,52.281178,2315.7505,['1409_1LT001'],96,1,['ALG9QB1' 'ALG9QD1' 'ALG9QB2' 'ALG9QD2'],96,4
1410_0LT001,416.56116,50.778866,1239.4652,['1410_0LT001'],48,1,['GQLV3B1' 'GQLV3B2'],48,2
1410_1LT001,2068.0847,50.01124,5482.9585,['1410_1LT001'],216,1,"['1GAVPA1' '1GAVPB1' '1GAVPC1' '1GAVPA2' '1GAVPB2' '1GAVPC2' '1GAVPA3'
 '1GAVPB3' '1GAVPC3']",216,9
1410_2LT001,2574.8691,48.625977,5846.665,['1410_2LT001'],240,1,"['Q1OLPB1' 'Q1OLPD1' 'Q1OLPB2' 'Q1OLPD2' 'Q1OLPB3' 'Q1OLPD3' 'Q1OLPB4'
 'Q1OLPD4' 'Q1OLPB5' 'Q1OLPD5']",240,10
1410_3LT001,966.2567,49.53374,2531.6638,['1410_3LT001'],96,1,['L9A3QB1' 'L9A3QD1' 'L9A3QB2' 'L9A3QD2'],96,4
1411_0LT001,2150.2205,49.394722,5279.8003,['1411_0LT001'],216,1,"['VLO1QA1' 'VLO1QB1' 'VLO1QD1' 'VLO1QA2' 'VLO1QB2' 'VLO1QD2' 'VLO1QA3'
 'VLO1QB3' 'VLO1QD3']",216,9
1411_1LT001,2128.2288,48.32871,5283.407,['1411_1LT001'],216,1,"['39QLPA1' '39QLPB1' '39QLPC1' '39QLPA2' '39QLPB2' '39QLPC2' '39QLPA3'
 '39QLPB3' '39QLPC3']",216,9
1411_2LT001,1046.6008,51.55472,2573.3333,['1411_2LT001'],96,1,['A1PV3B1' 'A1PV3D1' 'A1PV3B2' 'A1PV3D2'],96,4
1411_3LT001,2226.906,48.394028,4795.101,['1411_3LT001'],216,1,"['LG1P9A1' 'LG1P9B1' 'LG1P9D1' 'LG1P9A2' 'LG1P9B2' 'LG1P9D2' 'LG1P9A3'
 'LG1P9B3' 'LG1P9D3']",216,9
1412_0LT001,501.69287,51.997467,1147.6602,['1412_0LT001'],48,1,['9VQ1PB1' '9VQ1PB2'],48,2
1412_1LT001,1534.5824,50.083866,3231.8777,['1412_1LT001'],144,1,['PGAO1A1' 'PGAO1B1' 'PGAO1A2' 'PGAO1B2' 'PGAO1A3' 'PGAO1B3'],144,6
1412_2LT001,2122.8984,48.933018,5753.9844,['1412_2LT001'],216,1,"['93QAPA1' '93QAPB1' '93QAPC1' '93QAPA2' '93QAPB2' '93QAPC2' '93QAPA3'
 '93QAPB3' '93QAPC3']",216,9
1412_3LT001,2205.5984,50.93514,5492.159,['1412_3LT001'],216,1,"['1OPAQA1' '1OPAQB1' '1OPAQC1' '1OPAQA2' '1OPAQB2' '1OPAQC2' '1OPAQA3'
 '1OPAQB3' '1OPAQC3']",216,9
1413_0LT001,2329.7676,47.523514,5615.568,['1413_0LT001'],216,1,"['39QGVA1' '39QGVB1' '39QGVC1' '39QGVA2' '39QGVB2' '39QGVC2' '39QGVA3'
 '39QGVB3' '39QGVC3']",216,9
1413_1LT001,2094.03,51.297745,5376.4844,['1413_1LT001'],216,1,"['1LA3PA1' '1LA3PB1' '1LA3PC1' '1LA3PA2' '1LA3PB2' '1LA3PC2' '1LA3PA3'
 '1LA3PB3' '1LA3PC3']",216,9
1413_2LT001,450.68863,51.67833,1184.4866,['1413_2LT001'],48,1,['QA3LOB1' 'QA3LOB2'],48,2
1414_0LT001,998.81934,50.099697,2441.342,['1414_0LT001'],96,1,['9OLP3B1' '9OLP3D1' '9OLP3B2' '9OLP3D2'],96,4
1414_1LT001,2108.5808,48.870914,5523.8706,['1414_1LT001'],216,1,"['OPGQ3A1' 'OPGQ3B1' 'OPGQ3D1' 'OPGQ3A2' 'OPGQ3B2' 'OPGQ3D2' 'OPGQ3A3'
 'OPGQ3B3' 'OPGQ3D3']",216,9
1414_2LT001,1016.6068,47.96816,2407.977,['1414_2LT001'],96,1,['3QLPAB1' '3QLPAD1' '3QLPAB2' '3QLPAD2'],96,4
1414_3LT001,2204.8857,49.29648,5370.0913,['1414_3LT001'],216,1,"['G1APVA1' 'G1APVB1' 'G1APVD1' 'G1APVA2' 'G1APVB2' 'G1APVD2' 'G1APVA3'
 'G1APVB3' 'G1APVD3']",216,9
1415_0LT001,2387.3225,45.892025,5453.188,['1415_0LT001'],216,1,"['LOQ3AA1' 'LOQ3AB1' 'LOQ3AD1' 'LOQ3AA2' 'LOQ3AB2' 'LOQ3AD2' 'LOQ3AA3'
 'LOQ3AB3' 'LOQ3AD3']",216,9
1415_1LT001,2300.4043,45.973743,5908.889,['1415_1LT001'],240,1,"['L9Q13B1' 'L9Q13D1' 'L9Q13B2' 'L9Q13D2' 'L9Q13B3' 'L9Q13D3' 'L9Q13B4'
 'L9Q13D4' 'L9Q13B5' 'L9Q13D5']",240,10
1415_2LT001,2237.8384,46.467484,5728.3975,['1415_2LT001'],216,1,"['OLQPGA1' 'OLQPGB1' 'OLQPGD1' 'OLQPGA2' 'OLQPGB2' 'OLQPGD2' 'OLQPGA3'
 'OLQPGB3' 'OLQPGD3']",216,9
1415_3LT001,2074.3352,51.046883,5427.1777,['1415_3LT001'],216,1,"['9LG3OA1' '9LG3OB1' '9LG3OD1' '9LG3OA2' '9LG3OB2' '9LG3OD2' '9LG3OA3'
 '9LG3OB3' '9LG3OD3']",216,9
1416_0LT001,2539.3723,53.43661,5832.0757,['1416_0LT001'],240,1,"['13G9AB1' '13G9AD1' '13G9AB2' '13G9AD2' '13G9AB3' '13G9AD3' '13G9AB4'
 '13G9AD4' '13G9AB5' '13G9AD5']",240,10
1416_1LT001,2122.787,50.057323,5378.918,['1416_1LT001'],216,1,"['V3LG9A1' 'V3LG9B1' 'V3LG9C1' 'V3LG9A2' 'V3LG9B2' 'V3LG9C2' 'V3LG9A3'
 'V3LG9B3' 'V3LG9C3']",216,9
1416_2LT001,2186.0088,51.304935,5403.9165,['1416_2LT001'],216,1,"['VG1L3A1' 'VG1L3B1' 'VG1L3C1' 'VG1L3A2' 'VG1L3B2' 'VG1L3C2' 'VG1L3A3'
 'VG1L3B3' 'VG1L3C3']",216,9
1417_0LT001,2136.853,50.43414,5497.951,['1417_0LT001'],216,1,"['O3L9GA1' 'O3L9GB1' 'O3L9GC1' 'O3L9GA2' 'O3L9GB2' 'O3L9GC2' 'O3L9GA3'
 'O3L9GB3' 'O3L9GC3']",216,9
1417_1LT001,452.33563,54.613422,1183.9066,['1417_1LT001'],48,1,['93O1PB1' '93O1PB2'],48,2
1417_2LT001,1469.259,51.396896,3601.0474,['1417_2LT001'],144,1,['OP3QLA1' 'OP3QLB1' 'OP3QLA2' 'OP3QLB2' 'OP3QLA3' 'OP3QLB3'],144,6
1418_0LT001,2343.4824,49.879887,6171.599,['1418_0LT001'],240,1,"['93LQPB1' '93LQPC1' '93LQPB2' '93LQPC2' '93LQPB3' '93LQPC3' '93LQPB4'
 '93LQPC4' '93LQPB5' '93LQPC5']",240,10
1418_1LT001,527.9113,46.023174,1157.0839,['1418_1LT001'],48,1,['VPQL3B1' 'VPQL3B2'],48,2
1418_2LT001,2320.7095,47.44172,5339.2915,['1418_2LT001'],216,1,"['OGA3PA1' 'OGA3PB1' 'OGA3PC1' 'OGA3PA2' 'OGA3PB2' 'OGA3PC2' 'OGA3PA3'
 'OGA3PB3' 'OGA3PC3']",216,9
1418_3LT001,1036.1367,49.2834,2418.8945,['1418_3LT001'],96,1,['OQPLVB1' 'OQPLVD1' 'OQPLVB2' 'OQPLVD2'],96,4
1419_0LT001,2178.2173,47.634575,5604.249,['1419_0LT001'],216,1,"['1A3GVA1' '1A3GVB1' '1A3GVD1' '1A3GVA2' '1A3GVB2' '1A3GVD2' '1A3GVA3'
 '1A3GVB3' '1A3GVD3']",216,9
1419_1LT001,1508.9165,44.722824,3741.442,['1419_1LT001'],144,1,['O3LPGA1' 'O3LPGB1' 'O3LPGA2' 'O3LPGB2' 'O3LPGA3' 'O3LPGB3'],144,6
1419_2LT001,2183.6853,48.58935,5549.1616,['1419_2LT001'],216,1,"['LQA1OA1' 'LQA1OB1' 'LQA1OD1' 'LQA1OA2' 'LQA1OB2' 'LQA1OD2' 'LQA1OA3'
 'LQA1OB3' 'LQA1OD3']",216,9
1420_0LT001,2065.5945,47.589016,5174.4546,['1420_0LT001'],216,1,"['A9GV1A1' 'A9GV1B1' 'A9GV1D1' 'A9GV1A2' 'A9GV1B2' 'A9GV1D2' 'A9GV1A3'
 'A9GV1B3' 'A9GV1D3']",216,9
1420_1LT001,2166.4104,49.588303,6016.314,['1420_1LT001'],216,1,"['V1ALQA1' 'V1ALQB1' 'V1ALQC1' 'V1ALQA2' 'V1ALQB2' 'V1ALQC2' 'V1ALQA3'
 'V1ALQB3' 'V1ALQC3']",216,9
1421_0LT001,1412.661,48.18787,3629.9717,['1421_0LT001'],144,1,['A93LPA1' 'A93LPB1' 'A93LPA2' 'A93LPB2' 'A93LPA3' 'A93LPB3'],144,6
1421_1LT001,2115.7017,50.373867,5719.3374,['1421_1LT001'],216,1,"['39A1LA1' '39A1LB1' '39A1LD1' '39A1LA2' '39A1LB2' '39A1LD2' '39A1LA3'
 '39A1LB3' '39A1LD3']",216,9
1421_2LT001,466.25848,41.13606,1080.1196,['1421_2LT001'],48,1,['9O1L3B1' '9O1L3B2'],48,2
1421_3LT001,2085.8174,50.986214,5474.773,['1421_3LT001'],216,1,"['91VQPA1' '91VQPB1' '91VQPC1' '91VQPA2' '91VQPB2' '91VQPC2' '91VQPA3'
 '91VQPB3' '91VQPC3']",216,9
1422_0LT001,948.04834,43.372913,2461.7266,['1422_0LT001'],96,1,['GAL1VB1' 'GAL1VD1' 'GAL1VB2' 'GAL1VD2'],96,4
1422_1LT001,976.32153,49.864872,2346.2795,['1422_1LT001'],96,1,['GOV19B1' 'GOV19D1' 'GOV19B2' 'GOV19D2'],96,4
1423_0LT001,1537.2761,47.668392,3439.2551,['1423_0LT001'],144,1,['3G1VPA1' '3G1VPB1' '3G1VPA2' '3G1VPB2' '3G1VPA3' '3G1VPB3'],144,6
1423_1LT001,2144.6875,47.955776,5549.7974,['1423_1LT001'],216,1,"['1OP9LA1' '1OP9LB1' '1OP9LD1' '1OP9LA2' '1OP9LB2' '1OP9LD2' '1OP9LA3'
 '1OP9LB3' '1OP9LD3']",216,9
1423_2LT001,2159.0642,50.278606,5639.739,['1423_2LT001'],216,1,"['PQGLVA1' 'PQGLVB1' 'PQGLVC1' 'PQGLVA2' 'PQGLVB2' 'PQGLVC2' 'PQGLVA3'
 'PQGLVB3' 'PQGLVC3']",216,9
1423_3LT001,1395.9058,51.713955,3331.0554,['1423_3LT001'],144,1,['QPG3VA1' 'QPG3VB1' 'QPG3VA2' 'QPG3VB2' 'QPG3VA3' 'QPG3VB3'],144,6
1424_0LT001,2120.0718,48.94067,5346.6523,['1424_0LT001'],216,1,"['9OQV3A1' '9OQV3B1' '9OQV3C1' '9OQV3A2' '9OQV3B2' '9OQV3C2' '9OQV3A3'
 '9OQV3B3' '9OQV3C3']",216,9
1424_1LT001,2208.3394,47.43416,5187.0557,['1424_1LT001'],216,1,"['VO1G9A1' 'VO1G9B1' 'VO1G9C1' 'VO1G9A2' 'VO1G9B2' 'VO1G9C2' 'VO1G9A3'
 'VO1G9B3' 'VO1G9C3']",216,9
1425_0LT001,987.2399,50.270657,2478.1035,['1425_0LT001'],96,1,['9LAP3B1' '9LAP3D1' '9LAP3B2' '9LAP3D2'],96,4
1425_1LT001,1008.2115,50.27089,2318.0376,['1425_1LT001'],96,1,['GV3APB1' 'GV3APD1' 'GV3APB2' 'GV3APD2'],96,4
1425_2LT001,2053.8728,51.05173,5274.0894,['1425_2LT001'],216,1,"['V31PAA1' 'V31PAB1' 'V31PAC1' 'V31PAA2' 'V31PAB2' 'V31PAC2' 'V31PAA3'
 'V31PAB3' 'V31PAC3']",216,9
1425_3LT001,2078.7078,47.72898,5324.5913,['1425_3LT001'],216,1,"['P3GVQA1' 'P3GVQB1' 'P3GVQC1' 'P3GVQA2' 'P3GVQB2' 'P3GVQC2' 'P3GVQA3'
 'P3GVQB3' 'P3GVQC3']",216,9
1426_0LT001,2178.0767,46.134384,5759.8027,['1426_0LT001'],216,1,"['VPLQOA1' 'VPLQOB1' 'VPLQOD1' 'VPLQOA2' 'VPLQOB2' 'VPLQOD2' 'VPLQOA3'
 'VPLQOB3' 'VPLQOD3']",216,9
1426_1LT001,2229.2146,50.79164,5397.9956,['1426_1LT001'],216,1,"['L391PA1' 'L391PB1' 'L391PD1' 'L391PA2' 'L391PB2' 'L391PD2' 'L391PA3'
 'L391PB3' 'L391PD3']",216,9
1427_0LT001,2082.2131,48.644947,5556.73,['1427_0LT001'],216,1,"['PO3VAA1' 'PO3VAB1' 'PO3VAD1' 'PO3VAA2' 'PO3VAB2' 'PO3VAD2' 'PO3VAA3'
 'PO3VAB3' 'PO3VAD3']",216,9
1427_1LT001,2139.5037,48.603855,5460.871,['1427_1LT001'],216,1,"['LVP39A1' 'LVP39B1' 'LVP39C1' 'LVP39A2' 'LVP39B2' 'LVP39C2' 'LVP39A3'
 'LVP39B3' 'LVP39C3']",216,9
1428_0LT001,2130.8347,49.767086,5611.212,['1428_0LT001'],216,1,"['V13GOA1' 'V13GOB1' 'V13GOC1' 'V13GOA2' 'V13GOB2' 'V13GOC2' 'V13GOA3'
 'V13GOB3' 'V13GOC3']",216,9
1428_1LT001,2115.8228,49.790737,5347.35,['1428_1LT001'],216,1,"['3PL1GA1' '3PL1GB1' '3PL1GD1' '3PL1GA2' '3PL1GB2' '3PL1GD2' '3PL1GA3'
 '3PL1GB3' '3PL1GD3']",216,9
1428_2LT001,2130.923,51.25311,5589.4824,['1428_2LT001'],216,1,"['GL19OA1' 'GL19OB1' 'GL19OD1' 'GL19OA2' 'GL19OB2' 'GL19OD2' 'GL19OA3'
 'GL19OB3' 'GL19OD3']",216,9
1429_0LT001,2218.4573,51.194794,5219.5483,['1429_0LT001'],216,1,"['1GQ9PA1' '1GQ9PB1' '1GQ9PC1' '1GQ9PA2' '1GQ9PB2' '1GQ9PC2' '1GQ9PA3'
 '1GQ9PB3' '1GQ9PC3']",216,9
1429_1LT001,461.7476,56.11389,1214.0344,['1429_1LT001'],48,1,['OQ3LGB1' 'OQ3LGB2'],48,2
1429_2LT001,510.68784,53.811344,1119.6997,['1429_2LT001'],48,1,['91PVGB1' '91PVGB2'],48,2
1430_0LT001,2211.8538,47.792633,5520.8105,['1430_0LT001'],216,1,"['39VA1A1' '39VA1B1' '39VA1D1' '39VA1A2' '39VA1B2' '39VA1D2' '39VA1A3'
 '39VA1B3' '39VA1D3']",216,9
1430_1LT001,2252.4153,49.094063,5635.6016,['1430_1LT001'],216,1,"['3OGVQA1' '3OGVQB1' '3OGVQD1' '3OGVQA2' '3OGVQB2' '3OGVQD2' '3OGVQA3'
 '3OGVQB3' '3OGVQD3']",216,9
1431_0LT001,2197.6553,49.812923,5578.5513,['1431_0LT001'],216,1,"['VGPA3A1' 'VGPA3B1' 'VGPA3D1' 'VGPA3A2' 'VGPA3B2' 'VGPA3D2' 'VGPA3A3'
 'VGPA3B3' 'VGPA3D3']",216,9
1431_1LT001,2118.704,48.964443,5472.123,['1431_1LT001'],216,1,"['L3QVPA1' 'L3QVPB1' 'L3QVPD1' 'L3QVPA2' 'L3QVPB2' 'L3QVPD2' 'L3QVPA3'
 'L3QVPB3' 'L3QVPD3']",216,9
1431_2LT001,937.9236,49.082027,2551.0657,['1431_2LT001'],96,1,['3VLAOB1' '3VLAOD1' '3VLAOB2' '3VLAOD2'],96,4
1431_3LT001,2118.8735,49.02558,5467.0244,['1431_3LT001'],216,1,"['OV1LAA1' 'OV1LAB1' 'OV1LAC1' 'OV1LAA2' 'OV1LAB2' 'OV1LAC2' 'OV1LAA3'
 'OV1LAB3' 'OV1LAC3']",216,9
1432_0LT001,2185.5632,49.18852,5761.916,['1432_0LT001'],216,1,"['QV1LGA1' 'QV1LGB1' 'QV1LGD1' 'QV1LGA2' 'QV1LGB2' 'QV1LGD2' 'QV1LGA3'
 'QV1LGB3' 'QV1LGD3']",216,9
1432_1LT001,2188.0718,47.681454,5745.5103,['1432_1LT001'],216,1,"['GP9LVA1' 'GP9LVB1' 'GP9LVC1' 'GP9LVA2' 'GP9LVB2' 'GP9LVC2' 'GP9LVA3'
 'GP9LVB3' 'GP9LVC3']",216,9
1433_0LT001,442.17255,49.574894,1136.0999,['1433_0LT001'],48,1,['QOA9PB1' 'QOA9PB2'],48,2
1433_1LT001,2190.202,49.332058,4895.8403,['1433_1LT001'],216,1,"['OVGP9A1' 'OVGP9B1' 'OVGP9C1' 'OVGP9A2' 'OVGP9B2' 'OVGP9C2' 'OVGP9A3'
 'OVGP9B3' 'OVGP9C3']",216,9
1433_2LT001,2217.3452,45.951725,5583.1465,['1433_2LT001'],216,1,"['QV931A1' 'QV931B1' 'QV931C1' 'QV931A2' 'QV931B2' 'QV931C2' 'QV931A3'
 'QV931B3' 'QV931C3']",216,9
1434_0LT001,2137.3962,49.143387,5596.429,['1434_0LT001'],216,1,"['APQ3LA1' 'APQ3LB1' 'APQ3LC1' 'APQ3LA2' 'APQ3LB2' 'APQ3LC2' 'APQ3LA3'
 'APQ3LB3' 'APQ3LC3']",216,9
1434_1LT001,942.49554,54.716305,2446.1938,['1434_1LT001'],96,1,['O9GVPB1' 'O9GVPD1' 'O9GVPB2' 'O9GVPD2'],96,4
1434_2LT001,994.88824,46.06601,2418.1436,['1434_2LT001'],96,1,['OPVQ3B1' 'OPVQ3D1' 'OPVQ3B2' 'OPVQ3D2'],96,4
1434_3LT001,2280.2585,53.58304,5460.353,['1434_3LT001'],216,1,"['9AQLOA1' '9AQLOB1' '9AQLOD1' '9AQLOA2' '9AQLOB2' '9AQLOD2' '9AQLOA3'
 '9AQLOB3' '9AQLOD3']",216,9
1435_0LT001,2043.7466,48.81538,5435.3433,['1435_0LT001'],216,1,"['VO3G9A1' 'VO3G9B1' 'VO3G9C1' 'VO3G9A2' 'VO3G9B2' 'VO3G9C2' 'VO3G9A3'
 'VO3G9B3' 'VO3G9C3']",216,9
1435_1LT001,492.7549,47.025814,1177.6743,['1435_1LT001'],48,1,['QL9GOB1' 'QL9GOB2'],48,2
1436_0LT001,2120.892,46.80157,5335.3306,['1436_0LT001'],216,1,"['AGLV9A1' 'AGLV9B1' 'AGLV9D1' 'AGLV9A2' 'AGLV9B2' 'AGLV9D2' 'AGLV9A3'
 'AGLV9B3' 'AGLV9D3']",216,9
1436_1LT001,2112.7378,50.355858,6104.0796,['1436_1LT001'],216,1,"['OAGL1A1' 'OAGL1B1' 'OAGL1D1' 'OAGL1A2' 'OAGL1B2' 'OAGL1D2' 'OAGL1A3'
 'OAGL1B3' 'OAGL1D3']",216,9
1437_0LT001,2075.6697,52.03522,5443.9697,['1437_0LT001'],216,1,"['POAG9A1' 'POAG9B1' 'POAG9C1' 'POAG9A2' 'POAG9B2' 'POAG9C2' 'POAG9A3'
 'POAG9B3' 'POAG9C3']",216,9
1437_1LT001,1010.816,53.42892,2452.1392,['1437_1LT001'],96,1,['1GPO9B1' '1GPO9D1' '1GPO9B2' '1GPO9D2'],96,4
1437_2LT001,536.68933,48.101425,1074.483,['1437_2LT001'],48,1,['3QLAPB1' '3QLAPB2'],48,2
1437_3LT001,1539.3801,53.168026,3560.2776,['1437_3LT001'],144,1,['OV9GPA1' 'OV9GPB1' 'OV9GPA2' 'OV9GPB2' 'OV9GPA3' 'OV9GPB3'],144,6
1438_0LT001,469.50946,45.20602,1143.2219,['1438_0LT001'],48,1,['LVAPGB1' 'LVAPGB2'],48,2
1438_1LT001,1031.4716,51.218414,2266.8333,['1438_1LT001'],96,1,['1A9OLB1' '1A9OLD1' '1A9OLB2' '1A9OLD2'],96,4
1438_2LT001,402.69092,54.543736,1283.8616,['1438_2LT001'],48,1,['GALP1B1' 'GALP1B2'],48,2
1438_3LT001,2231.2385,49.460495,5396.6675,['1438_3LT001'],216,1,"['O91VGA1' 'O91VGB1' 'O91VGC1' 'O91VGA2' 'O91VGB2' 'O91VGC2' 'O91VGA3'
 'O91VGB3' 'O91VGC3']",216,9
1439_0LT001,2241.023,52.832146,5765.0317,['1439_0LT001'],216,1,"['AQ3LPA1' 'AQ3LPB1' 'AQ3LPC1' 'AQ3LPA2' 'AQ3LPB2' 'AQ3LPC2' 'AQ3LPA3'
 'AQ3LPB3' 'AQ3LPC3']",216,9
1439_1LT001,2261.4558,46.450455,5910.207,['1439_1LT001'],216,1,"['AP3V9A1' 'AP3V9B1' 'AP3V9D1' 'AP3V9A2' 'AP3V9B2' 'AP3V9D2' 'AP3V9A3'
 'AP3V9B3' 'AP3V9D3']",216,9
1440_0LT001,1411.1503,48.247337,3568.1719,['1440_0LT001'],144,1,['VQAG3A1' 'VQAG3B1' 'VQAG3A2' 'VQAG3B2' 'VQAG3A3' 'VQAG3B3'],144,6
1440_1LT001,484.94077,48.55914,1208.354,['1440_1LT001'],48,1,['P39OQB1' 'P39OQB2'],48,2
1440_2LT001,1377.5828,47.322098,3636.001,['1440_2LT001'],144,1,['OAP13A1' 'OAP13B1' 'OAP13A2' 'OAP13B2' 'OAP13A3' 'OAP13B3'],144,6
1440_3LT001,457.49274,54.86871,1309.6447,['1440_3LT001'],48,1,['3LPOQB1' '3LPOQB2'],48,2
1441_0LT001,2387.8884,49.573067,6008.253,['1441_0LT001'],240,1,"['L3A91B1' 'L3A91C1' 'L3A91B2' 'L3A91C2' 'L3A91B3' 'L3A91C3' 'L3A91B4'
 'L3A91C4' 'L3A91B5' 'L3A91C5']",240,10
1441_1LT001,451.12134,47.85388,1322.8496,['1441_1LT001'],48,1,['VG9OPB1' 'VG9OPB2'],48,2
1441_2LT001,2136.4836,48.311504,5324.232,['1441_2LT001'],216,1,"['PGV3LA1' 'PGV3LB1' 'PGV3LD1' 'PGV3LA2' 'PGV3LB2' 'PGV3LD2' 'PGV3LA3'
 'PGV3LB3' 'PGV3LD3']",216,9
1442_0LT001,1421.4143,48.225376,3358.7673,['1442_0LT001'],144,1,['PVAQ3A1' 'PVAQ3B1' 'PVAQ3A2' 'PVAQ3B2' 'PVAQ3A3' 'PVAQ3B3'],144,6
1442_1LT001,1468.9597,52.54619,3400.7197,['1442_1LT001'],144,1,['1O3P9A1' '1O3P9B1' '1O3P9A2' '1O3P9B2' '1O3P9A3' '1O3P9B3'],144,6
1442_2LT001,2243.5217,51.136906,5099.6924,['1442_2LT001'],216,1,"['Q1ALVA1' 'Q1ALVB1' 'Q1ALVC1' 'Q1ALVA2' 'Q1ALVB2' 'Q1ALVC2' 'Q1ALVA3'
 'Q1ALVB3' 'Q1ALVC3']",216,9
1443_0LT001,495.09232,59.1506,1192.6797,['1443_0LT001'],48,1,['31VLAB1' '31VLAB2'],48,2
1443_1LT001,2131.7349,50.74835,5795.4624,['1443_1LT001'],240,1,"['3VLQGB1' '3VLQGD1' '3VLQGB2' '3VLQGD2' '3VLQGB3' '3VLQGD3' '3VLQGB4'
 '3VLQGD4' '3VLQGB5' '3VLQGD5']",240,10
1443_2LT001,2247.5322,48.360172,5213.818,['1443_2LT001'],216,1,"['3PG19A1' '3PG19B1' '3PG19D1' '3PG19A2' '3PG19B2' '3PG19D2' '3PG19A3'
 '3PG19B3' '3PG19D3']",216,9
1444_0LT001,2173.2083,49.9085,5515.3345,['1444_0LT001'],216,1,"['9L1OPA1' '9L1OPB1' '9L1OPD1' '9L1OPA2' '9L1OPB2' '9L1OPD2' '9L1OPA3'
 '9L1OPB3' '9L1OPD3']",216,9
1444_1LT001,2179.4539,52.603153,5315.154,['1444_1LT001'],216,1,"['1GLVAA1' '1GLVAB1' '1GLVAD1' '1GLVAA2' '1GLVAB2' '1GLVAD2' '1GLVAA3'
 '1GLVAB3' '1GLVAD3']",216,9
1444_2LT001,2255.995,49.979996,5278.4277,['1444_2LT001'],216,1,"['PO1L3A1' 'PO1L3B1' 'PO1L3D1' 'PO1L3A2' 'PO1L3B2' 'PO1L3D2' 'PO1L3A3'
 'PO1L3B3' 'PO1L3D3']",216,9
1444_3LT001,2124.81,48.311893,5178.0728,['1444_3LT001'],216,1,"['9P3OQA1' '9P3OQB1' '9P3OQD1' '9P3OQA2' '9P3OQB2' '9P3OQD2' '9P3OQA3'
 '9P3OQB3' '9P3OQD3']",216,9
1445_0LT001,2252.7932,50.467197,5291.801,['1445_0LT001'],216,1,"['G3LOVA1' 'G3LOVB1' 'G3LOVC1' 'G3LOVA2' 'G3LOVB2' 'G3LOVC2' 'G3LOVA3'
 'G3LOVB3' 'G3LOVC3']",216,9
1445_1LT001,2094.0479,50.037346,4991.1826,['1445_1LT001'],216,1,"['AOV9GA1' 'AOV9GB1' 'AOV9GD1' 'AOV9GA2' 'AOV9GB2' 'AOV9GD2' 'AOV9GA3'
 'AOV9GB3' 'AOV9GD3']",216,9
1445_2LT001,2316.8357,48.728176,5232.699,['1445_2LT001'],216,1,"['V1AG3A1' 'V1AG3B1' 'V1AG3D1' 'V1AG3A2' 'V1AG3B2' 'V1AG3D2' 'V1AG3A3'
 'V1AG3B3' 'V1AG3D3']",216,9
1446_0LT001,1392.674,51.58155,3376.207,['1446_0LT001'],144,1,['G1P3AA1' 'G1P3AB1' 'G1P3AA2' 'G1P3AB2' 'G1P3AA3' 'G1P3AB3'],144,6
1446_1LT001,2157.9846,50.226627,5272.748,['1446_1LT001'],216,1,"['31LOVA1' '31LOVB1' '31LOVC1' '31LOVA2' '31LOVB2' '31LOVC2' '31LOVA3'
 '31LOVB3' '31LOVC3']",216,9
1447_0LT001,428.63705,51.110966,1173.9187,['1447_0LT001'],48,1,['Q9GVAB1' 'Q9GVAB2'],48,2
1447_1LT001,468.19037,49.99916,1261.5345,['1447_1LT001'],48,1,['3LQ9OB1' '3LQ9OB2'],48,2
1448_0LT001,2080.4407,50.74034,5489.545,['1448_0LT001'],216,1,"['A1LQPA1' 'A1LQPB1' 'A1LQPC1' 'A1LQPA2' 'A1LQPB2' 'A1LQPC2' 'A1LQPA3'
 'A1LQPB3' 'A1LQPC3']",216,9
1448_1LT001,2142.639,47.451633,5315.7397,['1448_1LT001'],216,1,"['PVGOQA1' 'PVGOQB1' 'PVGOQC1' 'PVGOQA2' 'PVGOQB2' 'PVGOQC2' 'PVGOQA3'
 'PVGOQB3' 'PVGOQC3']",216,9
1448_2LT001,2222.8196,51.996655,5262.2227,['1448_2LT001'],216,1,"['V1OL3A1' 'V1OL3B1' 'V1OL3D1' 'V1OL3A2' 'V1OL3B2' 'V1OL3D2' 'V1OL3A3'
 'V1OL3B3' 'V1OL3D3']",216,9
1448_3LT001,2274.4597,49.91014,5204.5767,['1448_3LT001'],216,1,"['31LAPA1' '31LAPB1' '31LAPD1' '31LAPA2' '31LAPB2' '31LAPD2' '31LAPA3'
 '31LAPB3' '31LAPD3']",216,9
1449_0LT001,2186.8657,50.616665,5590.474,['1449_0LT001'],216,1,"['APO3QA1' 'APO3QB1' 'APO3QC1' 'APO3QA2' 'APO3QB2' 'APO3QC2' 'APO3QA3'
 'APO3QB3' 'APO3QC3']",216,9
1449_1LT001,923.9935,48.575302,2668.1765,['1449_1LT001'],96,1,['LGOVQB1' 'LGOVQD1' 'LGOVQB2' 'LGOVQD2'],96,4
1450_0LT001,2127.9854,51.147438,5550.125,['1450_0LT001'],216,1,"['QP9GVA1' 'QP9GVB1' 'QP9GVC1' 'QP9GVA2' 'QP9GVB2' 'QP9GVC2' 'QP9GVA3'
 'QP9GVB3' 'QP9GVC3']",216,9
1450_1LT001,2235.9722,51.23426,5800.3594,['1450_1LT001'],216,1,"['O1A3LA1' 'O1A3LB1' 'O1A3LD1' 'O1A3LA2' 'O1A3LB2' 'O1A3LD2' 'O1A3LA3'
 'O1A3LB3' 'O1A3LD3']",216,9
1451_0LT001,2205.1692,47.121735,5475.4688,['1451_0LT001'],216,1,"['PV19LA1' 'PV19LB1' 'PV19LC1' 'PV19LA2' 'PV19LB2' 'PV19LC2' 'PV19LA3'
 'PV19LB3' 'PV19LC3']",216,9
1451_1LT001,2227.1367,46.49717,5152.9653,['1451_1LT001'],216,1,"['1QPLOA1' '1QPLOB1' '1QPLOC1' '1QPLOA2' '1QPLOB2' '1QPLOC2' '1QPLOA3'
 '1QPLOB3' '1QPLOC3']",216,9
1452_0LT001,2083.1257,50.03356,5246.962,['1452_0LT001'],216,1,"['GQPOLA1' 'GQPOLB1' 'GQPOLD1' 'GQPOLA2' 'GQPOLB2' 'GQPOLD2' 'GQPOLA3'
 'GQPOLB3' 'GQPOLD3']",216,9
1452_1LT001,2158.9788,49.342724,5518.422,['1452_1LT001'],216,1,"['PL3QGA1' 'PL3QGB1' 'PL3QGC1' 'PL3QGA2' 'PL3QGB2' 'PL3QGC2' 'PL3QGA3'
 'PL3QGB3' 'PL3QGC3']",216,9
1452_2LT001,2407.3635,49.199062,5799.487,['1452_2LT001'],240,1,"['G1QP3B1' 'G1QP3D1' 'G1QP3B2' 'G1QP3D2' 'G1QP3B3' 'G1QP3D3' 'G1QP3B4'
 'G1QP3D4' 'G1QP3B5' 'G1QP3D5']",240,10
1453_0LT001,2450.9287,50.834724,6454.6025,['1453_0LT001'],240,1,"['GA3QVB1' 'GA3QVC1' 'GA3QVB2' 'GA3QVC2' 'GA3QVB3' 'GA3QVC3' 'GA3QVB4'
 'GA3QVC4' 'GA3QVB5' 'GA3QVC5']",240,10
1453_1LT001,2082.0781,51.82053,5447.759,['1453_1LT001'],216,1,"['9POV1A1' '9POV1B1' '9POV1C1' '9POV1A2' '9POV1B2' '9POV1C2' '9POV1A3'
 '9POV1B3' '9POV1C3']",216,9
1453_2LT001,448.50284,55.372692,1197.5793,['1453_2LT001'],48,1,['3QAVGB1' '3QAVGB2'],48,2
1454_0LT001,2271.4314,50.025852,5593.912,['1454_0LT001'],216,1,"['PA93VA1' 'PA93VB1' 'PA93VD1' 'PA93VA2' 'PA93VB2' 'PA93VD2' 'PA93VA3'
 'PA93VB3' 'PA93VD3']",216,9
1454_1LT001,1398.518,48.889206,3770.1426,['1454_1LT001'],144,1,['L9OV3A1' 'L9OV3B1' 'L9OV3A2' 'L9OV3B2' 'L9OV3A3' 'L9OV3B3'],144,6
1455_0LT001,1376.5217,46.8584,3504.5496,['1455_0LT001'],144,1,['V13QAA1' 'V13QAB1' 'V13QAA2' 'V13QAB2' 'V13QAA3' 'V13QAB3'],144,6
1455_1LT001,485.25867,49.131344,1380.2136,['1455_1LT001'],48,1,['L139QB1' 'L139QB2'],48,2
1455_2LT001,2125.197,51.01895,5568.338,['1455_2LT001'],216,1,"['3LA1GA1' '3LA1GB1' '3LA1GC1' '3LA1GA2' '3LA1GB2' '3LA1GC2' '3LA1GA3'
 '3LA1GB3' '3LA1GC3']",216,9
1456_0LT001,2249.477,49.27968,5789.032,['1456_0LT001'],216,1,"['AP1O9A1' 'AP1O9B1' 'AP1O9C1' 'AP1O9A2' 'AP1O9B2' 'AP1O9C2' 'AP1O9A3'
 'AP1O9B3' 'AP1O9C3']",216,9
1456_1LT001,1486.9473,44.02765,3812.9524,['1456_1LT001'],144,1,['QVOP3A1' 'QVOP3B1' 'QVOP3A2' 'QVOP3B2' 'QVOP3A3' 'QVOP3B3'],144,6
1456_2LT001,1421.3279,48.588047,3402.6982,['1456_2LT001'],144,1,['3VAP1A1' '3VAP1B1' '3VAP1A2' '3VAP1B2' '3VAP1A3' '3VAP1B3'],144,6
1456_3LT001,2166.5906,51.44472,5458.607,['1456_3LT001'],216,1,"['G9L3OA1' 'G9L3OB1' 'G9L3OC1' 'G9L3OA2' 'G9L3OB2' 'G9L3OC2' 'G9L3OA3'
 'G9L3OB3' 'G9L3OC3']",216,9
1457_0LT001,2152.7302,48.433273,5247.852,['1457_0LT001'],216,1,"['1GPOAA1' '1GPOAB1' '1GPOAD1' '1GPOAA2' '1GPOAB2' '1GPOAD2' '1GPOAA3'
 '1GPOAB3' '1GPOAD3']",216,9
1457_1LT001,1428.2539,48.844402,3672.6548,['1457_1LT001'],144,1,['APGO3A1' 'APGO3B1' 'APGO3A2' 'APGO3B2' 'APGO3A3' 'APGO3B3'],144,6
1457_2LT001,972.71155,48.08447,2158.4116,['1457_2LT001'],96,1,['O1GPLB1' 'O1GPLD1' 'O1GPLB2' 'O1GPLD2'],96,4
1457_3LT001,1494.1033,52.693226,3550.69,['1457_3LT001'],144,1,['PV3QAA1' 'PV3QAB1' 'PV3QAA2' 'PV3QAB2' 'PV3QAA3' 'PV3QAB3'],144,6
1458_0LT001,988.7852,48.771267,2622.6887,['1458_0LT001'],96,1,['PA3Q9B1' 'PA3Q9D1' 'PA3Q9B2' 'PA3Q9D2'],96,4
1458_1LT001,2171.4934,48.485443,5427.848,['1458_1LT001'],216,1,"['P9VO1A1' 'P9VO1B1' 'P9VO1D1' 'P9VO1A2' 'P9VO1B2' 'P9VO1D2' 'P9VO1A3'
 'P9VO1B3' 'P9VO1D3']",216,9
1459_0LT001,1403.1658,49.297512,3601.6501,['1459_0LT001'],144,1,['P3QL9A1' 'P3QL9B1' 'P3QL9A2' 'P3QL9B2' 'P3QL9A3' 'P3QL9B3'],144,6
1459_1LT001,2157.5444,49.756218,5434.0195,['1459_1LT001'],216,1,"['9OGPVA1' '9OGPVB1' '9OGPVC1' '9OGPVA2' '9OGPVB2' '9OGPVC2' '9OGPVA3'
 '9OGPVB3' '9OGPVC3']",216,9
1459_2LT001,1007.0243,42.298664,2247.382,['1459_2LT001'],96,1,['AQ9VLB1' 'AQ9VLD1' 'AQ9VLB2' 'AQ9VLD2'],96,4
1460_0LT001,2331.6982,46.551785,6109.277,['1460_0LT001'],240,1,"['VPLQ1B1' 'VPLQ1D1' 'VPLQ1B2' 'VPLQ1D2' 'VPLQ1B3' 'VPLQ1D3' 'VPLQ1B4'
 'VPLQ1D4' 'VPLQ1B5' 'VPLQ1D5']",240,10
1460_1LT001,2110.7197,49.833424,5814.6,['1460_1LT001'],216,1,"['OGV9PA1' 'OGV9PB1' 'OGV9PC1' 'OGV9PA2' 'OGV9PB2' 'OGV9PC2' 'OGV9PA3'
 'OGV9PB3' 'OGV9PC3']",216,9
1460_2LT001,2136.887,49.685074,5826.081,['1460_2LT001'],216,1,"['O3VPGA1' 'O3VPGB1' 'O3VPGD1' 'O3VPGA2' 'O3VPGB2' 'O3VPGD2' 'O3VPGA3'
 'O3VPGB3' 'O3VPGD3']",216,9
1460_3LT001,2296.0476,52.663456,5824.9375,['1460_3LT001'],216,1,"['LPGVOA1' 'LPGVOB1' 'LPGVOC1' 'LPGVOA2' 'LPGVOB2' 'LPGVOC2' 'LPGVOA3'
 'LPGVOB3' 'LPGVOC3']",216,9
1461_0LT001,2251.155,52.98166,5427.734,['1461_0LT001'],216,1,"['GLV3OA1' 'GLV3OB1' 'GLV3OD1' 'GLV3OA2' 'GLV3OB2' 'GLV3OD2' 'GLV3OA3'
 'GLV3OB3' 'GLV3OD3']",216,9
1461_1LT001,2026.4904,47.026066,5425.454,['1461_1LT001'],216,1,"['VPQL9A1' 'VPQL9B1' 'VPQL9D1' 'VPQL9A2' 'VPQL9B2' 'VPQL9D2' 'VPQL9A3'
 'VPQL9B3' 'VPQL9D3']",216,9
1462_0LT001,878.82324,49.41339,2468.603,['1462_0LT001'],96,1,['QV31PB1' 'QV31PD1' 'QV31PB2' 'QV31PD2'],96,4
1462_1LT001,485.9944,50.314793,1006.4347,['1462_1LT001'],48,1,['OLAVPB1' 'OLAVPB2'],48,2
1462_2LT001,1266.1089,47.608654,3217.7725,['1462_2LT001'],120,1,['APV1QB1' 'APV1QB2' 'APV1QB3' 'APV1QB4' 'APV1QB5'],120,5
1463_0LT001,1421.5067,50.700912,3621.268,['1463_0LT001'],144,1,['9GP1AA1' '9GP1AB1' '9GP1AA2' '9GP1AB2' '9GP1AA3' '9GP1AB3'],144,6
1463_1LT001,2199.6785,49.978596,5828.4414,['1463_1LT001'],216,1,"['1P93OA1' '1P93OB1' '1P93OD1' '1P93OA2' '1P93OB2' '1P93OD2' '1P93OA3'
 '1P93OB3' '1P93OD3']",216,9
1464_0LT001,511.6028,53.9325,1266.7708,['1464_0LT001'],48,1,['3L9V1B1' '3L9V1B2'],48,2
1464_1LT001,456.3607,53.967953,1203.9417,['1464_1LT001'],48,1,['1QOGAB1' '1QOGAB2'],48,2
1465_0LT001,2318.8425,51.16347,5931.0415,['1465_0LT001'],216,1,"['GA93QA1' 'GA93QB1' 'GA93QD1' 'GA93QA2' 'GA93QB2' 'GA93QD2' 'GA93QA3'
 'GA93QB3' 'GA93QD3']",216,9
1465_1LT001,2187.176,52.7611,5201.8945,['1465_1LT001'],216,1,"['L3V1GA1' 'L3V1GB1' 'L3V1GC1' 'L3V1GA2' 'L3V1GB2' 'L3V1GC2' 'L3V1GA3'
 'L3V1GB3' 'L3V1GC3']",216,9
1465_2LT001,2130.5596,51.084194,5400.6416,['1465_2LT001'],216,1,"['3Q1AGA1' '3Q1AGB1' '3Q1AGD1' '3Q1AGA2' '3Q1AGB2' '3Q1AGD2' '3Q1AGA3'
 '3Q1AGB3' '3Q1AGD3']",216,9
1466_0LT001,482.97675,49.23152,1283.1083,['1466_0LT001'],48,1,['OVLQGB1' 'OVLQGB2'],48,2
1466_1LT001,499.1892,45.39125,1405.9359,['1466_1LT001'],48,1,['V3A91B1' 'V3A91B2'],48,2
1466_2LT001,2194.3323,50.6248,5218.8877,['1466_2LT001'],216,1,"['1VQP9A1' '1VQP9B1' '1VQP9D1' '1VQP9A2' '1VQP9B2' '1VQP9D2' '1VQP9A3'
 '1VQP9B3' '1VQP9D3']",216,9
1467_0LT001,2154.368,48.376274,5371.9697,['1467_0LT001'],216,1,"['PO3G1A1' 'PO3G1B1' 'PO3G1C1' 'PO3G1A2' 'PO3G1B2' 'PO3G1C2' 'PO3G1A3'
 'PO3G1B3' 'PO3G1C3']",216,9
1467_1LT001,2249.1775,50.541134,5332.018,['1467_1LT001'],216,1,"['1OVPLA1' '1OVPLB1' '1OVPLC1' '1OVPLA2' '1OVPLB2' '1OVPLC2' '1OVPLA3'
 '1OVPLB3' '1OVPLC3']",216,9
1467_2LT001,2151.809,48.013115,5402.7324,['1467_2LT001'],216,1,"['Q31LAA1' 'Q31LAB1' 'Q31LAD1' 'Q31LAA2' 'Q31LAB2' 'Q31LAD2' 'Q31LAA3'
 'Q31LAB3' 'Q31LAD3']",216,9
1467_3LT001,1974.0636,49.203762,5628.328,['1467_3LT001'],216,1,"['9AOP3A1' '9AOP3B1' '9AOP3C1' '9AOP3A2' '9AOP3B2' '9AOP3C2' '9AOP3A3'
 '9AOP3B3' '9AOP3C3']",216,9
1468_0LT001,2208.4006,51.31202,5556.671,['1468_0LT001'],216,1,"['VOG93A1' 'VOG93B1' 'VOG93D1' 'VOG93A2' 'VOG93B2' 'VOG93D2' 'VOG93A3'
 'VOG93B3' 'VOG93D3']",216,9
1468_1LT001,1486.0088,46.92101,3501.9631,['1468_1LT001'],144,1,['9A1LVA1' '9A1LVB1' '9A1LVA2' '9A1LVB2' '9A1LVA3' '9A1LVB3'],144,6
1469_0LT001,2188.6582,53.04803,5243.048,['1469_0LT001'],216,1,"['9AO1LA1' '9AO1LB1' '9AO1LD1' '9AO1LA2' '9AO1LB2' '9AO1LD2' '9AO1LA3'
 '9AO1LB3' '9AO1LD3']",216,9
1469_1LT001,2168.3208,49.222965,5881.1416,['1469_1LT001'],216,1,"['LV3GAA1' 'LV3GAB1' 'LV3GAC1' 'LV3GAA2' 'LV3GAB2' 'LV3GAC2' 'LV3GAA3'
 'LV3GAB3' 'LV3GAC3']",216,9
1469_2LT001,913.96985,45.731365,2468.6968,['1469_2LT001'],96,1,['L1PAOB1' 'L1PAOD1' 'L1PAOB2' 'L1PAOD2'],96,4
1469_3LT001,2194.3877,51.425167,5317.7065,['1469_3LT001'],216,1,"['L1G3PA1' 'L1G3PB1' 'L1G3PD1' 'L1G3PA2' 'L1G3PB2' 'L1G3PD2' 'L1G3PA3'
 'L1G3PB3' 'L1G3PD3']",216,9
1470_0LT001,964.45795,52.467922,2288.2937,['1470_0LT001'],96,1,['9QOLVB1' '9QOLVD1' '9QOLVB2' '9QOLVD2'],96,4
1470_1LT001,2247.81,48.883602,5502.276,['1470_1LT001'],216,1,"['G9P31A1' 'G9P31B1' 'G9P31D1' 'G9P31A2' 'G9P31B2' 'G9P31D2' 'G9P31A3'
 'G9P31B3' 'G9P31D3']",216,9
1471_0LT001,2084.7517,48.82991,5567.3193,['1471_0LT001'],216,1,"['1PV39A1' '1PV39B1' '1PV39C1' '1PV39A2' '1PV39B2' '1PV39C2' '1PV39A3'
 '1PV39B3' '1PV39C3']",216,9
1471_1LT001,1012.876,50.273945,2209.2585,['1471_1LT001'],96,1,['OGAP3B1' 'OGAP3D1' 'OGAP3B2' 'OGAP3D2'],96,4
1471_2LT001,1011.9803,44.47394,2151.5334,['1471_2LT001'],96,1,['VP9G1B1' 'VP9G1D1' 'VP9G1B2' 'VP9G1D2'],96,4
1472_0LT001,542.1777,52.830902,1175.5989,['1472_0LT001'],48,1,['G39PQB1' 'G39PQB2'],48,2
1472_1LT001,924.38965,51.94627,2367.8088,['1472_1LT001'],96,1,['LV1O9B1' 'LV1O9D1' 'LV1O9B2' 'LV1O9D2'],96,4
1473_0LT001,469.33905,46.77872,1350.0641,['1473_0LT001'],48,1,['OQ39GB1' 'OQ39GB2'],48,2
1473_1LT001,1437.7438,50.846367,3707.598,['1473_1LT001'],144,1,['1A9GLA1' '1A9GLB1' '1A9GLA2' '1A9GLB2' '1A9GLA3' '1A9GLB3'],144,6
1473_2LT001,2195.7578,48.934837,5222.395,['1473_2LT001'],216,1,"['L9OAGA1' 'L9OAGB1' 'L9OAGD1' 'L9OAGA2' 'L9OAGB2' 'L9OAGD2' 'L9OAGA3'
 'L9OAGB3' 'L9OAGD3']",216,9
1473_3LT001,2218.3613,48.982796,5675.515,['1473_3LT001'],216,1,"['Q1A3LA1' 'Q1A3LB1' 'Q1A3LC1' 'Q1A3LA2' 'Q1A3LB2' 'Q1A3LC2' 'Q1A3LA3'
 'Q1A3LB3' 'Q1A3LC3']",216,9
1474_0LT001,2284.432,49.112278,5349.6763,['1474_0LT001'],216,1,"['9AOV1A1' '9AOV1B1' '9AOV1C1' '9AOV1A2' '9AOV1B2' '9AOV1C2' '9AOV1A3'
 '9AOV1B3' '9AOV1C3']",216,9
1474_1LT001,1365.6453,45.972206,3531.6428,['1474_1LT001'],144,1,['QVOPAA1' 'QVOPAB1' 'QVOPAA2' 'QVOPAB2' 'QVOPAA3' 'QVOPAB3'],144,6
1474_2LT001,942.4328,43.882282,2328.9976,['1474_2LT001'],96,1,['GO1QAB1' 'GO1QAD1' 'GO1QAB2' 'GO1QAD2'],96,4
1475_0LT001,978.47186,47.307556,2369.7595,['1475_0LT001'],96,1,['P3QLAB1' 'P3QLAD1' 'P3QLAB2' 'P3QLAD2'],96,4
1475_1LT001,1209.1348,50.371178,3017.06,['1475_1LT001'],120,1,['91QO3B1' '91QO3B2' '91QO3B3' '91QO3B4' '91QO3B5'],120,5
1476_0LT001,1008.83246,52.337143,2327.6458,['1476_0LT001'],96,1,['Q9LOGB1' 'Q9LOGD1' 'Q9LOGB2' 'Q9LOGD2'],96,4
1476_1LT001,997.1257,51.078785,2504.1582,['1476_1LT001'],96,1,['9P1G3B1' '9P1G3D1' '9P1G3B2' '9P1G3D2'],96,4
1476_2LT001,1055.639,46.664898,2544.557,['1476_2LT001'],96,1,['19AOQB1' '19AOQD1' '19AOQB2' '19AOQD2'],96,4
1477_0LT001,948.351,50.8855,2462.8481,['1477_0LT001'],96,1,['VAOP1B1' 'VAOP1D1' 'VAOP1B2' 'VAOP1D2'],96,4
1477_1LT001,1456.286,46.67037,3522.577,['1477_1LT001'],144,1,['1L39OA1' '1L39OB1' '1L39OA2' '1L39OB2' '1L39OA3' '1L39OB3'],144,6
1477_2LT001,2125.6274,50.97073,5010.968,['1477_2LT001'],216,1,"['O3GL1A1' 'O3GL1B1' 'O3GL1C1' 'O3GL1A2' 'O3GL1B2' 'O3GL1C2' 'O3GL1A3'
 'O3GL1B3' 'O3GL1C3']",216,9
1477_3LT001,1002.58356,55.76973,2731.1104,['1477_3LT001'],96,1,['VOA31B1' 'VOA31D1' 'VOA31B2' 'VOA31D2'],96,4
1478_0LT001,2103.1797,50.74546,5499.8096,['1478_0LT001'],216,1,"['1V3APA1' '1V3APB1' '1V3APD1' '1V3APA2' '1V3APB2' '1V3APD2' '1V3APA3'
 '1V3APB3' '1V3APD3']",216,9
1478_1LT001,2129.465,47.602715,5287.8857,['1478_1LT001'],216,1,"['OV19GA1' 'OV19GB1' 'OV19GD1' 'OV19GA2' 'OV19GB2' 'OV19GD2' 'OV19GA3'
 'OV19GB3' 'OV19GD3']",216,9
1479_0LT001,342.51666,50.286663,1110.6804,['1479_0LT001'],48,1,['1V3OPB1' '1V3OPB2'],48,2
1479_1LT001,2094.7524,48.420883,5158.496,['1479_1LT001'],216,1,"['V1PQ9A1' 'V1PQ9B1' 'V1PQ9D1' 'V1PQ9A2' 'V1PQ9B2' 'V1PQ9D2' 'V1PQ9A3'
 'V1PQ9B3' 'V1PQ9D3']",216,9
1479_2LT001,2120.4863,51.1111,5512.1987,['1479_2LT001'],216,1,"['91GQ3A1' '91GQ3B1' '91GQ3D1' '91GQ3A2' '91GQ3B2' '91GQ3D2' '91GQ3A3'
 '91GQ3B3' '91GQ3D3']",216,9
1480_0LT001,2274.841,52.099716,6194.17,['1480_0LT001'],240,1,"['1VQLGB1' '1VQLGC1' '1VQLGB2' '1VQLGC2' '1VQLGB3' '1VQLGC3' '1VQLGB4'
 '1VQLGC4' '1VQLGB5' '1VQLGC5']",240,10
1480_1LT001,2104.5017,51.131763,5468.3447,['1480_1LT001'],216,1,"['G93LVA1' 'G93LVB1' 'G93LVD1' 'G93LVA2' 'G93LVB2' 'G93LVD2' 'G93LVA3'
 'G93LVB3' 'G93LVD3']",216,9
1480_2LT001,2161.5137,49.711765,5095.46,['1480_2LT001'],216,1,"['1LAVPA1' '1LAVPB1' '1LAVPD1' '1LAVPA2' '1LAVPB2' '1LAVPD2' '1LAVPA3'
 '1LAVPB3' '1LAVPD3']",216,9
1481_0LT001,516.6071,55.373074,1163.103,['1481_0LT001'],48,1,['3GOVLB1' '3GOVLB2'],48,2
1481_1LT001,1476.9547,53.07151,3587.8345,['1481_1LT001'],144,1,['1PGVAA1' '1PGVAB1' '1PGVAA2' '1PGVAB2' '1PGVAA3' '1PGVAB3'],144,6
1481_2LT001,2425.25,49.308422,5949.969,['1481_2LT001'],240,1,"['APQOGB1' 'APQOGD1' 'APQOGB2' 'APQOGD2' 'APQOGB3' 'APQOGD3' 'APQOGB4'
 'APQOGD4' 'APQOGB5' 'APQOGD5']",240,10
1481_3LT001,2114.673,47.27754,5325.0654,['1481_3LT001'],216,1,"['OQA39A1' 'OQA39B1' 'OQA39C1' 'OQA39A2' 'OQA39B2' 'OQA39C2' 'OQA39A3'
 'OQA39B3' 'OQA39C3']",216,9
1482_0LT001,2171.0422,50.542305,5781.891,['1482_0LT001'],216,1,"['3V1PQA1' '3V1PQB1' '3V1PQD1' '3V1PQA2' '3V1PQB2' '3V1PQD2' '3V1PQA3'
 '3V1PQB3' '3V1PQD3']",216,9
1482_1LT001,2247.1587,47.275112,5309.1377,['1482_1LT001'],216,1,"['VLG1PA1' 'VLG1PB1' 'VLG1PD1' 'VLG1PA2' 'VLG1PB2' 'VLG1PD2' 'VLG1PA3'
 'VLG1PB3' 'VLG1PD3']",216,9
1483_0LT001,2049.7437,48.18913,5393.3813,['1483_0LT001'],216,1,"['GQ3APA1' 'GQ3APB1' 'GQ3APC1' 'GQ3APA2' 'GQ3APB2' 'GQ3APC2' 'GQ3APA3'
 'GQ3APB3' 'GQ3APC3']",216,9
1483_1LT001,2202.08,50.732357,5311.0435,['1483_1LT001'],216,1,"['OQP3LA1' 'OQP3LB1' 'OQP3LC1' 'OQP3LA2' 'OQP3LB2' 'OQP3LC2' 'OQP3LA3'
 'OQP3LB3' 'OQP3LC3']",216,9
1483_2LT001,2258.6006,52.844334,5489.679,['1483_2LT001'],216,1,"['P9GLVA1' 'P9GLVB1' 'P9GLVD1' 'P9GLVA2' 'P9GLVB2' 'P9GLVD2' 'P9GLVA3'
 'P9GLVB3' 'P9GLVD3']",216,9
1484_0LT001,2255.844,47.55297,5306.7134,['1484_0LT001'],216,1,"['AQV1PA1' 'AQV1PB1' 'AQV1PD1' 'AQV1PA2' 'AQV1PB2' 'AQV1PD2' 'AQV1PA3'
 'AQV1PB3' 'AQV1PD3']",216,9
1484_1LT001,989.82,53.188892,2473.1277,['1484_1LT001'],96,1,['GP391B1' 'GP391D1' 'GP391B2' 'GP391D2'],96,4
1484_2LT001,2125.654,50.19119,5344.3496,['1484_2LT001'],216,1,"['P1L39A1' 'P1L39B1' 'P1L39D1' 'P1L39A2' 'P1L39B2' 'P1L39D2' 'P1L39A3'
 'P1L39B3' 'P1L39D3']",216,9
1485_0LT001,2180.8567,50.128735,5572.103,['1485_0LT001'],216,1,"['AOVG1A1' 'AOVG1B1' 'AOVG1D1' 'AOVG1A2' 'AOVG1B2' 'AOVG1D2' 'AOVG1A3'
 'AOVG1B3' 'AOVG1D3']",216,9
1485_1LT001,1046.3712,52.065857,2556.4102,['1485_1LT001'],96,1,['LVQ1GB1' 'LVQ1GD1' 'LVQ1GB2' 'LVQ1GD2'],96,4
1485_2LT001,2181.0754,53.553524,5668.543,['1485_2LT001'],216,1,"['L39QPA1' 'L39QPB1' 'L39QPD1' 'L39QPA2' 'L39QPB2' 'L39QPD2' 'L39QPA3'
 'L39QPB3' 'L39QPD3']",216,9
1486_0LT001,2251.3435,45.448055,5095.687,['1486_0LT001'],216,1,"['3VOGLA1' '3VOGLB1' '3VOGLD1' '3VOGLA2' '3VOGLB2' '3VOGLD2' '3VOGLA3'
 '3VOGLB3' '3VOGLD3']",216,9
1486_1LT001,496.71933,50.47295,1139.5487,['1486_1LT001'],48,1,['OA9P1B1' 'OA9P1B2'],48,2
1486_2LT001,529.21344,52.703182,1255.5055,['1486_2LT001'],48,1,['G1A3LB1' 'G1A3LB2'],48,2
1486_3LT001,507.5681,52.490612,1027.8759,['1486_3LT001'],48,1,['9O3ALB1' '9O3ALB2'],48,2
1487_0LT001,2053.1753,47.934406,5605.9585,['1487_0LT001'],216,1,"['1L9VQA1' '1L9VQB1' '1L9VQD1' '1L9VQA2' '1L9VQB2' '1L9VQD2' '1L9VQA3'
 '1L9VQB3' '1L9VQD3']",216,9
1487_1LT001,1343.1128,50.506893,3604.629,['1487_1LT001'],144,1,['AQP9LA1' 'AQP9LB1' 'AQP9LA2' 'AQP9LB2' 'AQP9LA3' 'AQP9LB3'],144,6
1487_2LT001,963.4527,58.471786,2414.0269,['1487_2LT001'],96,1,['VPOALB1' 'VPOALD1' 'VPOALB2' 'VPOALD2'],96,4
1488_0LT001,453.75708,53.629852,1057.9371,['1488_0LT001'],48,1,['3LO9PB1' '3LO9PB2'],48,2
1488_1LT001,1379.8339,52.775105,4124.425,['1488_1LT001'],144,1,['1VQO3A1' '1VQO3B1' '1VQO3A2' '1VQO3B2' '1VQO3A3' '1VQO3B3'],144,6
1488_2LT001,2162.5742,49.082016,5565.404,['1488_2LT001'],216,1,"['OL93AA1' 'OL93AB1' 'OL93AD1' 'OL93AA2' 'OL93AB2' 'OL93AD2' 'OL93AA3'
 'OL93AB3' 'OL93AD3']",216,9
1489_0LT001,2132.1592,49.101505,5221.163,['1489_0LT001'],216,1,"['193LVA1' '193LVB1' '193LVC1' '193LVA2' '193LVB2' '193LVC2' '193LVA3'
 '193LVB3' '193LVC3']",216,9
1489_1LT001,2068.2222,51.368683,5598.8384,['1489_1LT001'],216,1,"['1VA3PA1' '1VA3PB1' '1VA3PD1' '1VA3PA2' '1VA3PB2' '1VA3PD2' '1VA3PA3'
 '1VA3PB3' '1VA3PD3']",216,9
1489_2LT001,2166.2107,50.066925,5556.3774,['1489_2LT001'],216,1,"['1GPVAA1' '1GPVAB1' '1GPVAC1' '1GPVAA2' '1GPVAB2' '1GPVAC2' '1GPVAA3'
 '1GPVAB3' '1GPVAC3']",216,9
1489_3LT001,506.3753,42.09343,1139.5204,['1489_3LT001'],48,1,['GQ1L9B1' 'GQ1L9B2'],48,2
1490_0LT001,505.77594,56.143005,1057.5148,['1490_0LT001'],48,1,['O1LP3B1' 'O1LP3B2'],48,2
1490_1LT001,2170.2217,51.47702,5210.122,['1490_1LT001'],216,1,"['L3GV1A1' 'L3GV1B1' 'L3GV1D1' 'L3GV1A2' 'L3GV1B2' 'L3GV1D2' 'L3GV1A3'
 'L3GV1B3' 'L3GV1D3']",216,9
1490_2LT001,2108.9624,49.690838,5271.9385,['1490_2LT001'],216,1,"['9V1QLA1' '9V1QLB1' '9V1QLD1' '9V1QLA2' '9V1QLB2' '9V1QLD2' '9V1QLA3'
 '9V1QLB3' '9V1QLD3']",216,9
1491_0LT001,2047.3378,47.240032,5496.0913,['1491_0LT001'],216,1,"['19GQAA1' '19GQAB1' '19GQAD1' '19GQAA2' '19GQAB2' '19GQAD2' '19GQAA3'
 '19GQAB3' '19GQAD3']",216,9
1491_1LT001,526.5833,41.991833,1042.6138,['1491_1LT001'],48,1,['QLA1GB1' 'QLA1GB2'],48,2
1491_2LT001,950.0198,54.21358,2343.2776,['1491_2LT001'],96,1,['GVOP1B1' 'GVOP1D1' 'GVOP1B2' 'GVOP1D2'],96,4
1492_0LT001,484.52057,55.430786,1146.549,['1492_0LT001'],48,1,['3VPGLB1' '3VPGLB2'],48,2
1492_1LT001,1329.6038,50.572292,3884.0684,['1492_1LT001'],144,1,['QGO31A1' 'QGO31B1' 'QGO31A2' 'QGO31B2' 'QGO31A3' 'QGO31B3'],144,6
1492_2LT001,1337.2021,51.312954,3543.3115,['1492_2LT001'],144,1,['POA3LA1' 'POA3LB1' 'POA3LA2' 'POA3LB2' 'POA3LA3' 'POA3LB3'],144,6
1492_3LT001,537.707,47.282757,1036.2798,['1492_3LT001'],48,1,['POG19B1' 'POG19B2'],48,2
1493_0LT001,2126.5996,50.236237,5416.178,['1493_0LT001'],216,1,"['LO19AA1' 'LO19AB1' 'LO19AD1' 'LO19AA2' 'LO19AB2' 'LO19AD2' 'LO19AA3'
 'LO19AB3' 'LO19AD3']",216,9
1493_1LT001,2230.4143,49.240036,5388.5854,['1493_1LT001'],216,1,"['G3PVAA1' 'G3PVAB1' 'G3PVAD1' 'G3PVAA2' 'G3PVAB2' 'G3PVAD2' 'G3PVAA3'
 'G3PVAB3' 'G3PVAD3']",216,9
1494_0LT001,527.4208,54.71236,1241.7598,['1494_0LT001'],48,1,['LQ91VB1' 'LQ91VB2'],48,2
1494_1LT001,1350.5668,51.73302,3640.2637,['1494_1LT001'],144,1,['QLG31A1' 'QLG31B1' 'QLG31A2' 'QLG31B2' 'QLG31A3' 'QLG31B3'],144,6
1495_0LT001,1422.8031,51.920567,3941.1035,['1495_0LT001'],144,1,['1QGL9A1' '1QGL9B1' '1QGL9A2' '1QGL9B2' '1QGL9A3' '1QGL9B3'],144,6
1495_1LT001,2122.9656,49.13301,5248.979,['1495_1LT001'],216,1,"['Q391VA1' 'Q391VB1' 'Q391VD1' 'Q391VA2' 'Q391VB2' 'Q391VD2' 'Q391VA3'
 'Q391VB3' 'Q391VD3']",216,9
1496_0LT001,2188.4683,54.176495,5458.28,['1496_0LT001'],216,1,"['AVQOGA1' 'AVQOGB1' 'AVQOGD1' 'AVQOGA2' 'AVQOGB2' 'AVQOGD2' 'AVQOGA3'
 'AVQOGB3' 'AVQOGD3']",216,9
1496_1LT001,2017.3365,51.710636,5492.0527,['1496_1LT001'],216,1,"['P9Q1LA1' 'P9Q1LB1' 'P9Q1LD1' 'P9Q1LA2' 'P9Q1LB2' 'P9Q1LD2' 'P9Q1LA3'
 'P9Q1LB3' 'P9Q1LD3']",216,9
1496_2LT001,1393.8436,51.02078,3455.066,['1496_2LT001'],144,1,['3Q1PVA1' '3Q1PVB1' '3Q1PVA2' '3Q1PVB2' '3Q1PVA3' '3Q1PVB3'],144,6
1497_0LT001,1467.4891,49.752274,3563.6094,['1497_0LT001'],144,1,['19PVGA1' '19PVGB1' '19PVGA2' '19PVGB2' '19PVGA3' '19PVGB3'],144,6
1497_1LT001,966.8801,47.767574,2308.9795,['1497_1LT001'],96,1,['A1VP3B1' 'A1VP3D1' 'A1VP3B2' 'A1VP3D2'],96,4
1497_2LT001,1391.2157,50.823483,3592.9248,['1497_2LT001'],144,1,['1GV3PA1' '1GV3PB1' '1GV3PA2' '1GV3PB2' '1GV3PA3' '1GV3PB3'],144,6
1497_3LT001,2236.1335,51.264713,5476.4746,['1497_3LT001'],216,1,"['LGV13A1' 'LGV13B1' 'LGV13D1' 'LGV13A2' 'LGV13B2' 'LGV13D2' 'LGV13A3'
 'LGV13B3' 'LGV13D3']",216,9
1498_0LT001,1362.8557,51.472214,3624.4866,['1498_0LT001'],144,1,['PGVA1A1' 'PGVA1B1' 'PGVA1A2' 'PGVA1B2' 'PGVA1A3' 'PGVA1B3'],144,6
1498_1LT001,487.63507,47.2553,1124.2726,['1498_1LT001'],48,1,['1VO9LB1' '1VO9LB2'],48,2
1498_2LT001,1982.5886,51.411526,5414.2896,['1498_2LT001'],216,1,"['9V1AOA1' '9V1AOB1' '9V1AOC1' '9V1AOA2' '9V1AOB2' '9V1AOC2' '9V1AOA3'
 '9V1AOB3' '9V1AOC3']",216,9
1498_3LT001,960.98425,49.525696,2559.4614,['1498_3LT001'],96,1,['9LQAOB1' '9LQAOD1' '9LQAOB2' '9LQAOD2'],96,4
1499_0LT001,2197.1665,52.056282,5141.1167,['1499_0LT001'],216,1,"['93QPAA1' '93QPAB1' '93QPAD1' '93QPAA2' '93QPAB2' '93QPAD2' '93QPAA3'
 '93QPAB3' '93QPAD3']",216,9
1499_1LT001,2113.0522,47.2143,5676.9717,['1499_1LT001'],216,1,"['G39QPA1' 'G39QPB1' 'G39QPC1' 'G39QPA2' 'G39QPB2' 'G39QPC2' 'G39QPA3'
 'G39QPB3' 'G39QPC3']",216,9
1500_0LT001,2216.8198,52.177963,5363.7905,['1500_0LT001'],216,1,"['L3G9AA1' 'L3G9AB1' 'L3G9AC1' 'L3G9AA2' 'L3G9AB2' 'L3G9AC2' 'L3G9AA3'
 'L3G9AB3' 'L3G9AC3']",216,9
1500_1LT001,2200.4858,51.185326,5503.956,['1500_1LT001'],216,1,"['LVP1QA1' 'LVP1QB1' 'LVP1QD1' 'LVP1QA2' 'LVP1QB2' 'LVP1QD2' 'LVP1QA3'
 'LVP1QB3' 'LVP1QD3']",216,9
1500_2LT001,1988.0746,49.605423,5473.0806,['1500_2LT001'],216,1,"['G9OLVA1' 'G9OLVB1' 'G9OLVD1' 'G9OLVA2' 'G9OLVB2' 'G9OLVD2' 'G9OLVA3'
 'G9OLVB3' 'G9OLVD3']",216,9
1500_3LT001,2179.4539,45.859962,5687.7295,['1500_3LT001'],216,1,"['93AG1A1' '93AG1B1' '93AG1D1' '93AG1A2' '93AG1B2' '93AG1D2' '93AG1A3'
 '93AG1B3' '93AG1D3']",216,9
1501_0LT001,2056.9692,50.005444,5295.4116,['1501_0LT001'],216,1,"['13PGQA1' '13PGQB1' '13PGQC1' '13PGQA2' '13PGQB2' '13PGQC2' '13PGQA3'
 '13PGQB3' '13PGQC3']",216,9
1501_1LT001,1375.7893,48.852856,3962.8765,['1501_1LT001'],144,1,['1VLAQA1' '1VLAQB1' '1VLAQA2' '1VLAQB2' '1VLAQA3' '1VLAQB3'],144,6
1501_2LT001,1351.4885,48.280235,3501.5708,['1501_2LT001'],144,1,['1PGQ3A1' '1PGQ3B1' '1PGQ3A2' '1PGQ3B2' '1PGQ3A3' '1PGQ3B3'],144,6
1501_3LT001,2273.8154,50.42551,5461.066,['1501_3LT001'],216,1,"['G1QOVA1' 'G1QOVB1' 'G1QOVD1' 'G1QOVA2' 'G1QOVB2' 'G1QOVD2' 'G1QOVA3'
 'G1QOVB3' 'G1QOVD3']",216,9
1502_0LT001,921.2354,56.03508,2520.1338,['1502_0LT001'],96,1,['3VAGLB1' '3VAGLD1' '3VAGLB2' '3VAGLD2'],96,4
1502_1LT001,2136.7478,50.205265,5671.917,['1502_1LT001'],216,1,"['LAPOVA1' 'LAPOVB1' 'LAPOVD1' 'LAPOVA2' 'LAPOVB2' 'LAPOVD2' 'LAPOVA3'
 'LAPOVB3' 'LAPOVD3']",216,9
1503_0LT001,2055.5408,50.66556,5195.748,['1503_0LT001'],216,1,"['APQ31A1' 'APQ31B1' 'APQ31D1' 'APQ31A2' 'APQ31B2' 'APQ31D2' 'APQ31A3'
 'APQ31B3' 'APQ31D3']",216,9
1503_1LT001,1392.1855,52.39995,3733.0237,['1503_1LT001'],144,1,['LVGP9A1' 'LVGP9B1' 'LVGP9A2' 'LVGP9B2' 'LVGP9A3' 'LVGP9B3'],144,6
1503_2LT001,2118.5872,45.106915,5540.821,['1503_2LT001'],216,1,"['P91O3A1' 'P91O3B1' 'P91O3D1' 'P91O3A2' 'P91O3B2' 'P91O3D2' 'P91O3A3'
 'P91O3B3' 'P91O3D3']",216,9
1504_0LT001,464.34702,50.554184,1202.6506,['1504_0LT001'],48,1,['OP3GQB1' 'OP3GQB2'],48,2
1504_1LT001,2119.6672,46.776493,5708.957,['1504_1LT001'],216,1,"['31GOPA1' '31GOPB1' '31GOPD1' '31GOPA2' '31GOPB2' '31GOPD2' '31GOPA3'
 '31GOPB3' '31GOPD3']",216,9
1504_2LT001,2041.8771,45.67331,5532.4253,['1504_2LT001'],216,1,"['Q3A9VA1' 'Q3A9VB1' 'Q3A9VD1' 'Q3A9VA2' 'Q3A9VB2' 'Q3A9VD2' 'Q3A9VA3'
 'Q3A9VB3' 'Q3A9VD3']",216,9
1505_0LT001,523.37177,51.394283,1326.5764,['1505_0LT001'],48,1,['PA1OVB1' 'PA1OVB2'],48,2
1505_1LT001,533.54706,58.032898,936.3276,['1505_1LT001'],48,1,['P9LQ1B1' 'P9LQ1B2'],48,2
1506_0LT001,910.59595,47.63812,2206.2888,['1506_0LT001'],96,1,['Q39AVB1' 'Q39AVD1' 'Q39AVB2' 'Q39AVD2'],96,4
1506_1LT001,1532.9385,51.840908,3921.702,['1506_1LT001'],144,1,['QOVA9A1' 'QOVA9B1' 'QOVA9A2' 'QOVA9B2' 'QOVA9A3' 'QOVA9B3'],144,6
1506_2LT001,2250.7754,51.285866,5466.7104,['1506_2LT001'],216,1,"['3LPAQA1' '3LPAQB1' '3LPAQC1' '3LPAQA2' '3LPAQB2' '3LPAQC2' '3LPAQA3'
 '3LPAQB3' '3LPAQC3']",216,9
1507_0LT001,2062.166,48.402954,5630.9575,['1507_0LT001'],216,1,"['AOVGPA1' 'AOVGPB1' 'AOVGPC1' 'AOVGPA2' 'AOVGPB2' 'AOVGPC2' 'AOVGPA3'
 'AOVGPB3' 'AOVGPC3']",216,9
1507_1LT001,1212.0892,53.350765,3063.0034,['1507_1LT001'],120,1,['POA3GB1' 'POA3GB2' 'POA3GB3' 'POA3GB4' 'POA3GB5'],120,5
1507_2LT001,968.78534,45.801746,2551.3042,['1507_2LT001'],96,1,['V3LQ9B1' 'V3LQ9D1' 'V3LQ9B2' 'V3LQ9D2'],96,4
1507_3LT001,2204.1375,53.62959,5509.051,['1507_3LT001'],216,1,"['91P3GA1' '91P3GB1' '91P3GC1' '91P3GA2' '91P3GB2' '91P3GC2' '91P3GA3'
 '91P3GB3' '91P3GC3']",216,9
1508_0LT001,2253.3591,49.526073,5431.5767,['1508_0LT001'],216,1,"['91PQGA1' '91PQGB1' '91PQGD1' '91PQGA2' '91PQGB2' '91PQGD2' '91PQGA3'
 '91PQGB3' '91PQGD3']",216,9
1508_1LT001,2240.5847,49.172504,5262.4707,['1508_1LT001'],216,1,"['1OLV3A1' '1OLV3B1' '1OLV3C1' '1OLV3A2' '1OLV3B2' '1OLV3C2' '1OLV3A3'
 '1OLV3B3' '1OLV3C3']",216,9
1508_2LT001,2094.273,50.269802,5278.967,['1508_2LT001'],216,1,"['391VLA1' '391VLB1' '391VLC1' '391VLA2' '391VLB2' '391VLC2' '391VLA3'
 '391VLB3' '391VLC3']",216,9
1508_3LT001,2162.3318,48.831608,5395.482,['1508_3LT001'],216,1,"['G3Q19A1' 'G3Q19B1' 'G3Q19C1' 'G3Q19A2' 'G3Q19B2' 'G3Q19C2' 'G3Q19A3'
 'G3Q19B3' 'G3Q19C3']",216,9
1509_0LT001,2166.3308,50.53458,5494.454,['1509_0LT001'],216,1,"['QL3OPA1' 'QL3OPB1' 'QL3OPD1' 'QL3OPA2' 'QL3OPB2' 'QL3OPD2' 'QL3OPA3'
 'QL3OPB3' 'QL3OPD3']",216,9
1509_1LT001,2188.3005,51.977,5669.593,['1509_1LT001'],216,1,"['G31OAA1' 'G31OAB1' 'G31OAD1' 'G31OAA2' 'G31OAB2' 'G31OAD2' 'G31OAA3'
 'G31OAB3' 'G31OAD3']",216,9
1509_2LT001,1551.6147,47.613327,3630.1501,['1509_2LT001'],144,1,['L1QP9A1' 'L1QP9B1' 'L1QP9A2' 'L1QP9B2' 'L1QP9A3' 'L1QP9B3'],144,6
1509_3LT001,2458.5178,48.944656,5741.0547,['1509_3LT001'],240,1,"['L1OQVB1' 'L1OQVD1' 'L1OQVB2' 'L1OQVD2' 'L1OQVB3' 'L1OQVD3' 'L1OQVB4'
 'L1OQVD4' 'L1OQVB5' 'L1OQVD5']",240,10
1510_0LT001,432.12042,50.236557,1121.5707,['1510_0LT001'],48,1,['1QO3PB1' '1QO3PB2'],48,2
1510_1LT001,1388.406,50.961487,3682.107,['1510_1LT001'],144,1,['PQG9VA1' 'PQG9VB1' 'PQG9VA2' 'PQG9VB2' 'PQG9VA3' 'PQG9VB3'],144,6
1510_2LT001,2109.6797,51.415493,4745.2407,['1510_2LT001'],216,1,"['L9VP1A1' 'L9VP1B1' 'L9VP1C1' 'L9VP1A2' 'L9VP1B2' 'L9VP1C2' 'L9VP1A3'
 'L9VP1B3' 'L9VP1C3']",216,9
1510_3LT001,1098.2491,47.70721,2289.4275,['1510_3LT001'],96,1,['G3O9LB1' 'G3O9LD1' 'G3O9LB2' 'G3O9LD2'],96,4
1511_0LT001,2084.75,50.65777,5780.675,['1511_0LT001'],216,1,"['P3GL9A1' 'P3GL9B1' 'P3GL9C1' 'P3GL9A2' 'P3GL9B2' 'P3GL9C2' 'P3GL9A3'
 'P3GL9B3' 'P3GL9C3']",216,9
1511_1LT001,2126.151,50.67515,5148.4346,['1511_1LT001'],216,1,"['L9OQ1A1' 'L9OQ1B1' 'L9OQ1D1' 'L9OQ1A2' 'L9OQ1B2' 'L9OQ1D2' 'L9OQ1A3'
 'L9OQ1B3' 'L9OQ1D3']",216,9
1511_2LT001,2184.0352,50.600906,5503.844,['1511_2LT001'],216,1,"['LGV1OA1' 'LGV1OB1' 'LGV1OD1' 'LGV1OA2' 'LGV1OB2' 'LGV1OD2' 'LGV1OA3'
 'LGV1OB3' 'LGV1OD3']",216,9
1512_0LT001,1014.06476,51.67145,2139.5583,['1512_0LT001'],96,1,['AOQ1GB1' 'AOQ1GD1' 'AOQ1GB2' 'AOQ1GD2'],96,4
1512_1LT001,1012.8868,52.926334,2455.9314,['1512_1LT001'],96,1,['OG3LQB1' 'OG3LQD1' 'OG3LQB2' 'OG3LQD2'],96,4
1512_2LT001,2123.743,49.5417,5376.22,['1512_2LT001'],216,1,"['VQ9GAA1' 'VQ9GAB1' 'VQ9GAD1' 'VQ9GAA2' 'VQ9GAB2' 'VQ9GAD2' 'VQ9GAA3'
 'VQ9GAB3' 'VQ9GAD3']",216,9
1513_0LT001,870.0442,50.462467,2454.6084,['1513_0LT001'],96,1,['OGLP3B1' 'OGLP3D1' 'OGLP3B2' 'OGLP3D2'],96,4
1513_1LT001,497.89948,52.935303,1192.7532,['1513_1LT001'],48,1,['P91AVB1' 'P91AVB2'],48,2
1514_0LT001,822.4092,49.55196,2244.474,['1514_0LT001'],96,1,['A3GVPB1' 'A3GVPD1' 'A3GVPB2' 'A3GVPD2'],96,4
1514_1LT001,2114.5488,51.49907,5349.2734,['1514_1LT001'],216,1,"['PV13AA1' 'PV13AB1' 'PV13AC1' 'PV13AA2' 'PV13AB2' 'PV13AC2' 'PV13AA3'
 'PV13AB3' 'PV13AC3']",216,9
1514_2LT001,2081.8918,51.181767,5831.8657,['1514_2LT001'],216,1,"['3OL9QA1' '3OL9QB1' '3OL9QD1' '3OL9QA2' '3OL9QB2' '3OL9QD2' '3OL9QA3'
 '3OL9QB3' '3OL9QD3']",216,9
1514_3LT001,2346.972,48.754715,5176.7017,['1514_3LT001'],216,1,"['PGL3AA1' 'PGL3AB1' 'PGL3AD1' 'PGL3AA2' 'PGL3AB2' 'PGL3AD2' 'PGL3AA3'
 'PGL3AB3' 'PGL3AD3']",216,9
1515_0LT001,1029.219,43.062817,2461.9192,['1515_0LT001'],96,1,['PA13GB1' 'PA13GD1' 'PA13GB2' 'PA13GD2'],96,4
1515_1LT001,2275.1404,45.444798,5553.498,['1515_1LT001'],216,1,"['1OVPAA1' '1OVPAB1' '1OVPAC1' '1OVPAA2' '1OVPAB2' '1OVPAC2' '1OVPAA3'
 '1OVPAB3' '1OVPAC3']",216,9
1515_2LT001,998.99445,45.523426,2238.2317,['1515_2LT001'],96,1,['LAVQGB1' 'LAVQGD1' 'LAVQGB2' 'LAVQGD2'],96,4
1516_0LT001,2253.0615,51.956364,5530.63,['1516_0LT001'],216,1,"['OG93AA1' 'OG93AB1' 'OG93AD1' 'OG93AA2' 'OG93AB2' 'OG93AD2' 'OG93AA3'
 'OG93AB3' 'OG93AD3']",216,9
1516_1LT001,2249.6943,52.169792,5138.8906,['1516_1LT001'],216,1,"['1OPLVA1' '1OPLVB1' '1OPLVD1' '1OPLVA2' '1OPLVB2' '1OPLVD2' '1OPLVA3'
 '1OPLVB3' '1OPLVD3']",216,9
1517_0LT001,1494.382,51.809624,3393.3877,['1517_0LT001'],144,1,['GPA13A1' 'GPA13B1' 'GPA13A2' 'GPA13B2' 'GPA13A3' 'GPA13B3'],144,6
1517_1LT001,2198.0344,52.93159,5184.8813,['1517_1LT001'],216,1,"['L93PVA1' 'L93PVB1' 'L93PVD1' 'L93PVA2' 'L93PVB2' 'L93PVD2' 'L93PVA3'
 'L93PVB3' 'L93PVD3']",216,9
1518_0LT001,2275.9731,50.724255,6265.516,['1518_0LT001'],240,1,"['9QAVOB1' '9QAVOD1' '9QAVOB2' '9QAVOD2' '9QAVOB3' '9QAVOD3' '9QAVOB4'
 '9QAVOD4' '9QAVOB5' '9QAVOD5']",240,10
1518_1LT001,2108.9216,53.91113,5464.3,['1518_1LT001'],216,1,"['A3QPVA1' 'A3QPVB1' 'A3QPVC1' 'A3QPVA2' 'A3QPVB2' 'A3QPVC2' 'A3QPVA3'
 'A3QPVB3' 'A3QPVC3']",216,9
1519_0LT001,2070.6858,53.59876,5452.3267,['1519_0LT001'],216,1,"['1OL9AA1' '1OL9AB1' '1OL9AD1' '1OL9AA2' '1OL9AB2' '1OL9AD2' '1OL9AA3'
 '1OL9AB3' '1OL9AD3']",216,9
1519_1LT001,2179.1558,51.970173,5435.408,['1519_1LT001'],216,1,"['QLV93A1' 'QLV93B1' 'QLV93D1' 'QLV93A2' 'QLV93B2' 'QLV93D2' 'QLV93A3'
 'QLV93B3' 'QLV93D3']",216,9
1520_0LT001,2100.4106,51.398438,5521.7163,['1520_0LT001'],216,1,"['OAPGVA1' 'OAPGVB1' 'OAPGVD1' 'OAPGVA2' 'OAPGVB2' 'OAPGVD2' 'OAPGVA3'
 'OAPGVB3' 'OAPGVD3']",216,9
1520_1LT001,2072.9429,52.025967,5453.6465,['1520_1LT001'],216,1,"['Q9OALA1' 'Q9OALB1' 'Q9OALD1' 'Q9OALA2' 'Q9OALB2' 'Q9OALD2' 'Q9OALA3'
 'Q9OALB3' 'Q9OALD3']",216,9
1520_2LT001,1381.0087,49.712112,3505.0554,['1520_2LT001'],144,1,['OVL9GA1' 'OVL9GB1' 'OVL9GA2' 'OVL9GB2' 'OVL9GA3' 'OVL9GB3'],144,6
1521_0LT001,1551.4442,50.15672,3588.6125,['1521_0LT001'],144,1,['LG9PQA1' 'LG9PQB1' 'LG9PQA2' 'LG9PQB2' 'LG9PQA3' 'LG9PQB3'],144,6
1521_1LT001,1462.6295,49.317455,3558.6885,['1521_1LT001'],144,1,['1QP3GA1' '1QP3GB1' '1QP3GA2' '1QP3GB2' '1QP3GA3' '1QP3GB3'],144,6
1522_0LT001,1404.2662,49.463787,3602.744,['1522_0LT001'],144,1,['V3OQPA1' 'V3OQPB1' 'V3OQPA2' 'V3OQPB2' 'V3OQPA3' 'V3OQPB3'],144,6
1522_1LT001,2271.1006,53.315964,5600.9727,['1522_1LT001'],216,1,"['31G9PA1' '31G9PB1' '31G9PD1' '31G9PA2' '31G9PB2' '31G9PD2' '31G9PA3'
 '31G9PB3' '31G9PD3']",216,9
1522_2LT001,1405.291,49.176094,3555.8442,['1522_2LT001'],144,1,['G3P9OA1' 'G3P9OB1' 'G3P9OA2' 'G3P9OB2' 'G3P9OA3' 'G3P9OB3'],144,6
1522_3LT001,2230.454,50.47905,6190.9126,['1522_3LT001'],240,1,"['9LP3AB1' '9LP3AD1' '9LP3AB2' '9LP3AD2' '9LP3AB3' '9LP3AD3' '9LP3AB4'
 '9LP3AD4' '9LP3AB5' '9LP3AD5']",240,10
1523_0LT001,440.33926,49.33357,1234.9733,['1523_0LT001'],48,1,['A9V3GB1' 'A9V3GB2'],48,2
1523_1LT001,1495.6383,49.260883,3840.4539,['1523_1LT001'],144,1,['LQAOPA1' 'LQAOPB1' 'LQAOPA2' 'LQAOPB2' 'LQAOPA3' 'LQAOPB3'],144,6
1523_2LT001,2051.4358,53.45476,5532.755,['1523_2LT001'],216,1,"['V9P1GA1' 'V9P1GB1' 'V9P1GD1' 'V9P1GA2' 'V9P1GB2' 'V9P1GD2' 'V9P1GA3'
 'V9P1GB3' 'V9P1GD3']",216,9
1524_0LT001,2160.5012,52.94217,5641.5845,['1524_0LT001'],216,1,"['Q3GO9A1' 'Q3GO9B1' 'Q3GO9C1' 'Q3GO9A2' 'Q3GO9B2' 'Q3GO9C2' 'Q3GO9A3'
 'Q3GO9B3' 'Q3GO9C3']",216,9
1524_1LT001,1398.6609,47.764927,3409.2715,['1524_1LT001'],144,1,['OP9LVA1' 'OP9LVB1' 'OP9LVA2' 'OP9LVB2' 'OP9LVA3' 'OP9LVB3'],144,6
1524_2LT001,2034.8999,47.76233,5335.399,['1524_2LT001'],216,1,"['3PVG1A1' '3PVG1B1' '3PVG1D1' '3PVG1A2' '3PVG1B2' '3PVG1D2' '3PVG1A3'
 '3PVG1B3' '3PVG1D3']",216,9
1524_3LT001,522.71796,48.735424,1057.718,['1524_3LT001'],48,1,['13OV9B1' '13OV9B2'],48,2
1525_0LT001,2186.3962,50.960503,5554.2266,['1525_0LT001'],216,1,"['1GP9AA1' '1GP9AB1' '1GP9AC1' '1GP9AA2' '1GP9AB2' '1GP9AC2' '1GP9AA3'
 '1GP9AB3' '1GP9AC3']",216,9
1525_1LT001,504.4219,56.09113,1130.168,['1525_1LT001'],48,1,['1GQVOB1' '1GQVOB2'],48,2
1525_2LT001,2089.8125,49.108833,5051.5054,['1525_2LT001'],216,1,"['QV9O3A1' 'QV9O3B1' 'QV9O3C1' 'QV9O3A2' 'QV9O3B2' 'QV9O3C2' 'QV9O3A3'
 'QV9O3B3' 'QV9O3C3']",216,9
1526_0LT001,1008.29266,50.6427,2560.7231,['1526_0LT001'],96,1,['1A3QPB1' '1A3QPD1' '1A3QPB2' '1A3QPD2'],96,4
1526_1LT001,489.16632,61.943485,1159.3884,['1526_1LT001'],48,1,['Q3PA9B1' 'Q3PA9B2'],48,2
1526_2LT001,2165.8784,48.775803,5373.338,['1526_2LT001'],216,1,"['AP3G1A1' 'AP3G1B1' 'AP3G1D1' 'AP3G1A2' 'AP3G1B2' 'AP3G1D2' 'AP3G1A3'
 'AP3G1B3' 'AP3G1D3']",216,9
1526_3LT001,2237.087,51.46121,5341.928,['1526_3LT001'],216,1,"['A9GQPA1' 'A9GQPB1' 'A9GQPD1' 'A9GQPA2' 'A9GQPB2' 'A9GQPD2' 'A9GQPA3'
 'A9GQPB3' 'A9GQPD3']",216,9
1527_0LT001,2062.665,52.463898,5626.2007,['1527_0LT001'],216,1,"['Q9ALVA1' 'Q9ALVB1' 'Q9ALVD1' 'Q9ALVA2' 'Q9ALVB2' 'Q9ALVD2' 'Q9ALVA3'
 'Q9ALVB3' 'Q9ALVD3']",216,9
1527_1LT001,2170.719,46.80685,5212.438,['1527_1LT001'],216,1,"['9AQOVA1' '9AQOVB1' '9AQOVC1' '9AQOVA2' '9AQOVB2' '9AQOVC2' '9AQOVA3'
 '9AQOVB3' '9AQOVC3']",216,9
1527_2LT001,2105.9336,50.231014,5423.0938,['1527_2LT001'],216,1,"['13POAA1' '13POAB1' '13POAC1' '13POAA2' '13POAB2' '13POAC2' '13POAA3'
 '13POAB3' '13POAC3']",216,9
1528_0LT001,2181.9841,52.06792,5180.5947,['1528_0LT001'],216,1,"['31PVQA1' '31PVQB1' '31PVQD1' '31PVQA2' '31PVQB2' '31PVQD2' '31PVQA3'
 '31PVQB3' '31PVQD3']",216,9
1528_1LT001,484.43237,49.55077,1316.823,['1528_1LT001'],48,1,['AP913B1' 'AP913B2'],48,2
1529_0LT001,969.6056,50.075764,2354.4697,['1529_0LT001'],96,1,['3PA1OB1' '3PA1OD1' '3PA1OB2' '3PA1OD2'],96,4
1529_1LT001,1339.8997,50.517002,3854.9797,['1529_1LT001'],144,1,['19LGVA1' '19LGVB1' '19LGVA2' '19LGVB2' '19LGVA3' '19LGVB3'],144,6
1529_2LT001,2078.8757,52.37017,5334.8516,['1529_2LT001'],216,1,"['LGQPOA1' 'LGQPOB1' 'LGQPOC1' 'LGQPOA2' 'LGQPOB2' 'LGQPOC2' 'LGQPOA3'
 'LGQPOB3' 'LGQPOC3']",216,9
1530_0LT001,2153.7039,48.33345,5162.8955,['1530_0LT001'],216,1,"['VLO9GA1' 'VLO9GB1' 'VLO9GD1' 'VLO9GA2' 'VLO9GB2' 'VLO9GD2' 'VLO9GA3'
 'VLO9GB3' 'VLO9GD3']",216,9
1530_1LT001,2412.0715,48.670536,5714.888,['1530_1LT001'],216,1,"['LQ1PAA1' 'LQ1PAB1' 'LQ1PAD1' 'LQ1PAA2' 'LQ1PAB2' 'LQ1PAD2' 'LQ1PAA3'
 'LQ1PAB3' 'LQ1PAD3']",216,9
1530_2LT001,2100.266,50.0294,5496.3076,['1530_2LT001'],216,1,"['3QOP9A1' '3QOP9B1' '3QOP9D1' '3QOP9A2' '3QOP9B2' '3QOP9D2' '3QOP9A3'
 '3QOP9B3' '3QOP9D3']",216,9
1531_0LT001,2310.6587,50.21015,5454.4463,['1531_0LT001'],216,1,"['LQP9VA1' 'LQP9VB1' 'LQP9VD1' 'LQP9VA2' 'LQP9VB2' 'LQP9VD2' 'LQP9VA3'
 'LQP9VB3' 'LQP9VD3']",216,9
1531_1LT001,2109.339,46.920654,5368.321,['1531_1LT001'],216,1,"['QP1LOA1' 'QP1LOB1' 'QP1LOD1' 'QP1LOA2' 'QP1LOB2' 'QP1LOD2' 'QP1LOA3'
 'QP1LOB3' 'QP1LOD3']",216,9
1531_2LT001,2220.6558,52.663895,5126.903,['1531_2LT001'],216,1,"['9A1LPA1' '9A1LPB1' '9A1LPC1' '9A1LPA2' '9A1LPB2' '9A1LPC2' '9A1LPA3'
 '9A1LPB3' '9A1LPC3']",216,9
1532_0LT001,2248.5242,49.24366,5385.0366,['1532_0LT001'],216,1,"['91VPQA1' '91VPQB1' '91VPQD1' '91VPQA2' '91VPQB2' '91VPQD2' '91VPQA3'
 '91VPQB3' '91VPQD3']",216,9
1532_1LT001,886.385,50.379852,2330.9739,['1532_1LT001'],96,1,['PAVQLB1' 'PAVQLD1' 'PAVQLB2' 'PAVQLD2'],96,4
1532_2LT001,2161.0186,50.877598,5658.58,['1532_2LT001'],216,1,"['A3VGLA1' 'A3VGLB1' 'A3VGLD1' 'A3VGLA2' 'A3VGLB2' 'A3VGLD2' 'A3VGLA3'
 'A3VGLB3' 'A3VGLD3']",216,9
1533_0LT001,1016.9201,50.603775,2360.3123,['1533_0LT001'],96,1,['1GPLVB1' '1GPLVD1' '1GPLVB2' '1GPLVD2'],96,4
1533_1LT001,1419.5944,50.045322,3589.8435,['1533_1LT001'],144,1,['QOGA3A1' 'QOGA3B1' 'QOGA3A2' 'QOGA3B2' 'QOGA3A3' 'QOGA3B3'],144,6
1533_2LT001,2207.5483,49.17841,5801.4336,['1533_2LT001'],216,1,"['31QVAA1' '31QVAB1' '31QVAD1' '31QVAA2' '31QVAB2' '31QVAD2' '31QVAA3'
 '31QVAB3' '31QVAD3']",216,9
1534_0LT001,1416.5939,49.97938,3192.9255,['1534_0LT001'],144,1,['193VGA1' '193VGB1' '193VGA2' '193VGB2' '193VGA3' '193VGB3'],144,6
1534_1LT001,481.03168,47.881855,1205.1002,['1534_1LT001'],48,1,['1VLQGB1' '1VLQGB2'],48,2
1535_0LT001,2084.7593,53.06901,5424.2114,['1535_0LT001'],216,1,"['GVOAPA1' 'GVOAPB1' 'GVOAPD1' 'GVOAPA2' 'GVOAPB2' 'GVOAPD2' 'GVOAPA3'
 'GVOAPB3' 'GVOAPD3']",216,9
1535_1LT001,2068.1653,49.467384,5038.641,['1535_1LT001'],216,1,"['A9QPVA1' 'A9QPVB1' 'A9QPVD1' 'A9QPVA2' 'A9QPVB2' 'A9QPVD2' 'A9QPVA3'
 'A9QPVB3' 'A9QPVD3']",216,9
1536_0LT001,2208.771,50.867897,5023.3345,['1536_0LT001'],216,1,"['VQ9L3A1' 'VQ9L3B1' 'VQ9L3D1' 'VQ9L3A2' 'VQ9L3B2' 'VQ9L3D2' 'VQ9L3A3'
 'VQ9L3B3' 'VQ9L3D3']",216,9
1536_1LT001,1424.0188,45.539993,3616.5676,['1536_1LT001'],144,1,['Q3ALGA1' 'Q3ALGB1' 'Q3ALGA2' 'Q3ALGB2' 'Q3ALGA3' 'Q3ALGB3'],144,6
1536_2LT001,411.30783,47.795925,1225.2064,['1536_2LT001'],48,1,['GQPO9B1' 'GQPO9B2'],48,2
1537_0LT001,2120.564,52.60404,5528.353,['1537_0LT001'],216,1,"['OPLGQA1' 'OPLGQB1' 'OPLGQC1' 'OPLGQA2' 'OPLGQB2' 'OPLGQC2' 'OPLGQA3'
 'OPLGQB3' 'OPLGQC3']",216,9
1537_1LT001,1429.3696,51.03143,3732.8616,['1537_1LT001'],144,1,['3PLOQA1' '3PLOQB1' '3PLOQA2' '3PLOQB2' '3PLOQA3' '3PLOQB3'],144,6
1537_2LT001,2141.73,53.651806,5561.133,['1537_2LT001'],216,1,"['PL9VGA1' 'PL9VGB1' 'PL9VGD1' 'PL9VGA2' 'PL9VGB2' 'PL9VGD2' 'PL9VGA3'
 'PL9VGB3' 'PL9VGD3']",216,9
1538_0LT001,2208.244,49.07579,5311.3643,['1538_0LT001'],216,1,"['GOQLPA1' 'GOQLPB1' 'GOQLPD1' 'GOQLPA2' 'GOQLPB2' 'GOQLPD2' 'GOQLPA3'
 'GOQLPB3' 'GOQLPD3']",216,9
1538_1LT001,2149.7366,47.48205,5573.1733,['1538_1LT001'],216,1,"['9A1QPA1' '9A1QPB1' '9A1QPC1' '9A1QPA2' '9A1QPB2' '9A1QPC2' '9A1QPA3'
 '9A1QPB3' '9A1QPC3']",216,9
1538_2LT001,2214.894,50.423164,4929.162,['1538_2LT001'],216,1,"['1GAQPA1' '1GAQPB1' '1GAQPD1' '1GAQPA2' '1GAQPB2' '1GAQPD2' '1GAQPA3'
 '1GAQPB3' '1GAQPD3']",216,9
1539_0LT001,2174.1753,48.110405,5257.419,['1539_0LT001'],216,1,"['PQ9VGA1' 'PQ9VGB1' 'PQ9VGC1' 'PQ9VGA2' 'PQ9VGB2' 'PQ9VGC2' 'PQ9VGA3'
 'PQ9VGB3' 'PQ9VGC3']",216,9
1539_1LT001,1974.427,48.533688,5300.576,['1539_1LT001'],216,1,"['GV19QA1' 'GV19QB1' 'GV19QC1' 'GV19QA2' 'GV19QB2' 'GV19QC2' 'GV19QA3'
 'GV19QB3' 'GV19QC3']",216,9
1539_2LT001,2226.548,51.4097,5130.4355,['1539_2LT001'],216,1,"['9VP3GA1' '9VP3GB1' '9VP3GD1' '9VP3GA2' '9VP3GB2' '9VP3GD2' '9VP3GA3'
 '9VP3GB3' '9VP3GD3']",216,9
1539_3LT001,1351.0192,47.813766,3679.3562,['1539_3LT001'],144,1,['3GQ9VA1' '3GQ9VB1' '3GQ9VA2' '3GQ9VB2' '3GQ9VA3' '3GQ9VB3'],144,6
1540_0LT001,2304.5881,49.61391,5819.9385,['1540_0LT001'],240,1,"['P3GO9B1' 'P3GO9D1' 'P3GO9B2' 'P3GO9D2' 'P3GO9B3' 'P3GO9D3' 'P3GO9B4'
 'P3GO9D4' 'P3GO9B5' 'P3GO9D5']",240,10
1540_1LT001,2005.6895,51.541653,5092.922,['1540_1LT001'],216,1,"['93AVQA1' '93AVQB1' '93AVQD1' '93AVQA2' '93AVQB2' '93AVQD2' '93AVQA3'
 '93AVQB3' '93AVQD3']",216,9
1541_0LT001,946.425,48.40597,2361.478,['1541_0LT001'],96,1,['VO93AB1' 'VO93AD1' 'VO93AB2' 'VO93AD2'],96,4
1541_1LT001,2089.1667,49.583298,5432.3047,['1541_1LT001'],216,1,"['QA9VOA1' 'QA9VOB1' 'QA9VOD1' 'QA9VOA2' 'QA9VOB2' 'QA9VOD2' 'QA9VOA3'
 'QA9VOB3' 'QA9VOD3']",216,9
1542_0LT001,501.10464,48.256657,1386.8279,['1542_0LT001'],48,1,['OGL1VB1' 'OGL1VB2'],48,2
1542_1LT001,2113.476,48.796753,5378.1978,['1542_1LT001'],216,1,"['V9GQ1A1' 'V9GQ1B1' 'V9GQ1C1' 'V9GQ1A2' 'V9GQ1B2' 'V9GQ1C2' 'V9GQ1A3'
 'V9GQ1B3' 'V9GQ1C3']",216,9
1542_2LT001,996.7305,50.098633,2637.9062,['1542_2LT001'],96,1,['L3OAVB1' 'L3OAVD1' 'L3OAVB2' 'L3OAVD2'],96,4
1542_3LT001,2081.871,52.678963,5648.6523,['1542_3LT001'],216,1,"['Q1L9VA1' 'Q1L9VB1' 'Q1L9VD1' 'Q1L9VA2' 'Q1L9VB2' 'Q1L9VD2' 'Q1L9VA3'
 'Q1L9VB3' 'Q1L9VD3']",216,9
1543_0LT001,1132.3992,51.48628,3062.9565,['1543_0LT001'],120,1,['GVA31B1' 'GVA31B2' 'GVA31B3' 'GVA31B4' 'GVA31B5'],120,5
1543_1LT001,2292.4778,51.21828,5696.9985,['1543_1LT001'],216,1,"['PGQ9LA1' 'PGQ9LB1' 'PGQ9LD1' 'PGQ9LA2' 'PGQ9LB2' 'PGQ9LD2' 'PGQ9LA3'
 'PGQ9LB3' 'PGQ9LD3']",216,9
1543_2LT001,992.09015,50.297165,2370.3472,['1543_2LT001'],96,1,['9OL1GB1' '9OL1GD1' '9OL1GB2' '9OL1GD2'],96,4
1544_0LT001,2087.2441,46.455997,5908.652,['1544_0LT001'],216,1,"['GAVQPA1' 'GAVQPB1' 'GAVQPD1' 'GAVQPA2' 'GAVQPB2' 'GAVQPD2' 'GAVQPA3'
 'GAVQPB3' 'GAVQPD3']",216,9
1544_1LT001,2321.6824,51.50296,5535.452,['1544_1LT001'],216,1,"['GQ93OA1' 'GQ93OB1' 'GQ93OD1' 'GQ93OA2' 'GQ93OB2' 'GQ93OD2' 'GQ93OA3'
 'GQ93OB3' 'GQ93OD3']",216,9
1545_0LT001,2208.061,51.116375,5359.797,['1545_0LT001'],216,1,"['PLQ3GA1' 'PLQ3GB1' 'PLQ3GD1' 'PLQ3GA2' 'PLQ3GB2' 'PLQ3GD2' 'PLQ3GA3'
 'PLQ3GB3' 'PLQ3GD3']",216,9
1545_1LT001,1478.587,46.203533,3578.962,['1545_1LT001'],144,1,['LPGQOA1' 'LPGQOB1' 'LPGQOA2' 'LPGQOB2' 'LPGQOA3' 'LPGQOB3'],144,6
1546_0LT001,2015.0814,49.069622,5375.812,['1546_0LT001'],216,1,"['PVG19A1' 'PVG19B1' 'PVG19C1' 'PVG19A2' 'PVG19B2' 'PVG19C2' 'PVG19A3'
 'PVG19B3' 'PVG19C3']",216,9
1546_1LT001,447.60117,48.538578,1182.1062,['1546_1LT001'],48,1,['AOVL1B1' 'AOVL1B2'],48,2
1546_2LT001,2177.8687,53.8958,5018.4727,['1546_2LT001'],216,1,"['A9Q13A1' 'A9Q13B1' 'A9Q13D1' 'A9Q13A2' 'A9Q13B2' 'A9Q13D2' 'A9Q13A3'
 'A9Q13B3' 'A9Q13D3']",216,9
1546_3LT001,1455.4375,51.966946,3609.017,['1546_3LT001'],144,1,['PQ39VA1' 'PQ39VB1' 'PQ39VA2' 'PQ39VB2' 'PQ39VA3' 'PQ39VB3'],144,6
1547_0LT001,2164.9663,49.762543,5483.0117,['1547_0LT001'],216,1,"['13VAQA1' '13VAQB1' '13VAQD1' '13VAQA2' '13VAQB2' '13VAQD2' '13VAQA3'
 '13VAQB3' '13VAQD3']",216,9
1547_1LT001,2102.9045,50.36877,4954.7295,['1547_1LT001'],216,1,"['OG1AQA1' 'OG1AQB1' 'OG1AQD1' 'OG1AQA2' 'OG1AQB2' 'OG1AQD2' 'OG1AQA3'
 'OG1AQB3' 'OG1AQD3']",216,9
1547_2LT001,2148.781,48.734722,5052.5703,['1547_2LT001'],216,1,"['1POA3A1' '1POA3B1' '1POA3D1' '1POA3A2' '1POA3B2' '1POA3D2' '1POA3A3'
 '1POA3B3' '1POA3D3']",216,9
1547_3LT001,2154.7551,50.61838,5464.7153,['1547_3LT001'],216,1,"['9OGVLA1' '9OGVLB1' '9OGVLD1' '9OGVLA2' '9OGVLB2' '9OGVLD2' '9OGVLA3'
 '9OGVLB3' '9OGVLD3']",216,9
1548_0LT001,2066.285,51.780655,5720.629,['1548_0LT001'],216,1,"['9LA31A1' '9LA31B1' '9LA31D1' '9LA31A2' '9LA31B2' '9LA31D2' '9LA31A3'
 '9LA31B3' '9LA31D3']",216,9
1548_1LT001,2306.5132,54.964375,5256.1245,['1548_1LT001'],216,1,"['9L1G3A1' '9L1G3B1' '9L1G3C1' '9L1G3A2' '9L1G3B2' '9L1G3C2' '9L1G3A3'
 '9L1G3B3' '9L1G3C3']",216,9
1548_2LT001,2286.318,48.761013,5654.2983,['1548_2LT001'],216,1,"['PVO3QA1' 'PVO3QB1' 'PVO3QD1' 'PVO3QA2' 'PVO3QB2' 'PVO3QD2' 'PVO3QA3'
 'PVO3QB3' 'PVO3QD3']",216,9
1548_3LT001,2151.5916,46.09427,5301.0464,['1548_3LT001'],216,1,"['3QV9GA1' '3QV9GB1' '3QV9GD1' '3QV9GA2' '3QV9GB2' '3QV9GD2' '3QV9GA3'
 '3QV9GB3' '3QV9GD3']",216,9
1549_0LT001,955.9155,52.124683,2468.932,['1549_0LT001'],96,1,['9QA3VB1' '9QA3VD1' '9QA3VB2' '9QA3VD2'],96,4
1549_1LT001,2152.8037,50.24766,5670.9956,['1549_1LT001'],216,1,"['AP9QVA1' 'AP9QVB1' 'AP9QVC1' 'AP9QVA2' 'AP9QVB2' 'AP9QVC2' 'AP9QVA3'
 'AP9QVB3' 'AP9QVC3']",216,9
1550_0LT001,2251.97,51.64667,5290.7476,['1550_0LT001'],216,1,"['QLV19A1' 'QLV19B1' 'QLV19C1' 'QLV19A2' 'QLV19B2' 'QLV19C2' 'QLV19A3'
 'QLV19B3' 'QLV19C3']",216,9
1550_1LT001,2191.292,47.048893,5093.338,['1550_1LT001'],216,1,"['VG1P9A1' 'VG1P9B1' 'VG1P9D1' 'VG1P9A2' 'VG1P9B2' 'VG1P9D2' 'VG1P9A3'
 'VG1P9B3' 'VG1P9D3']",216,9
1550_2LT001,2272.2036,48.941963,5447.2764,['1550_2LT001'],216,1,"['LQ9AVA1' 'LQ9AVB1' 'LQ9AVC1' 'LQ9AVA2' 'LQ9AVB2' 'LQ9AVC2' 'LQ9AVA3'
 'LQ9AVB3' 'LQ9AVC3']",216,9
1550_3LT001,2203.0007,46.616596,5344.8896,['1550_3LT001'],216,1,"['V1GP3A1' 'V1GP3B1' 'V1GP3C1' 'V1GP3A2' 'V1GP3B2' 'V1GP3C2' 'V1GP3A3'
 'V1GP3B3' 'V1GP3C3']",216,9
1551_0LT001,446.88965,47.77754,1183.0352,['1551_0LT001'],48,1,['31VQAB1' '31VQAB2'],48,2
1551_1LT001,466.37027,52.832775,1244.9291,['1551_1LT001'],48,1,['PL319B1' 'PL319B2'],48,2
1551_2LT001,2175.644,45.662766,5509.093,['1551_2LT001'],216,1,"['V1OP3A1' 'V1OP3B1' 'V1OP3C1' 'V1OP3A2' 'V1OP3B2' 'V1OP3C2' 'V1OP3A3'
 'V1OP3B3' 'V1OP3C3']",216,9
1551_3LT001,1510.5021,50.411594,3577.105,['1551_3LT001'],144,1,['LP9QOA1' 'LP9QOB1' 'LP9QOA2' 'LP9QOB2' 'LP9QOA3' 'LP9QOB3'],144,6
1552_0LT001,2196.7256,50.93727,5613.175,['1552_0LT001'],216,1,"['3OVPLA1' '3OVPLB1' '3OVPLD1' '3OVPLA2' '3OVPLB2' '3OVPLD2' '3OVPLA3'
 '3OVPLB3' '3OVPLD3']",216,9
1552_1LT001,466.7263,53.19075,1235.1426,['1552_1LT001'],48,1,['P1Q3LB1' 'P1Q3LB2'],48,2
1553_0LT001,2231.0771,54.03515,5320.3877,['1553_0LT001'],216,1,"['1GV9QA1' '1GV9QB1' '1GV9QD1' '1GV9QA2' '1GV9QB2' '1GV9QD2' '1GV9QA3'
 '1GV9QB3' '1GV9QD3']",216,9
1553_1LT001,960.79456,50.52692,2267.0034,['1553_1LT001'],96,1,['93ALQB1' '93ALQD1' '93ALQB2' '93ALQD2'],96,4
1554_0LT001,2277.8174,49.499043,5521.6035,['1554_0LT001'],216,1,"['L9PGAA1' 'L9PGAB1' 'L9PGAC1' 'L9PGAA2' 'L9PGAB2' 'L9PGAC2' 'L9PGAA3'
 'L9PGAB3' 'L9PGAC3']",216,9
1554_1LT001,2076.8206,50.5395,4928.977,['1554_1LT001'],216,1,"['91VAOA1' '91VAOB1' '91VAOC1' '91VAOA2' '91VAOB2' '91VAOC2' '91VAOA3'
 '91VAOB3' '91VAOC3']",216,9
1554_2LT001,2248.636,52.751564,5469.387,['1554_2LT001'],216,1,"['3VGALA1' '3VGALB1' '3VGALD1' '3VGALA2' '3VGALB2' '3VGALD2' '3VGALA3'
 '3VGALB3' '3VGALD3']",216,9
1555_0LT001,2122.4062,49.63648,5782.903,['1555_0LT001'],216,1,"['1OP3AA1' '1OP3AB1' '1OP3AD1' '1OP3AA2' '1OP3AB2' '1OP3AD2' '1OP3AA3'
 '1OP3AB3' '1OP3AD3']",216,9
1555_1LT001,2172.4026,46.823795,5354.12,['1555_1LT001'],216,1,"['QL3A9A1' 'QL3A9B1' 'QL3A9C1' 'QL3A9A2' 'QL3A9B2' 'QL3A9C2' 'QL3A9A3'
 'QL3A9B3' 'QL3A9C3']",216,9
1555_2LT001,2068.336,53.555744,5203.1104,['1555_2LT001'],216,1,"['G3O9AA1' 'G3O9AB1' 'G3O9AD1' 'G3O9AA2' 'G3O9AB2' 'G3O9AD2' 'G3O9AA3'
 'G3O9AB3' 'G3O9AD3']",216,9
1555_3LT001,948.9243,54.240154,2284.018,['1555_3LT001'],96,1,['P9QV3B1' 'P9QV3D1' 'P9QV3B2' 'P9QV3D2'],96,4
1556_0LT001,1440.5188,49.967175,3717.0618,['1556_0LT001'],144,1,['9P3GOA1' '9P3GOB1' '9P3GOA2' '9P3GOB2' '9P3GOA3' '9P3GOB3'],144,6
1556_1LT001,841.2831,47.899082,2452.2598,['1556_1LT001'],96,1,['AVQ1LB1' 'AVQ1LD1' 'AVQ1LB2' 'AVQ1LD2'],96,4
1556_2LT001,2132.7087,50.675407,5414.223,['1556_2LT001'],216,1,"['QAVOPA1' 'QAVOPB1' 'QAVOPD1' 'QAVOPA2' 'QAVOPB2' 'QAVOPD2' 'QAVOPA3'
 'QAVOPB3' 'QAVOPD3']",216,9
1557_0LT001,2181.903,51.953274,5440.358,['1557_0LT001'],216,1,"['9L1GQA1' '9L1GQB1' '9L1GQD1' '9L1GQA2' '9L1GQB2' '9L1GQD2' '9L1GQA3'
 '9L1GQB3' '9L1GQD3']",216,9
1557_1LT001,1314.086,53.09848,3514.7488,['1557_1LT001'],144,1,['9PL13A1' '9PL13B1' '9PL13A2' '9PL13B2' '9PL13A3' '9PL13B3'],144,6
1557_2LT001,2055.461,49.66753,5728.9907,['1557_2LT001'],216,1,"['G1A9PA1' 'G1A9PB1' 'G1A9PC1' 'G1A9PA2' 'G1A9PB2' 'G1A9PC2' 'G1A9PA3'
 'G1A9PB3' 'G1A9PC3']",216,9
1557_3LT001,957.59216,47.89374,2323.7075,['1557_3LT001'],96,1,['OGAQ1B1' 'OGAQ1D1' 'OGAQ1B2' 'OGAQ1D2'],96,4
1558_0LT001,2117.3567,50.202785,5483.329,['1558_0LT001'],216,1,"['3AQGOA1' '3AQGOB1' '3AQGOC1' '3AQGOA2' '3AQGOB2' '3AQGOC2' '3AQGOA3'
 '3AQGOB3' '3AQGOC3']",216,9
1558_1LT001,2080.2986,46.3336,5731.587,['1558_1LT001'],216,1,"['V9P3AA1' 'V9P3AB1' 'V9P3AD1' 'V9P3AA2' 'V9P3AB2' 'V9P3AD2' 'V9P3AA3'
 'V9P3AB3' 'V9P3AD3']",216,9
1558_2LT001,928.1996,50.33556,2534.571,['1558_2LT001'],96,1,['OGPV1B1' 'OGPV1D1' 'OGPV1B2' 'OGPV1D2'],96,4
1559_0LT001,2169.114,48.6846,5403.5293,['1559_0LT001'],216,1,"['P9VG3A1' 'P9VG3B1' 'P9VG3D1' 'P9VG3A2' 'P9VG3B2' 'P9VG3D2' 'P9VG3A3'
 'P9VG3B3' 'P9VG3D3']",216,9
1559_1LT001,1482.4991,49.664604,3567.9854,['1559_1LT001'],144,1,['L9PG3A1' 'L9PG3B1' 'L9PG3A2' 'L9PG3B2' 'L9PG3A3' 'L9PG3B3'],144,6
1559_2LT001,1460.707,51.674267,3559.9268,['1559_2LT001'],144,1,['G1PQ3A1' 'G1PQ3B1' 'G1PQ3A2' 'G1PQ3B2' 'G1PQ3A3' 'G1PQ3B3'],144,6
1560_0LT001,484.3991,49.683125,1104.2184,['1560_0LT001'],48,1,['P9G3VB1' 'P9G3VB2'],48,2
1560_1LT001,1019.745,51.98344,2348.4148,['1560_1LT001'],96,1,['G1Q9OB1' 'G1Q9OD1' 'G1Q9OB2' 'G1Q9OD2'],96,4
1561_0LT001,2128.339,52.761223,5416.497,['1561_0LT001'],216,1,"['P31QGA1' 'P31QGB1' 'P31QGD1' 'P31QGA2' 'P31QGB2' 'P31QGD2' 'P31QGA3'
 'P31QGB3' 'P31QGD3']",216,9
1561_1LT001,1198.0604,46.25094,2862.2524,['1561_1LT001'],120,1,['QVOAPB1' 'QVOAPB2' 'QVOAPB3' 'QVOAPB4' 'QVOAPB5'],120,5
1561_2LT001,2234.2249,47.067814,5427.677,['1561_2LT001'],216,1,"['L3P1GA1' 'L3P1GB1' 'L3P1GC1' 'L3P1GA2' 'L3P1GB2' 'L3P1GC2' 'L3P1GA3'
 'L3P1GB3' 'L3P1GC3']",216,9
1562_0LT001,2306.0342,50.345406,6109.9478,['1562_0LT001'],240,1,"['39PAVB1' '39PAVD1' '39PAVB2' '39PAVD2' '39PAVB3' '39PAVD3' '39PAVB4'
 '39PAVD4' '39PAVB5' '39PAVD5']",240,10
1562_1LT001,2102.8027,49.603054,5256.2305,['1562_1LT001'],216,1,"['O9L31A1' 'O9L31B1' 'O9L31D1' 'O9L31A2' 'O9L31B2' 'O9L31D2' 'O9L31A3'
 'O9L31B3' 'O9L31D3']",216,9
1563_0LT001,438.96118,45.39493,1096.2499,['1563_0LT001'],48,1,['1OVL3B1' '1OVL3B2'],48,2
1563_1LT001,1455.4854,54.33384,3358.682,['1563_1LT001'],144,1,['Q93P1A1' 'Q93P1B1' 'Q93P1A2' 'Q93P1B2' 'Q93P1A3' 'Q93P1B3'],144,6
1564_0LT001,2230.8325,48.33794,5442.5405,['1564_0LT001'],216,1,"['GAOQ3A1' 'GAOQ3B1' 'GAOQ3D1' 'GAOQ3A2' 'GAOQ3B2' 'GAOQ3D2' 'GAOQ3A3'
 'GAOQ3B3' 'GAOQ3D3']",216,9
1564_1LT001,435.8808,48.45567,1333.9172,['1564_1LT001'],48,1,['3QO1LB1' '3QO1LB2'],48,2
1565_0LT001,2172.1511,50.35793,5346.5273,['1565_0LT001'],216,1,"['A1VLPA1' 'A1VLPB1' 'A1VLPD1' 'A1VLPA2' 'A1VLPB2' 'A1VLPD2' 'A1VLPA3'
 'A1VLPB3' 'A1VLPD3']",216,9
1565_1LT001,412.3004,53.344772,1286.7753,['1565_1LT001'],48,1,['A9VOQB1' 'A9VOQB2'],48,2
1565_2LT001,2218.9602,50.988888,5233.3657,['1565_2LT001'],216,1,"['91G3LA1' '91G3LB1' '91G3LC1' '91G3LA2' '91G3LB2' '91G3LC2' '91G3LA3'
 '91G3LB3' '91G3LC3']",216,9
1566_0LT001,2162.2703,48.281235,5262.373,['1566_0LT001'],216,1,"['G3LO1A1' 'G3LO1B1' 'G3LO1C1' 'G3LO1A2' 'G3LO1B2' 'G3LO1C2' 'G3LO1A3'
 'G3LO1B3' 'G3LO1C3']",216,9
1566_1LT001,2255.5464,55.92386,5685.6523,['1566_1LT001'],216,1,"['V91OGA1' 'V91OGB1' 'V91OGC1' 'V91OGA2' 'V91OGB2' 'V91OGC2' 'V91OGA3'
 'V91OGB3' 'V91OGC3']",216,9
1566_2LT001,1409.5986,49.008675,3504.106,['1566_2LT001'],144,1,['9LGQ3A1' '9LGQ3B1' '9LGQ3A2' '9LGQ3B2' '9LGQ3A3' '9LGQ3B3'],144,6
1567_0LT001,2143.8992,49.53479,5630.9985,['1567_0LT001'],216,1,"['PLAG1A1' 'PLAG1B1' 'PLAG1C1' 'PLAG1A2' 'PLAG1B2' 'PLAG1C2' 'PLAG1A3'
 'PLAG1B3' 'PLAG1C3']",216,9
1567_1LT001,2241.799,51.99677,5580.7744,['1567_1LT001'],216,1,"['VP3G9A1' 'VP3G9B1' 'VP3G9D1' 'VP3G9A2' 'VP3G9B2' 'VP3G9D2' 'VP3G9A3'
 'VP3G9B3' 'VP3G9D3']",216,9
1567_2LT001,2182.4387,48.978416,5211.673,['1567_2LT001'],216,1,"['LQ1AGA1' 'LQ1AGB1' 'LQ1AGD1' 'LQ1AGA2' 'LQ1AGB2' 'LQ1AGD2' 'LQ1AGA3'
 'LQ1AGB3' 'LQ1AGD3']",216,9
1568_0LT001,473.86478,50.565594,1161.8082,['1568_0LT001'],48,1,['PL1AQB1' 'PL1AQB2'],48,2
1568_1LT001,1380.8569,52.515434,3403.0994,['1568_1LT001'],144,1,['L3GPAA1' 'L3GPAB1' 'L3GPAA2' 'L3GPAB2' 'L3GPAA3' 'L3GPAB3'],144,6
1568_2LT001,946.4548,51.986725,2298.4958,['1568_2LT001'],96,1,['PVQGOB1' 'PVQGOD1' 'PVQGOB2' 'PVQGOD2'],96,4
1568_3LT001,474.8134,46.68622,1050.2488,['1568_3LT001'],48,1,['QOP13B1' 'QOP13B2'],48,2
1568_4LT001,2319.6094,47.179153,5430.066,['1568_4LT001'],216,1,"['P391QA1' 'P391QB1' 'P391QC1' 'P391QA2' 'P391QB2' 'P391QC2' 'P391QA3'
 'P391QB3' 'P391QC3']",216,9
1568_5LT001,2204.1262,52.32253,5356.8936,['1568_5LT001'],216,1,"['L1OVGA1' 'L1OVGB1' 'L1OVGD1' 'L1OVGA2' 'L1OVGB2' 'L1OVGD2' 'L1OVGA3'
 'L1OVGB3' 'L1OVGD3']",216,9
1569_0LT001,1482.545,50.492783,3403.914,['1569_0LT001'],144,1,['POLV3A1' 'POLV3B1' 'POLV3A2' 'POLV3B2' 'POLV3A3' 'POLV3B3'],144,6
1569_1LT001,1445.2452,48.60459,3751.5076,['1569_1LT001'],144,1,['Q1A93A1' 'Q1A93B1' 'Q1A93A2' 'Q1A93B2' 'Q1A93A3' 'Q1A93B3'],144,6
1569_2LT001,2107.848,49.324715,5205.031,['1569_2LT001'],216,1,"['OL1VPA1' 'OL1VPB1' 'OL1VPD1' 'OL1VPA2' 'OL1VPB2' 'OL1VPD2' 'OL1VPA3'
 'OL1VPB3' 'OL1VPD3']",216,9
1570_0LT001,2006.4758,50.30706,5019.842,['1570_0LT001'],216,1,"['QL1G3A1' 'QL1G3B1' 'QL1G3C1' 'QL1G3A2' 'QL1G3B2' 'QL1G3C2' 'QL1G3A3'
 'QL1G3B3' 'QL1G3C3']",216,9
1570_1LT001,2412.845,50.31626,5715.2954,['1570_1LT001'],216,1,"['PG9A1A1' 'PG9A1B1' 'PG9A1C1' 'PG9A1A2' 'PG9A1B2' 'PG9A1C2' 'PG9A1A3'
 'PG9A1B3' 'PG9A1C3']",216,9
1570_2LT001,2121.6638,48.239483,5813.128,['1570_2LT001'],216,1,"['QL9P3A1' 'QL9P3B1' 'QL9P3C1' 'QL9P3A2' 'QL9P3B2' 'QL9P3C2' 'QL9P3A3'
 'QL9P3B3' 'QL9P3C3']",216,9
1570_3LT001,1382.5991,46.93123,3611.1665,['1570_3LT001'],144,1,['V9QG1A1' 'V9QG1B1' 'V9QG1A2' 'V9QG1B2' 'V9QG1A3' 'V9QG1B3'],144,6
1571_0LT001,2170.6223,49.56616,5336.166,['1571_0LT001'],216,1,"['A9GO1A1' 'A9GO1B1' 'A9GO1C1' 'A9GO1A2' 'A9GO1B2' 'A9GO1C2' 'A9GO1A3'
 'A9GO1B3' 'A9GO1C3']",216,9
1571_1LT001,2132.832,50.24487,5340.219,['1571_1LT001'],216,1,"['93A1LA1' '93A1LB1' '93A1LC1' '93A1LA2' '93A1LB2' '93A1LC2' '93A1LA3'
 '93A1LB3' '93A1LC3']",216,9
1571_2LT001,1505.71,49.866867,3744.3835,['1571_2LT001'],144,1,['PAGQOA1' 'PAGQOB1' 'PAGQOA2' 'PAGQOB2' 'PAGQOA3' 'PAGQOB3'],144,6
1571_3LT001,2078.868,51.019855,5796.578,['1571_3LT001'],216,1,"['91PQOA1' '91PQOB1' '91PQOC1' '91PQOA2' '91PQOB2' '91PQOC2' '91PQOA3'
 '91PQOB3' '91PQOC3']",216,9
1572_0LT001,2215.1748,48.526962,5402.877,['1572_0LT001'],216,1,"['Q1L3PA1' 'Q1L3PB1' 'Q1L3PD1' 'Q1L3PA2' 'Q1L3PB2' 'Q1L3PD2' 'Q1L3PA3'
 'Q1L3PB3' 'Q1L3PD3']",216,9
1572_1LT001,2440.5466,51.394993,5660.011,['1572_1LT001'],216,1,"['13OVGA1' '13OVGB1' '13OVGC1' '13OVGA2' '13OVGB2' '13OVGC2' '13OVGA3'
 '13OVGB3' '13OVGC3']",216,9
1572_2LT001,454.7256,49.489338,1291.6958,['1572_2LT001'],48,1,['1PQA3B1' '1PQA3B2'],48,2
1572_3LT001,2193.7515,50.21988,5334.1245,['1572_3LT001'],216,1,"['VGL93A1' 'VGL93B1' 'VGL93D1' 'VGL93A2' 'VGL93B2' 'VGL93D2' 'VGL93A3'
 'VGL93B3' 'VGL93D3']",216,9
1573_0LT001,2124.6218,51.644295,5314.087,['1573_0LT001'],216,1,"['P3OG1A1' 'P3OG1B1' 'P3OG1D1' 'P3OG1A2' 'P3OG1B2' 'P3OG1D2' 'P3OG1A3'
 'P3OG1B3' 'P3OG1D3']",216,9
1573_1LT001,2233.0413,52.089622,5046.9565,['1573_1LT001'],216,1,"['9OPG3A1' '9OPG3B1' '9OPG3D1' '9OPG3A2' '9OPG3B2' '9OPG3D2' '9OPG3A3'
 '9OPG3B3' '9OPG3D3']",216,9
1573_2LT001,1279.0376,48.724648,3595.6443,['1573_2LT001'],144,1,['1LAQOA1' '1LAQOB1' '1LAQOA2' '1LAQOB2' '1LAQOA3' '1LAQOB3'],144,6
1574_0LT001,2173.2517,48.543118,5180.186,['1574_0LT001'],216,1,"['3GQVLA1' '3GQVLB1' '3GQVLD1' '3GQVLA2' '3GQVLB2' '3GQVLD2' '3GQVLA3'
 '3GQVLB3' '3GQVLD3']",216,9
1574_1LT001,2208.062,49.43377,5729.3535,['1574_1LT001'],216,1,"['VG3AQA1' 'VG3AQB1' 'VG3AQD1' 'VG3AQA2' 'VG3AQB2' 'VG3AQD2' 'VG3AQA3'
 'VG3AQB3' 'VG3AQD3']",216,9
1574_2LT001,1480.3942,53.701817,3536.3362,['1574_2LT001'],144,1,['QG3A9A1' 'QG3A9B1' 'QG3A9A2' 'QG3A9B2' 'QG3A9A3' 'QG3A9B3'],144,6
1575_0LT001,2185.78,47.676643,5323.2905,['1575_0LT001'],216,1,"['VO3PLA1' 'VO3PLB1' 'VO3PLD1' 'VO3PLA2' 'VO3PLB2' 'VO3PLD2' 'VO3PLA3'
 'VO3PLB3' 'VO3PLD3']",216,9
1575_1LT001,2163.7302,50.902008,5227.3774,['1575_1LT001'],216,1,"['VO13GA1' 'VO13GB1' 'VO13GD1' 'VO13GA2' 'VO13GB2' 'VO13GD2' 'VO13GA3'
 'VO13GB3' 'VO13GD3']",216,9
1575_2LT001,1138.1053,51.030983,2960.519,['1575_2LT001'],120,1,['V3QLAB1' 'V3QLAB2' 'V3QLAB3' 'V3QLAB4' 'V3QLAB5'],120,5
1575_3LT001,1475.4727,48.52145,3738.7058,['1575_3LT001'],144,1,['AQOP1A1' 'AQOP1B1' 'AQOP1A2' 'AQOP1B2' 'AQOP1A3' 'AQOP1B3'],144,6
1576_0LT001,1512.5685,52.872684,3598.111,['1576_0LT001'],144,1,['3ALGPA1' '3ALGPB1' '3ALGPA2' '3ALGPB2' '3ALGPA3' '3ALGPB3'],144,6
1576_1LT001,912.1459,49.104496,2373.752,['1576_1LT001'],96,1,['9P3AVB1' '9P3AVD1' '9P3AVB2' '9P3AVD2'],96,4
1576_2LT001,516.50214,43.88524,1423.6731,['1576_2LT001'],48,1,['PG1VLB1' 'PG1VLB2'],48,2
1576_3LT001,430.5416,54.85493,1194.1023,['1576_3LT001'],48,1,['L9V1OB1' 'L9V1OB2'],48,2
1577_0LT001,501.24146,59.203323,1197.839,['1577_0LT001'],48,1,['VL3QGB1' 'VL3QGB2'],48,2
1577_1LT001,2266.844,50.471832,5358.176,['1577_1LT001'],216,1,"['9GOLPA1' '9GOLPB1' '9GOLPD1' '9GOLPA2' '9GOLPB2' '9GOLPD2' '9GOLPA3'
 '9GOLPB3' '9GOLPD3']",216,9
1577_2LT001,899.4911,48.598484,2667.932,['1577_2LT001'],96,1,['VGAQPB1' 'VGAQPD1' 'VGAQPB2' 'VGAQPD2'],96,4
1577_3LT001,483.91342,42.5369,1133.4404,['1577_3LT001'],48,1,['OLV1GB1' 'OLV1GB2'],48,2
1578_0LT001,2250.4946,50.16885,5318.63,['1578_0LT001'],216,1,"['3GQ9PA1' '3GQ9PB1' '3GQ9PD1' '3GQ9PA2' '3GQ9PB2' '3GQ9PD2' '3GQ9PA3'
 '3GQ9PB3' '3GQ9PD3']",216,9
1578_1LT001,2181.2705,51.81067,5439.1807,['1578_1LT001'],216,1,"['O1AQGA1' 'O1AQGB1' 'O1AQGD1' 'O1AQGA2' 'O1AQGB2' 'O1AQGD2' 'O1AQGA3'
 'O1AQGB3' 'O1AQGD3']",216,9
1578_2LT001,2099.9004,50.306976,5489.3213,['1578_2LT001'],216,1,"['O3PGQA1' 'O3PGQB1' 'O3PGQD1' 'O3PGQA2' 'O3PGQB2' 'O3PGQD2' 'O3PGQA3'
 'O3PGQB3' 'O3PGQD3']",216,9
1578_3LT001,2249.7336,49.57674,5512.1084,['1578_3LT001'],216,1,"['AQ3V1A1' 'AQ3V1B1' 'AQ3V1D1' 'AQ3V1A2' 'AQ3V1B2' 'AQ3V1D2' 'AQ3V1A3'
 'AQ3V1B3' 'AQ3V1D3']",216,9
1579_0LT001,898.06793,51.874813,2518.0469,['1579_0LT001'],96,1,['39VO1B1' '39VO1D1' '39VO1B2' '39VO1D2'],96,4
1579_1LT001,1540.4056,44.287006,3558.9668,['1579_1LT001'],144,1,['GPLO1A1' 'GPLO1B1' 'GPLO1A2' 'GPLO1B2' 'GPLO1A3' 'GPLO1B3'],144,6
1580_0LT001,955.0496,56.21536,2458.2632,['1580_0LT001'],96,1,['O9LQ1B1' 'O9LQ1D1' 'O9LQ1B2' 'O9LQ1D2'],96,4
1580_1LT001,2188.29,51.270927,5579.008,['1580_1LT001'],216,1,"['LO1AQA1' 'LO1AQB1' 'LO1AQD1' 'LO1AQA2' 'LO1AQB2' 'LO1AQD2' 'LO1AQA3'
 'LO1AQB3' 'LO1AQD3']",216,9
1580_2LT001,550.1349,41.423103,1064.0657,['1580_2LT001'],48,1,['O13PAB1' 'O13PAB2'],48,2
1581_0LT001,1506.192,46.68512,3521.1187,['1581_0LT001'],144,1,['AVGQ9A1' 'AVGQ9B1' 'AVGQ9A2' 'AVGQ9B2' 'AVGQ9A3' 'AVGQ9B3'],144,6
1581_1LT001,2164.5781,49.553665,5522.7334,['1581_1LT001'],216,1,"['QLO1VA1' 'QLO1VB1' 'QLO1VC1' 'QLO1VA2' 'QLO1VB2' 'QLO1VC2' 'QLO1VA3'
 'QLO1VB3' 'QLO1VC3']",216,9
1581_2LT001,903.61383,52.76495,2259.971,['1581_2LT001'],96,1,['39OV1B1' '39OV1D1' '39OV1B2' '39OV1D2'],96,4
1581_3LT001,1320.4019,47.42469,4058.4211,['1581_3LT001'],144,1,['V319QA1' 'V319QB1' 'V319QA2' 'V319QB2' 'V319QA3' 'V319QB3'],144,6
1582_0LT001,1361.7272,50.466034,3619.8408,['1582_0LT001'],144,1,['1OV3LA1' '1OV3LB1' '1OV3LA2' '1OV3LB2' '1OV3LA3' '1OV3LB3'],144,6
1582_1LT001,2514.9834,48.326572,5988.837,['1582_1LT001'],240,1,"['19GAQB1' '19GAQD1' '19GAQB2' '19GAQD2' '19GAQB3' '19GAQD3' '19GAQB4'
 '19GAQD4' '19GAQB5' '19GAQD5']",240,10
1582_2LT001,2212.7283,51.3198,5248.685,['1582_2LT001'],216,1,"['AOG1LA1' 'AOG1LB1' 'AOG1LD1' 'AOG1LA2' 'AOG1LB2' 'AOG1LD2' 'AOG1LA3'
 'AOG1LB3' 'AOG1LD3']",216,9
1583_0LT001,503.44073,51.917538,1136.5182,['1583_0LT001'],48,1,['QLVP9B1' 'QLVP9B2'],48,2
1583_1LT001,2152.7166,49.316185,5466.3794,['1583_1LT001'],216,1,"['OG3PVA1' 'OG3PVB1' 'OG3PVC1' 'OG3PVA2' 'OG3PVB2' 'OG3PVC2' 'OG3PVA3'
 'OG3PVB3' 'OG3PVC3']",216,9
1583_2LT001,1473.5609,54.689873,3430.3887,['1583_2LT001'],144,1,['1LG39A1' '1LG39B1' '1LG39A2' '1LG39B2' '1LG39A3' '1LG39B3'],144,6
1584_0LT001,547.1417,50.195293,1323.1566,['1584_0LT001'],48,1,['OP9Q1B1' 'OP9Q1B2'],48,2
1584_1LT001,1409.688,52.411423,3566.4128,['1584_1LT001'],144,1,['GOL3PA1' 'GOL3PB1' 'GOL3PA2' 'GOL3PB2' 'GOL3PA3' 'GOL3PB3'],144,6
1584_2LT001,2104.822,51.18073,5197.979,['1584_2LT001'],216,1,"['GV9P3A1' 'GV9P3B1' 'GV9P3D1' 'GV9P3A2' 'GV9P3B2' 'GV9P3D2' 'GV9P3A3'
 'GV9P3B3' 'GV9P3D3']",216,9
1585_0LT001,470.05466,49.38446,1123.6481,['1585_0LT001'],48,1,['O3GPVB1' 'O3GPVB2'],48,2
1585_1LT001,423.62347,47.410233,1155.8021,['1585_1LT001'],48,1,['9GLQVB1' '9GLQVB2'],48,2
1586_0LT001,924.61005,51.32931,2196.6426,['1586_0LT001'],96,1,['1QVPAB1' '1QVPAD1' '1QVPAB2' '1QVPAD2'],96,4
1586_1LT001,2168.2434,47.7507,5666.7314,['1586_1LT001'],216,1,"['1G9QAA1' '1G9QAB1' '1G9QAD1' '1G9QAA2' '1G9QAB2' '1G9QAD2' '1G9QAA3'
 '1G9QAB3' '1G9QAD3']",216,9
1587_0LT001,1928.9862,50.909492,5024.697,['1587_0LT001'],216,1,"['A39LPA1' 'A39LPB1' 'A39LPC1' 'A39LPA2' 'A39LPB2' 'A39LPC2' 'A39LPA3'
 'A39LPB3' 'A39LPC3']",216,9
1587_1LT001,1453.9985,55.357803,3588.0073,['1587_1LT001'],144,1,['OP1LGA1' 'OP1LGB1' 'OP1LGA2' 'OP1LGB2' 'OP1LGA3' 'OP1LGB3'],144,6
1587_2LT001,2162.645,47.39468,5752.6665,['1587_2LT001'],216,1,"['LQ1G3A1' 'LQ1G3B1' 'LQ1G3C1' 'LQ1G3A2' 'LQ1G3B2' 'LQ1G3C2' 'LQ1G3A3'
 'LQ1G3B3' 'LQ1G3C3']",216,9
1588_0LT001,437.57138,45.565186,1043.8914,['1588_0LT001'],48,1,['O9P3AB1' 'O9P3AB2'],48,2
1588_1LT001,1585.461,51.016476,3600.095,['1588_1LT001'],144,1,['OL9A3A1' 'OL9A3B1' 'OL9A3A2' 'OL9A3B2' 'OL9A3A3' 'OL9A3B3'],144,6
1588_2LT001,438.8267,50.836853,1403.5385,['1588_2LT001'],48,1,['GAQV1B1' 'GAQV1B2'],48,2
1589_0LT001,1047.1608,48.806946,2499.69,['1589_0LT001'],96,1,['OVAGPB1' 'OVAGPD1' 'OVAGPB2' 'OVAGPD2'],96,4
1589_1LT001,2191.4292,49.102028,5407.892,['1589_1LT001'],216,1,"['V3AOLA1' 'V3AOLB1' 'V3AOLD1' 'V3AOLA2' 'V3AOLB2' 'V3AOLD2' 'V3AOLA3'
 'V3AOLB3' 'V3AOLD3']",216,9
1590_0LT001,1959.1918,47.44498,5321.526,['1590_0LT001'],216,1,"['3OQL1A1' '3OQL1B1' '3OQL1C1' '3OQL1A2' '3OQL1B2' '3OQL1C2' '3OQL1A3'
 '3OQL1B3' '3OQL1C3']",216,9
1590_1LT001,1411.3794,49.440994,3495.3838,['1590_1LT001'],144,1,['GVQALA1' 'GVQALB1' 'GVQALA2' 'GVQALB2' 'GVQALA3' 'GVQALB3'],144,6
1590_2LT001,2071.9016,50.3961,5323.1777,['1590_2LT001'],216,1,"['913QPA1' '913QPB1' '913QPC1' '913QPA2' '913QPB2' '913QPC2' '913QPA3'
 '913QPB3' '913QPC3']",216,9
1590_3LT001,2372.591,45.86244,6186.062,['1590_3LT001'],240,1,"['9G1QVB1' '9G1QVC1' '9G1QVB2' '9G1QVC2' '9G1QVB3' '9G1QVC3' '9G1QVB4'
 '9G1QVC4' '9G1QVB5' '9G1QVC5']",240,10
1591_0LT001,2247.0632,48.489525,5399.2114,['1591_0LT001'],216,1,"['OPVGLA1' 'OPVGLB1' 'OPVGLC1' 'OPVGLA2' 'OPVGLB2' 'OPVGLC2' 'OPVGLA3'
 'OPVGLB3' 'OPVGLC3']",216,9
1591_1LT001,1378.6064,49.63597,3334.0117,['1591_1LT001'],144,1,['QVOG1A1' 'QVOG1B1' 'QVOG1A2' 'QVOG1B2' 'QVOG1A3' 'QVOG1B3'],144,6
1592_0LT001,2189.8118,51.42652,5214.3633,['1592_0LT001'],216,1,"['9L31OA1' '9L31OB1' '9L31OD1' '9L31OA2' '9L31OB2' '9L31OD2' '9L31OA3'
 '9L31OB3' '9L31OD3']",216,9
1592_1LT001,1087.0323,52.836716,2292.5024,['1592_1LT001'],96,1,['L1AGVB1' 'L1AGVD1' 'L1AGVB2' 'L1AGVD2'],96,4
1593_0LT001,2252.1753,51.35834,5332.4517,['1593_0LT001'],216,1,"['9GQPLA1' '9GQPLB1' '9GQPLD1' '9GQPLA2' '9GQPLB2' '9GQPLD2' '9GQPLA3'
 '9GQPLB3' '9GQPLD3']",216,9
1593_1LT001,2092.8113,48.14418,5181.267,['1593_1LT001'],216,1,"['L9QAPA1' 'L9QAPB1' 'L9QAPC1' 'L9QAPA2' 'L9QAPB2' 'L9QAPC2' 'L9QAPA3'
 'L9QAPB3' 'L9QAPC3']",216,9
1593_2LT001,2206.0034,48.735985,5409.7793,['1593_2LT001'],216,1,"['1AG93A1' '1AG93B1' '1AG93C1' '1AG93A2' '1AG93B2' '1AG93C2' '1AG93A3'
 '1AG93B3' '1AG93C3']",216,9
1594_0LT001,543.9191,53.418163,1121.2477,['1594_0LT001'],48,1,['VO1PAB1' 'VO1PAB2'],48,2
1594_1LT001,2139.725,48.613846,5546.5493,['1594_1LT001'],216,1,"['9LQVPA1' '9LQVPB1' '9LQVPD1' '9LQVPA2' '9LQVPB2' '9LQVPD2' '9LQVPA3'
 '9LQVPB3' '9LQVPD3']",216,9
1594_2LT001,1407.0112,46.843914,3630.0461,['1594_2LT001'],144,1,['GLQAOA1' 'GLQAOB1' 'GLQAOA2' 'GLQAOB2' 'GLQAOA3' 'GLQAOB3'],144,6
1595_0LT001,2156.7136,49.60769,5269.6553,['1595_0LT001'],216,1,"['GA931A1' 'GA931B1' 'GA931C1' 'GA931A2' 'GA931B2' 'GA931C2' 'GA931A3'
 'GA931B3' 'GA931C3']",216,9
1595_1LT001,1408.3212,54.395634,3451.8599,['1595_1LT001'],144,1,['A31LOA1' 'A31LOB1' 'A31LOA2' 'A31LOB2' 'A31LOA3' 'A31LOB3'],144,6
1596_0LT001,2121.878,53.411545,5590.2246,['1596_0LT001'],216,1,"['3V1GOA1' '3V1GOB1' '3V1GOD1' '3V1GOA2' '3V1GOB2' '3V1GOD2' '3V1GOA3'
 '3V1GOB3' '3V1GOD3']",216,9
1596_1LT001,1432.2878,47.444626,3904.2837,['1596_1LT001'],144,1,['9A3PVA1' '9A3PVB1' '9A3PVA2' '9A3PVB2' '9A3PVA3' '9A3PVB3'],144,6
1597_0LT001,2129.045,53.614876,5673.937,['1597_0LT001'],216,1,"['PQVLGA1' 'PQVLGB1' 'PQVLGD1' 'PQVLGA2' 'PQVLGB2' 'PQVLGD2' 'PQVLGA3'
 'PQVLGB3' 'PQVLGD3']",216,9
1597_1LT001,2096.2822,49.476555,5326.293,['1597_1LT001'],216,1,"['AOGVLA1' 'AOGVLB1' 'AOGVLD1' 'AOGVLA2' 'AOGVLB2' 'AOGVLD2' 'AOGVLA3'
 'AOGVLB3' 'AOGVLD3']",216,9
1598_0LT001,2286.978,47.18491,4659.2676,['1598_0LT001'],216,1,"['AOLVPA1' 'AOLVPB1' 'AOLVPC1' 'AOLVPA2' 'AOLVPB2' 'AOLVPC2' 'AOLVPA3'
 'AOLVPB3' 'AOLVPC3']",216,9
1598_1LT001,2092.9272,51.43422,4854.3394,['1598_1LT001'],216,1,"['PA9GOA1' 'PA9GOB1' 'PA9GOD1' 'PA9GOA2' 'PA9GOB2' 'PA9GOD2' 'PA9GOA3'
 'PA9GOB3' 'PA9GOD3']",216,9
1599_0LT001,2179.9941,53.708675,5637.5366,['1599_0LT001'],216,1,"['9GVQOA1' '9GVQOB1' '9GVQOC1' '9GVQOA2' '9GVQOB2' '9GVQOC2' '9GVQOA3'
 '9GVQOB3' '9GVQOC3']",216,9
1599_1LT001,2235.31,51.109604,5400.3247,['1599_1LT001'],216,1,"['LAV9OA1' 'LAV9OB1' 'LAV9OC1' 'LAV9OA2' 'LAV9OB2' 'LAV9OC2' 'LAV9OA3'
 'LAV9OB3' 'LAV9OC3']",216,9
1599_2LT001,503.88376,47.95647,1137.2625,['1599_2LT001'],48,1,['QGL3PB1' 'QGL3PB2'],48,2
1600_0LT001,1389.1349,49.519363,3727.331,['1600_0LT001'],144,1,['LOQ93A1' 'LOQ93B1' 'LOQ93A2' 'LOQ93B2' 'LOQ93A3' 'LOQ93B3'],144,6
1600_1LT001,2410.009,47.48016,6069.885,['1600_1LT001'],240,1,"['GP139B1' 'GP139D1' 'GP139B2' 'GP139D2' 'GP139B3' 'GP139D3' 'GP139B4'
 'GP139D4' 'GP139B5' 'GP139D5']",240,10
1600_2LT001,2173.8625,49.26263,5317.133,['1600_2LT001'],216,1,"['PAGL1A1' 'PAGL1B1' 'PAGL1D1' 'PAGL1A2' 'PAGL1B2' 'PAGL1D2' 'PAGL1A3'
 'PAGL1B3' 'PAGL1D3']",216,9
1601_0LT001,2166.972,54.92813,5471.9956,['1601_0LT001'],216,1,"['GV391A1' 'GV391B1' 'GV391C1' 'GV391A2' 'GV391B2' 'GV391C2' 'GV391A3'
 'GV391B3' 'GV391C3']",216,9
1601_1LT001,2141.006,51.390087,5581.0723,['1601_1LT001'],216,1,"['OL3GAA1' 'OL3GAB1' 'OL3GAD1' 'OL3GAA2' 'OL3GAB2' 'OL3GAD2' 'OL3GAA3'
 'OL3GAB3' 'OL3GAD3']",216,9
1602_0LT001,2430.0503,47.088448,6053.8726,['1602_0LT001'],240,1,"['O3GALB1' 'O3GALC1' 'O3GALB2' 'O3GALC2' 'O3GALB3' 'O3GALC3' 'O3GALB4'
 'O3GALC4' 'O3GALB5' 'O3GALC5']",240,10
1602_1LT001,467.183,49.499752,1244.6898,['1602_1LT001'],48,1,['3AL91B1' '3AL91B2'],48,2
1603_0LT001,2210.3762,49.334053,5296.8813,['1603_0LT001'],216,1,"['AOVQ3A1' 'AOVQ3B1' 'AOVQ3D1' 'AOVQ3A2' 'AOVQ3B2' 'AOVQ3D2' 'AOVQ3A3'
 'AOVQ3B3' 'AOVQ3D3']",216,9
1603_1LT001,2182.188,50.52541,5730.76,['1603_1LT001'],216,1,"['3A9QVA1' '3A9QVB1' '3A9QVD1' '3A9QVA2' '3A9QVB2' '3A9QVD2' '3A9QVA3'
 '3A9QVB3' '3A9QVD3']",216,9
1604_0LT001,2228.1028,47.324516,5554.5723,['1604_0LT001'],216,1,"['9O1APA1' '9O1APB1' '9O1APC1' '9O1APA2' '9O1APB2' '9O1APC2' '9O1APA3'
 '9O1APB3' '9O1APC3']",216,9
1604_1LT001,457.64337,50.12176,1271.4725,['1604_1LT001'],48,1,['LV1G9B1' 'LV1G9B2'],48,2
1605_0LT001,2481.5383,53.56951,5974.2314,['1605_0LT001'],240,1,"['9G3PQB1' '9G3PQD1' '9G3PQB2' '9G3PQD2' '9G3PQB3' '9G3PQD3' '9G3PQB4'
 '9G3PQD4' '9G3PQB5' '9G3PQD5']",240,10
1605_1LT001,2067.3162,47.2055,5657.6846,['1605_1LT001'],216,1,"['GPQLOA1' 'GPQLOB1' 'GPQLOD1' 'GPQLOA2' 'GPQLOB2' 'GPQLOD2' 'GPQLOA3'
 'GPQLOB3' 'GPQLOD3']",216,9
1605_2LT001,2215.9434,53.20134,5730.914,['1605_2LT001'],216,1,"['O9APGA1' 'O9APGB1' 'O9APGC1' 'O9APGA2' 'O9APGB2' 'O9APGC2' 'O9APGA3'
 'O9APGB3' 'O9APGC3']",216,9
1605_3LT001,1024.2006,53.59488,2537.2788,['1605_3LT001'],96,1,['9GOP1B1' '9GOP1D1' '9GOP1B2' '9GOP1D2'],96,4
1606_0LT001,2191.1995,48.45026,5479.6743,['1606_0LT001'],216,1,"['A9POVA1' 'A9POVB1' 'A9POVC1' 'A9POVA2' 'A9POVB2' 'A9POVC2' 'A9POVA3'
 'A9POVB3' 'A9POVC3']",216,9
1606_1LT001,2128.4163,53.91264,5482.6216,['1606_1LT001'],216,1,"['9OPLGA1' '9OPLGB1' '9OPLGD1' '9OPLGA2' '9OPLGB2' '9OPLGD2' '9OPLGA3'
 '9OPLGB3' '9OPLGD3']",216,9
1606_2LT001,1430.445,52.8094,3537.0981,['1606_2LT001'],144,1,['GPAOLA1' 'GPAOLB1' 'GPAOLA2' 'GPAOLB2' 'GPAOLA3' 'GPAOLB3'],144,6
1607_0LT001,532.04376,45.408604,1264.2358,['1607_0LT001'],48,1,['L9OA1B1' 'L9OA1B2'],48,2
1607_1LT001,2106.0393,48.21453,5408.2754,['1607_1LT001'],216,1,"['PGQ9OA1' 'PGQ9OB1' 'PGQ9OC1' 'PGQ9OA2' 'PGQ9OB2' 'PGQ9OC2' 'PGQ9OA3'
 'PGQ9OB3' 'PGQ9OC3']",216,9
1607_2LT001,1364.8431,52.146816,3413.1072,['1607_2LT001'],144,1,['L1O9QA1' 'L1O9QB1' 'L1O9QA2' 'L1O9QB2' 'L1O9QA3' 'L1O9QB3'],144,6
1608_0LT001,2252.8577,50.095,5549.084,['1608_0LT001'],216,1,"['91PG3A1' '91PG3B1' '91PG3C1' '91PG3A2' '91PG3B2' '91PG3C2' '91PG3A3'
 '91PG3B3' '91PG3C3']",216,9
1608_1LT001,2299.889,50.061516,5318.48,['1608_1LT001'],216,1,"['1VLGAA1' '1VLGAB1' '1VLGAD1' '1VLGAA2' '1VLGAB2' '1VLGAD2' '1VLGAA3'
 '1VLGAB3' '1VLGAD3']",216,9
1608_2LT001,2306.3215,51.19672,5308.2227,['1608_2LT001'],216,1,"['AP31LA1' 'AP31LB1' 'AP31LC1' 'AP31LA2' 'AP31LB2' 'AP31LC2' 'AP31LA3'
 'AP31LB3' 'AP31LC3']",216,9
1608_3LT001,1009.2516,50.44286,2602.5107,['1608_3LT001'],96,1,['PV9A3B1' 'PV9A3D1' 'PV9A3B2' 'PV9A3D2'],96,4
1609_0LT001,997.80194,50.074726,2432.3154,['1609_0LT001'],96,1,['POQ39B1' 'POQ39D1' 'POQ39B2' 'POQ39D2'],96,4
1609_1LT001,463.60553,51.880062,1119.7378,['1609_1LT001'],48,1,['1L3GQB1' '1L3GQB2'],48,2
1609_2LT001,1534.5286,51.554478,3395.5159,['1609_2LT001'],144,1,['139GOA1' '139GOB1' '139GOA2' '139GOB2' '139GOA3' '139GOB3'],144,6
1610_0LT001,1443.7654,48.40643,3550.6772,['1610_0LT001'],144,1,['OQV1AA1' 'OQV1AB1' 'OQV1AA2' 'OQV1AB2' 'OQV1AA3' 'OQV1AB3'],144,6
1610_1LT001,470.9873,42.829136,1255.651,['1610_1LT001'],48,1,['G9LQVB1' 'G9LQVB2'],48,2
1610_2LT001,2236.5388,50.52451,5644.8228,['1610_2LT001'],216,1,"['AVGQLA1' 'AVGQLB1' 'AVGQLC1' 'AVGQLA2' 'AVGQLB2' 'AVGQLC2' 'AVGQLA3'
 'AVGQLB3' 'AVGQLC3']",216,9
1611_0LT001,2265.258,46.316845,5545.8965,['1611_0LT001'],216,1,"['LP1V3A1' 'LP1V3B1' 'LP1V3D1' 'LP1V3A2' 'LP1V3B2' 'LP1V3D2' 'LP1V3A3'
 'LP1V3B3' 'LP1V3D3']",216,9
1611_1LT001,1581.4419,50.54197,3537.7695,['1611_1LT001'],144,1,['1VO3AA1' '1VO3AB1' '1VO3AA2' '1VO3AB2' '1VO3AA3' '1VO3AB3'],144,6
1611_2LT001,2169.517,49.28372,4899.656,['1611_2LT001'],216,1,"['QGP3AA1' 'QGP3AB1' 'QGP3AD1' 'QGP3AA2' 'QGP3AB2' 'QGP3AD2' 'QGP3AA3'
 'QGP3AB3' 'QGP3AD3']",216,9
1612_0LT001,965.7644,50.011124,2384.0056,['1612_0LT001'],96,1,['1GOLAB1' '1GOLAD1' '1GOLAB2' '1GOLAD2'],96,4
1612_1LT001,2151.0813,50.47202,5422.234,['1612_1LT001'],216,1,"['VQPG1A1' 'VQPG1B1' 'VQPG1C1' 'VQPG1A2' 'VQPG1B2' 'VQPG1C2' 'VQPG1A3'
 'VQPG1B3' 'VQPG1C3']",216,9
1612_2LT001,2196.144,53.34319,5525.5874,['1612_2LT001'],216,1,"['PLAG3A1' 'PLAG3B1' 'PLAG3C1' 'PLAG3A2' 'PLAG3B2' 'PLAG3C2' 'PLAG3A3'
 'PLAG3B3' 'PLAG3C3']",216,9
1612_3LT001,2030.5295,48.87168,5536.489,['1612_3LT001'],216,1,"['QAO31A1' 'QAO31B1' 'QAO31C1' 'QAO31A2' 'QAO31B2' 'QAO31C2' 'QAO31A3'
 'QAO31B3' 'QAO31C3']",216,9
1613_0LT001,2092.8308,50.572178,4936.5913,['1613_0LT001'],216,1,"['LVA39A1' 'LVA39B1' 'LVA39D1' 'LVA39A2' 'LVA39B2' 'LVA39D2' 'LVA39A3'
 'LVA39B3' 'LVA39D3']",216,9
1613_1LT001,1480.2373,55.276806,3754.7214,['1613_1LT001'],144,1,['AO9VQA1' 'AO9VQB1' 'AO9VQA2' 'AO9VQB2' 'AO9VQA3' 'AO9VQB3'],144,6
1614_0LT001,2158.7913,47.76377,5155.3516,['1614_0LT001'],216,1,"['3PL1AA1' '3PL1AB1' '3PL1AD1' '3PL1AA2' '3PL1AB2' '3PL1AD2' '3PL1AA3'
 '3PL1AB3' '3PL1AD3']",216,9
1614_1LT001,2194.721,50.948345,5647.585,['1614_1LT001'],216,1,"['LVQA1A1' 'LVQA1B1' 'LVQA1D1' 'LVQA1A2' 'LVQA1B2' 'LVQA1D2' 'LVQA1A3'
 'LVQA1B3' 'LVQA1D3']",216,9
1615_0LT001,2082.003,48.37615,5615.919,['1615_0LT001'],216,1,"['LOAP9A1' 'LOAP9B1' 'LOAP9D1' 'LOAP9A2' 'LOAP9B2' 'LOAP9D2' 'LOAP9A3'
 'LOAP9B3' 'LOAP9D3']",216,9
1615_1LT001,2109.4636,48.379074,5147.656,['1615_1LT001'],216,1,"['GPV3AA1' 'GPV3AB1' 'GPV3AC1' 'GPV3AA2' 'GPV3AB2' 'GPV3AC2' 'GPV3AA3'
 'GPV3AB3' 'GPV3AC3']",216,9
1615_2LT001,1253.5098,49.90597,3509.5276,['1615_2LT001'],144,1,['GP193A1' 'GP193B1' 'GP193A2' 'GP193B2' 'GP193A3' 'GP193B3'],144,6
1615_3LT001,2124.5586,51.52516,5482.4014,['1615_3LT001'],216,1,"['93AP1A1' '93AP1B1' '93AP1D1' '93AP1A2' '93AP1B2' '93AP1D2' '93AP1A3'
 '93AP1B3' '93AP1D3']",216,9
1616_0LT001,923.5001,52.0805,2421.1682,['1616_0LT001'],96,1,['GPLV3B1' 'GPLV3D1' 'GPLV3B2' 'GPLV3D2'],96,4
1616_1LT001,2167.7031,51.220287,5144.1543,['1616_1LT001'],216,1,"['LV3Q9A1' 'LV3Q9B1' 'LV3Q9C1' 'LV3Q9A2' 'LV3Q9B2' 'LV3Q9C2' 'LV3Q9A3'
 'LV3Q9B3' 'LV3Q9C3']",216,9
1616_2LT001,2266.8645,51.154396,5013.379,['1616_2LT001'],216,1,"['O13AGA1' 'O13AGB1' 'O13AGC1' 'O13AGA2' 'O13AGB2' 'O13AGC2' 'O13AGA3'
 'O13AGB3' 'O13AGC3']",216,9
1617_0LT001,1372.4889,50.919662,3585.948,['1617_0LT001'],144,1,['OVLA9A1' 'OVLA9B1' 'OVLA9A2' 'OVLA9B2' 'OVLA9A3' 'OVLA9B3'],144,6
1617_1LT001,2197.1477,50.453068,5414.9907,['1617_1LT001'],216,1,"['V1GAOA1' 'V1GAOB1' 'V1GAOD1' 'V1GAOA2' 'V1GAOB2' 'V1GAOD2' 'V1GAOA3'
 'V1GAOB3' 'V1GAOD3']",216,9
1617_2LT001,502.8945,54.936802,1216.2778,['1617_2LT001'],48,1,['QO913B1' 'QO913B2'],48,2
1617_3LT001,958.646,46.246113,2323.5154,['1617_3LT001'],96,1,['PVLQ1B1' 'PVLQ1D1' 'PVLQ1B2' 'PVLQ1D2'],96,4
1618_0LT001,2214.4866,49.45691,6041.4966,['1618_0LT001'],240,1,"['9OVPAB1' '9OVPAD1' '9OVPAB2' '9OVPAD2' '9OVPAB3' '9OVPAD3' '9OVPAB4'
 '9OVPAD4' '9OVPAB5' '9OVPAD5']",240,10
1618_1LT001,954.3923,51.477673,2489.4487,['1618_1LT001'],96,1,['GQL19B1' 'GQL19D1' 'GQL19B2' 'GQL19D2'],96,4
1619_0LT001,2385.3174,50.094963,5900.3887,['1619_0LT001'],240,1,"['LPOAVB1' 'LPOAVD1' 'LPOAVB2' 'LPOAVD2' 'LPOAVB3' 'LPOAVD3' 'LPOAVB4'
 'LPOAVD4' 'LPOAVB5' 'LPOAVD5']",240,10
1619_1LT001,2213.9417,51.798916,4994.7803,['1619_1LT001'],216,1,"['1APV3A1' '1APV3B1' '1APV3D1' '1APV3A2' '1APV3B2' '1APV3D2' '1APV3A3'
 '1APV3B3' '1APV3D3']",216,9
1619_2LT001,2134.8752,51.20511,5627.7827,['1619_2LT001'],216,1,"['3ALPOA1' '3ALPOB1' '3ALPOD1' '3ALPOA2' '3ALPOB2' '3ALPOD2' '3ALPOA3'
 '3ALPOB3' '3ALPOD3']",216,9
1620_0LT001,477.94995,53.070644,1241.3586,['1620_0LT001'],48,1,['9L3A1B1' '9L3A1B2'],48,2
1620_1LT001,2218.477,49.807617,4807.9854,['1620_1LT001'],216,1,"['31QAPA1' '31QAPB1' '31QAPC1' '31QAPA2' '31QAPB2' '31QAPC2' '31QAPA3'
 '31QAPB3' '31QAPC3']",216,9
1620_2LT001,2262.5283,51.69395,5327.24,['1620_2LT001'],216,1,"['QLP3GA1' 'QLP3GB1' 'QLP3GD1' 'QLP3GA2' 'QLP3GB2' 'QLP3GD2' 'QLP3GA3'
 'QLP3GB3' 'QLP3GD3']",216,9
1620_3LT001,2210.6072,48.417984,5376.052,['1620_3LT001'],216,1,"['VQO3AA1' 'VQO3AB1' 'VQO3AD1' 'VQO3AA2' 'VQO3AB2' 'VQO3AD2' 'VQO3AA3'
 'VQO3AB3' 'VQO3AD3']",216,9
1621_0LT001,460.3055,51.43016,1317.1354,['1621_0LT001'],48,1,['GQLAPB1' 'GQLAPB2'],48,2
1621_1LT001,2183.1147,51.035103,5068.474,['1621_1LT001'],216,1,"['9GAP1A1' '9GAP1B1' '9GAP1D1' '9GAP1A2' '9GAP1B2' '9GAP1D2' '9GAP1A3'
 '9GAP1B3' '9GAP1D3']",216,9
1621_2LT001,1009.73303,49.500797,2398.6309,['1621_2LT001'],96,1,['LGOQPB1' 'LGOQPD1' 'LGOQPB2' 'LGOQPD2'],96,4
1622_0LT001,2179.0557,50.91968,5203.9795,['1622_0LT001'],216,1,"['3A1VPA1' '3A1VPB1' '3A1VPC1' '3A1VPA2' '3A1VPB2' '3A1VPC2' '3A1VPA3'
 '3A1VPB3' '3A1VPC3']",216,9
1622_1LT001,1398.0695,51.006275,3833.3499,['1622_1LT001'],144,1,['39P1GA1' '39P1GB1' '39P1GA2' '39P1GB2' '39P1GA3' '39P1GB3'],144,6
1622_2LT001,2049.5017,45.63582,5057.322,['1622_2LT001'],216,1,"['1QPLAA1' '1QPLAB1' '1QPLAC1' '1QPLAA2' '1QPLAB2' '1QPLAC2' '1QPLAA3'
 '1QPLAB3' '1QPLAC3']",216,9
1623_0LT001,850.2959,53.71754,2296.6763,['1623_0LT001'],96,1,['1V93OB1' '1V93OD1' '1V93OB2' '1V93OD2'],96,4
1623_1LT001,2155.5874,50.326073,5394.974,['1623_1LT001'],216,1,"['A3LQGA1' 'A3LQGB1' 'A3LQGD1' 'A3LQGA2' 'A3LQGB2' 'A3LQGD2' 'A3LQGA3'
 'A3LQGB3' 'A3LQGD3']",216,9
1623_2LT001,1394.4689,48.808647,3664.1323,['1623_2LT001'],144,1,['AQ9VGA1' 'AQ9VGB1' 'AQ9VGA2' 'AQ9VGB2' 'AQ9VGA3' 'AQ9VGB3'],144,6
1624_0LT001,1926.1221,52.289864,5314.186,['1624_0LT001'],216,1,"['9LGV3A1' '9LGV3B1' '9LGV3D1' '9LGV3A2' '9LGV3B2' '9LGV3D2' '9LGV3A3'
 '9LGV3B3' '9LGV3D3']",216,9
1624_1LT001,2218.1782,48.020966,5175.644,['1624_1LT001'],216,1,"['39QG1A1' '39QG1B1' '39QG1C1' '39QG1A2' '39QG1B2' '39QG1C2' '39QG1A3'
 '39QG1B3' '39QG1C3']",216,9
1624_2LT001,1291.2095,49.9826,3607.4553,['1624_2LT001'],144,1,['AV3QOA1' 'AV3QOB1' 'AV3QOA2' 'AV3QOB2' 'AV3QOA3' 'AV3QOB3'],144,6
1624_3LT001,494.28885,43.89862,1186.7815,['1624_3LT001'],48,1,['QGP31B1' 'QGP31B2'],48,2
1625_0LT001,2043.2203,51.168648,5378.333,['1625_0LT001'],216,1,"['LOAQGA1' 'LOAQGB1' 'LOAQGD1' 'LOAQGA2' 'LOAQGB2' 'LOAQGD2' 'LOAQGA3'
 'LOAQGB3' 'LOAQGD3']",216,9
1625_1LT001,2260.0032,51.18367,5291.4014,['1625_1LT001'],216,1,"['V1QLOA1' 'V1QLOB1' 'V1QLOD1' 'V1QLOA2' 'V1QLOB2' 'V1QLOD2' 'V1QLOA3'
 'V1QLOB3' 'V1QLOD3']",216,9
1625_2LT001,2158.2742,50.20523,5121.247,['1625_2LT001'],216,1,"['39AOPA1' '39AOPB1' '39AOPD1' '39AOPA2' '39AOPB2' '39AOPD2' '39AOPA3'
 '39AOPB3' '39AOPD3']",216,9
1626_0LT001,2259.8936,47.441654,5034.71,['1626_0LT001'],216,1,"['LG3Q1A1' 'LG3Q1B1' 'LG3Q1C1' 'LG3Q1A2' 'LG3Q1B2' 'LG3Q1C2' 'LG3Q1A3'
 'LG3Q1B3' 'LG3Q1C3']",216,9
1626_1LT001,1053.7777,49.40852,2301.3108,['1626_1LT001'],96,1,['V39POB1' 'V39POD1' 'V39POB2' 'V39POD2'],96,4
1626_2LT001,2131.7117,50.572567,5411.0894,['1626_2LT001'],216,1,"['VQOALA1' 'VQOALB1' 'VQOALC1' 'VQOALA2' 'VQOALB2' 'VQOALC2' 'VQOALA3'
 'VQOALB3' 'VQOALC3']",216,9
1626_3LT001,2125.3147,50.04505,5442.4893,['1626_3LT001'],216,1,"['9AGOPA1' '9AGOPB1' '9AGOPD1' '9AGOPA2' '9AGOPB2' '9AGOPD2' '9AGOPA3'
 '9AGOPB3' '9AGOPD3']",216,9
1627_0LT001,2200.2874,52.48011,5314.7354,['1627_0LT001'],216,1,"['A9OP3A1' 'A9OP3B1' 'A9OP3C1' 'A9OP3A2' 'A9OP3B2' 'A9OP3C2' 'A9OP3A3'
 'A9OP3B3' 'A9OP3C3']",216,9
1627_1LT001,2313.2197,49.468063,5782.1157,['1627_1LT001'],240,1,"['13QLPB1' '13QLPC1' '13QLPB2' '13QLPC2' '13QLPB3' '13QLPC3' '13QLPB4'
 '13QLPC4' '13QLPB5' '13QLPC5']",240,10
1627_2LT001,1996.9875,51.715157,5554.177,['1627_2LT001'],216,1,"['391VOA1' '391VOB1' '391VOC1' '391VOA2' '391VOB2' '391VOC2' '391VOA3'
 '391VOB3' '391VOC3']",216,9
1627_3LT001,2236.669,51.622845,5415.796,['1627_3LT001'],216,1,"['PAVQ9A1' 'PAVQ9B1' 'PAVQ9D1' 'PAVQ9A2' 'PAVQ9B2' 'PAVQ9D2' 'PAVQ9A3'
 'PAVQ9B3' 'PAVQ9D3']",216,9
1628_0LT001,487.40637,50.078175,1245.3853,['1628_0LT001'],48,1,['1A3OVB1' '1A3OVB2'],48,2
1628_1LT001,995.7272,49.472713,2468.2456,['1628_1LT001'],96,1,['91AO3B1' '91AO3D1' '91AO3B2' '91AO3D2'],96,4
1628_2LT001,1003.2111,49.18887,2406.1482,['1628_2LT001'],96,1,['9GOV3B1' '9GOV3D1' '9GOV3B2' '9GOV3D2'],96,4
1629_0LT001,2086.5908,52.023365,5646.649,['1629_0LT001'],216,1,"['9GQ1PA1' '9GQ1PB1' '9GQ1PD1' '9GQ1PA2' '9GQ1PB2' '9GQ1PD2' '9GQ1PA3'
 '9GQ1PB3' '9GQ1PD3']",216,9
1629_1LT001,984.64703,51.367386,2415.5156,['1629_1LT001'],96,1,['V3PAGB1' 'V3PAGD1' 'V3PAGB2' 'V3PAGD2'],96,4
1629_2LT001,2143.1196,50.034187,5047.248,['1629_2LT001'],216,1,"['9VLOGA1' '9VLOGB1' '9VLOGD1' '9VLOGA2' '9VLOGB2' '9VLOGD2' '9VLOGA3'
 '9VLOGB3' '9VLOGD3']",216,9
1630_0LT001,2097.0273,49.936142,5698.6265,['1630_0LT001'],216,1,"['P91VAA1' 'P91VAB1' 'P91VAD1' 'P91VAA2' 'P91VAB2' 'P91VAD2' 'P91VAA3'
 'P91VAB3' 'P91VAD3']",216,9
1630_1LT001,2173.3245,49.79599,5486.988,['1630_1LT001'],216,1,"['LOQV9A1' 'LOQV9B1' 'LOQV9D1' 'LOQV9A2' 'LOQV9B2' 'LOQV9D2' 'LOQV9A3'
 'LOQV9B3' 'LOQV9D3']",216,9
1630_2LT001,2029.7979,46.89725,5216.7173,['1630_2LT001'],216,1,"['3OV9GA1' '3OV9GB1' '3OV9GC1' '3OV9GA2' '3OV9GB2' '3OV9GC2' '3OV9GA3'
 '3OV9GB3' '3OV9GC3']",216,9
1631_0LT001,873.36426,48.48091,2449.5046,['1631_0LT001'],96,1,['OAL13B1' 'OAL13D1' 'OAL13B2' 'OAL13D2'],96,4
1631_1LT001,412.47455,53.77383,1249.2023,['1631_1LT001'],48,1,['GVP1LB1' 'GVP1LB2'],48,2
1632_0LT001,2120.946,48.31928,5027.2754,['1632_0LT001'],216,1,"['3LOAGA1' '3LOAGB1' '3LOAGD1' '3LOAGA2' '3LOAGB2' '3LOAGD2' '3LOAGA3'
 '3LOAGB3' '3LOAGD3']",216,9
1632_1LT001,2131.7546,50.33686,5540.4663,['1632_1LT001'],216,1,"['3PGQOA1' '3PGQOB1' '3PGQOD1' '3PGQOA2' '3PGQOB2' '3PGQOD2' '3PGQOA3'
 '3PGQOB3' '3PGQOD3']",216,9
1632_2LT001,1222.1869,49.391018,3033.8848,['1632_2LT001'],120,1,['QL9OPB1' 'QL9OPB2' 'QL9OPB3' 'QL9OPB4' 'QL9OPB5'],120,5
1632_3LT001,2362.3713,52.927517,4862.5903,['1632_3LT001'],216,1,"['LQ139A1' 'LQ139B1' 'LQ139C1' 'LQ139A2' 'LQ139B2' 'LQ139C2' 'LQ139A3'
 'LQ139B3' 'LQ139C3']",216,9
1633_0LT001,2101.7966,50.473812,5299.7163,['1633_0LT001'],216,1,"['G3A9PA1' 'G3A9PB1' 'G3A9PC1' 'G3A9PA2' 'G3A9PB2' 'G3A9PC2' 'G3A9PA3'
 'G3A9PB3' 'G3A9PC3']",216,9
1633_1LT001,2092.129,48.610207,4887.8813,['1633_1LT001'],216,1,"['3VALPA1' '3VALPB1' '3VALPD1' '3VALPA2' '3VALPB2' '3VALPD2' '3VALPA3'
 '3VALPB3' '3VALPD3']",216,9
1634_0LT001,2240.1213,51.019703,5227.399,['1634_0LT001'],216,1,"['OLG9PA1' 'OLG9PB1' 'OLG9PD1' 'OLG9PA2' 'OLG9PB2' 'OLG9PD2' 'OLG9PA3'
 'OLG9PB3' 'OLG9PD3']",216,9
1634_1LT001,2174.7598,50.49794,5211.333,['1634_1LT001'],216,1,"['13VPGA1' '13VPGB1' '13VPGD1' '13VPGA2' '13VPGB2' '13VPGD2' '13VPGA3'
 '13VPGB3' '13VPGD3']",216,9
1635_0LT001,2159.2134,49.43261,5370.1255,['1635_0LT001'],216,1,"['3G1QPA1' '3G1QPB1' '3G1QPD1' '3G1QPA2' '3G1QPB2' '3G1QPD2' '3G1QPA3'
 '3G1QPB3' '3G1QPD3']",216,9
1635_1LT001,2051.9915,47.359173,5167.9336,['1635_1LT001'],216,1,"['OVA1GA1' 'OVA1GB1' 'OVA1GD1' 'OVA1GA2' 'OVA1GB2' 'OVA1GD2' 'OVA1GA3'
 'OVA1GB3' 'OVA1GD3']",216,9
1635_2LT001,878.64935,45.068714,2278.5037,['1635_2LT001'],96,1,['P13G9B1' 'P13G9D1' 'P13G9B2' 'P13G9D2'],96,4
1635_3LT001,898.2643,44.83929,2018.6155,['1635_3LT001'],96,1,['9VL1OB1' '9VL1OD1' '9VL1OB2' '9VL1OD2'],96,4
1636_0LT001,500.72983,53.520706,1285.8572,['1636_0LT001'],48,1,['OVPGQB1' 'OVPGQB2'],48,2
1636_1LT001,2221.7375,47.204548,5172.9326,['1636_1LT001'],216,1,"['1PLV9A1' '1PLV9B1' '1PLV9D1' '1PLV9A2' '1PLV9B2' '1PLV9D2' '1PLV9A3'
 '1PLV9B3' '1PLV9D3']",216,9
1636_2LT001,2261.5273,51.968388,5308.7993,['1636_2LT001'],216,1,"['V1Q3PA1' 'V1Q3PB1' 'V1Q3PC1' 'V1Q3PA2' 'V1Q3PB2' 'V1Q3PC2' 'V1Q3PA3'
 'V1Q3PB3' 'V1Q3PC3']",216,9
1637_0LT001,1446.1744,42.56784,3745.459,['1637_0LT001'],144,1,['VQ3OAA1' 'VQ3OAB1' 'VQ3OAA2' 'VQ3OAB2' 'VQ3OAA3' 'VQ3OAB3'],144,6
1637_1LT001,2159.9238,49.688984,5144.901,['1637_1LT001'],216,1,"['GOPAVA1' 'GOPAVB1' 'GOPAVD1' 'GOPAVA2' 'GOPAVB2' 'GOPAVD2' 'GOPAVA3'
 'GOPAVB3' 'GOPAVD3']",216,9
1637_2LT001,2080.9348,51.713192,5665.0464,['1637_2LT001'],216,1,"['GPL3QA1' 'GPL3QB1' 'GPL3QD1' 'GPL3QA2' 'GPL3QB2' 'GPL3QD2' 'GPL3QA3'
 'GPL3QB3' 'GPL3QD3']",216,9
1637_3LT001,2216.2795,51.423363,5398.2227,['1637_3LT001'],216,1,"['O19PGA1' 'O19PGB1' 'O19PGD1' 'O19PGA2' 'O19PGB2' 'O19PGD2' 'O19PGA3'
 'O19PGB3' 'O19PGD3']",216,9
1638_0LT001,453.7714,50.98673,1209.3397,['1638_0LT001'],48,1,['Q1GO3B1' 'Q1GO3B2'],48,2
1638_1LT001,1031.9255,51.321514,2355.984,['1638_1LT001'],96,1,['1VQOLB1' '1VQOLD1' '1VQOLB2' '1VQOLD2'],96,4
1638_2LT001,970.56604,42.359955,2278.1577,['1638_2LT001'],96,1,['VG13AB1' 'VG13AD1' 'VG13AB2' 'VG13AD2'],96,4
1638_3LT001,2217.4492,52.22327,5514.6,['1638_3LT001'],216,1,"['1OQG3A1' '1OQG3B1' '1OQG3D1' '1OQG3A2' '1OQG3B2' '1OQG3D2' '1OQG3A3'
 '1OQG3B3' '1OQG3D3']",216,9
1639_0LT001,1967.462,51.250263,5507.2344,['1639_0LT001'],216,1,"['9G31AA1' '9G31AB1' '9G31AC1' '9G31AA2' '9G31AB2' '9G31AC2' '9G31AA3'
 '9G31AB3' '9G31AC3']",216,9
1639_1LT001,2346.192,49.070225,5416.8022,['1639_1LT001'],216,1,"['PLGO3A1' 'PLGO3B1' 'PLGO3C1' 'PLGO3A2' 'PLGO3B2' 'PLGO3C2' 'PLGO3A3'
 'PLGO3B3' 'PLGO3C3']",216,9
1639_2LT001,2166.5522,50.716805,5270.556,['1639_2LT001'],216,1,"['1Q9GLA1' '1Q9GLB1' '1Q9GLD1' '1Q9GLA2' '1Q9GLB2' '1Q9GLD2' '1Q9GLA3'
 '1Q9GLB3' '1Q9GLD3']",216,9
1639_3LT001,934.65283,49.971176,2536.9,['1639_3LT001'],96,1,['QPV9LB1' 'QPV9LD1' 'QPV9LB2' 'QPV9LD2'],96,4
1640_0LT001,2187.558,48.299927,5723.1094,['1640_0LT001'],216,1,"['OQV3PA1' 'OQV3PB1' 'OQV3PD1' 'OQV3PA2' 'OQV3PB2' 'OQV3PD2' 'OQV3PA3'
 'OQV3PB3' 'OQV3PD3']",216,9
1640_1LT001,2084.9531,50.43004,5482.4595,['1640_1LT001'],216,1,"['93VOPA1' '93VOPB1' '93VOPC1' '93VOPA2' '93VOPB2' '93VOPC2' '93VOPA3'
 '93VOPB3' '93VOPC3']",216,9
1640_2LT001,2036.8772,48.33746,5481.273,['1640_2LT001'],216,1,"['P3LO1A1' 'P3LO1B1' 'P3LO1D1' 'P3LO1A2' 'P3LO1B2' 'P3LO1D2' 'P3LO1A3'
 'P3LO1B3' 'P3LO1D3']",216,9
1641_0LT001,568.8146,56.314564,1048.2151,['1641_0LT001'],48,1,['OLGV3B1' 'OLGV3B2'],48,2
1641_1LT001,972.4313,48.033016,2615.1604,['1641_1LT001'],96,1,['9LGA1B1' '9LGA1D1' '9LGA1B2' '9LGA1D2'],96,4
1641_2LT001,2073.7444,51.929108,5553.3306,['1641_2LT001'],216,1,"['V9AQLA1' 'V9AQLB1' 'V9AQLD1' 'V9AQLA2' 'V9AQLB2' 'V9AQLD2' 'V9AQLA3'
 'V9AQLB3' 'V9AQLD3']",216,9
1641_3LT001,2121.3875,45.61601,5484.555,['1641_3LT001'],216,1,"['QOG39A1' 'QOG39B1' 'QOG39D1' 'QOG39A2' 'QOG39B2' 'QOG39D2' 'QOG39A3'
 'QOG39B3' 'QOG39D3']",216,9
